Q8R4S0,#,SEQ,SS,ASA,Phi,Psi,Theta(i-1=>i+1),Tau(i-2=>i+2),HSE_alpha_up,HSE_alpha_down,P(C),P(H),P(E),flexibility,side_-1,side_1,side_2,side_3,side_4,side_5,nAli,nPos,nS/nT,Proline,phi_psi,positivity
0,1,M,C,144.9,-97.4,136.2,117.9,166.6,4.4,5.3,0.994,0.002,0.005,0.501,None,small,very_small,very_small,small,gly,0,0,2,0,alpha,0
1,2,S,C,99.5,-97.6,134.9,116.8,-150.8,2.0,6.1,0.926,0.003,0.071,0.49,normal,very_small,very_small,small,gly,gly,0,0,2,0,alpha,0
2,3,V,C,115.3,-98.6,131.3,116.1,-155.9,3.6,7.8,0.723,0.013,0.264,0.518,small,very_small,small,gly,gly,gly,0,0,2,0,alpha,0
3,4,V,C,117.0,-94.2,132.4,115.9,-145.1,3.6,6.3,0.796,0.007,0.196,0.546,very_small,small,gly,gly,gly,normal,1,0,2,0,alpha,0
4,5,T,C,99.7,-102.2,128.0,114.1,-164.7,3.4,9.4,0.822,0.014,0.164,0.547,very_small,gly,gly,gly,normal,very_small,2,0,2,0,alpha,0
5,6,G,C,51.7,-39.0,133.8,110.1,-86.7,4.7,11.7,0.918,0.007,0.076,0.523,small,gly,gly,normal,very_small,very_small,2,0,2,0,other,0
6,7,G,C,55.9,-85.6,156.6,111.1,-13.6,3.4,10.4,0.934,0.01,0.056,0.515,gly,gly,normal,very_small,very_small,gly,1,0,2,0,alpha,0
7,8,G,C,58.4,-79.7,142.8,110.1,-65.8,3.1,10.3,0.924,0.023,0.054,0.533,gly,normal,very_small,very_small,gly,gly,0,0,2,0,alpha,0
8,9,E,C,139.1,-88.4,123.0,110.8,-114.7,3.4,8.6,0.889,0.056,0.055,0.553,gly,very_small,very_small,gly,gly,gly,0,0,2,0,alpha,0
9,10,A,C,90.8,-82.0,132.4,109.9,-121.9,2.7,7.7,0.902,0.057,0.041,0.564,normal,very_small,gly,gly,gly,gly,0,0,2,0,alpha,0
10,11,A,C,91.1,-82.7,119.3,108.0,-105.5,3.0,7.8,0.923,0.05,0.027,0.546,very_small,gly,gly,gly,gly,gly,1,0,2,0,alpha,0
11,12,G,C,59.1,-85.0,100.1,108.1,-51.1,3.1,8.2,0.929,0.046,0.025,0.509,very_small,gly,gly,gly,gly,gly,2,0,2,0,alpha,0
12,13,G,C,60.9,-5.9,48.5,107.2,-8.6,2.2,9.5,0.922,0.044,0.034,0.481,gly,gly,gly,gly,gly,gly,2,0,1,0,other,0
13,14,G,C,61.7,-90.7,129.7,110.7,-53.1,2.2,7.7,0.924,0.04,0.037,0.471,gly,gly,gly,gly,gly,very_small,1,0,1,0,alpha,0
14,15,G,C,61.2,-85.1,146.9,110.5,-24.2,2.3,7.9,0.936,0.033,0.031,0.479,gly,gly,gly,gly,very_small,long,0,0,2,0,alpha,0
15,16,G,C,59.5,-87.9,144.5,111.1,-59.2,2.8,8.8,0.938,0.03,0.032,0.509,gly,gly,gly,very_small,long,very_small,0,0,1,0,alpha,0
16,17,G,C,59.5,-87.2,141.5,111.5,-85.4,2.9,8.8,0.938,0.035,0.027,0.553,gly,gly,very_small,long,very_small,cycle,0,0,1,0,alpha,0
17,18,G,C,50.8,152.1,178.0,119.4,0.0,3.3,10.7,0.934,0.034,0.032,0.608,gly,very_small,long,very_small,cycle,cycle,0,0,1,0,other,0
18,19,A,C,84.7,-80.0,141.0,112.6,-79.7,3.5,10.8,0.904,0.051,0.045,0.676,gly,long,very_small,cycle,cycle,normal,0,0,1,0,alpha,0
19,20,R,C,153.3,-90.4,130.0,113.0,-136.5,5.2,9.0,0.898,0.033,0.069,0.739,very_small,very_small,cycle,cycle,normal,small,1,0,2,0,alpha,0
20,21,V,C,105.2,-93.9,130.6,114.7,-145.2,4.4,9.3,0.831,0.035,0.134,0.784,long,cycle,cycle,normal,small,pro,1,0,2,0,alpha,0
21,22,F,C,132.5,-98.0,121.4,112.7,-162.0,5.7,9.5,0.821,0.023,0.156,0.799,very_small,cycle,normal,small,pro,long,2,0,2,0,alpha,0
22,23,F,C,146.0,-93.8,118.2,111.5,-164.8,4.3,8.6,0.837,0.02,0.143,0.79,cycle,normal,small,pro,long,gly,1,0,3,0,alpha,0
23,24,Q,C,127.8,-94.9,128.7,113.9,-163.0,3.8,9.0,0.919,0.004,0.077,0.748,cycle,small,pro,long,gly,gly,1,0,3,0,alpha,0
24,25,S,C,68.5,-88.7,144.8,118.4,-126.0,5.9,10.2,0.972,0.001,0.027,0.701,normal,pro,long,gly,gly,small,0,1,3,1,alpha,0
25,26,P,C,90.9,-67.7,149.6,111.6,-98.9,5.1,11.1,0.967,0.023,0.01,0.642,small,long,gly,gly,small,gly,0,1,4,0,alpha,0
26,27,R,C,159.7,-78.0,137.0,110.4,-103.2,4.3,11.1,0.929,0.046,0.025,0.589,pro,gly,gly,small,gly,gly,1,1,5,0,alpha,0
27,28,G,C,55.3,0.1,116.4,108.0,-10.4,3.4,11.3,0.934,0.028,0.039,0.54,long,gly,small,gly,gly,small,1,0,6,0,other,0
28,29,G,C,54.3,-58.5,165.7,109.5,-41.2,3.4,10.5,0.927,0.02,0.053,0.497,gly,small,gly,gly,small,pro,1,0,7,0,alpha,0
29,30,T,C,106.6,-85.2,102.5,107.6,-78.2,2.9,8.7,0.931,0.016,0.053,0.478,gly,gly,gly,small,pro,gly,0,0,8,0,alpha,0
30,31,G,C,53.7,-26.5,151.4,109.5,-47.3,3.9,11.1,0.959,0.009,0.031,0.467,small,gly,small,pro,gly,small,0,0,8,0,other,0
31,32,G,C,55.8,-88.0,142.4,111.9,-87.3,3.4,10.5,0.959,0.007,0.035,0.459,gly,small,pro,gly,small,small,0,1,9,0,alpha,0
32,33,S,C,73.3,-89.2,148.8,116.7,-105.6,4.9,9.7,0.958,0.004,0.038,0.461,gly,pro,gly,small,small,small,0,1,10,1,alpha,0
33,34,P,C,94.8,-70.4,108.2,103.7,-93.4,5.5,12.2,0.946,0.03,0.024,0.462,small,gly,small,small,small,small,0,1,10,0,alpha,0
34,35,G,C,52.8,61.2,-6.7,102.1,24.4,3.2,12.9,0.954,0.018,0.028,0.469,pro,small,small,small,small,small,1,0,10,0,other,0
35,36,S,C,73.9,-76.0,-22.2,101.2,81.0,4.1,10.7,0.94,0.024,0.036,0.475,gly,small,small,small,small,gly,1,0,9,0,beta,1
36,37,S,C,85.9,-76.6,-16.7,99.0,60.9,2.4,9.8,0.95,0.026,0.024,0.476,small,small,small,small,gly,small,1,0,10,0,beta,0
37,38,S,C,83.7,-81.8,-5.2,100.6,59.9,2.5,10.1,0.957,0.022,0.021,0.464,small,small,small,gly,small,small,0,0,10,0,beta,0
38,39,S,C,78.4,-80.8,-0.5,101.9,81.3,4.1,9.2,0.953,0.03,0.018,0.456,small,small,gly,small,small,long,0,0,10,0,beta,0
39,40,S,C,84.3,-79.6,-2.0,101.8,71.9,2.9,10.0,0.942,0.041,0.017,0.445,small,gly,small,small,long,normal,0,0,10,0,beta,0
40,41,G,C,53.7,29.2,-7.0,102.9,23.0,3.2,11.8,0.927,0.045,0.028,0.446,small,small,small,long,normal,normal,0,0,10,0,other,0
41,42,S,C,79.2,-78.9,-13.8,100.7,75.8,3.1,9.8,0.913,0.052,0.035,0.454,gly,small,long,normal,normal,small,0,0,11,0,beta,0
42,43,S,C,79.4,-77.6,-17.4,99.7,68.0,2.9,9.4,0.89,0.067,0.043,0.476,small,long,normal,normal,small,very_small,0,0,11,0,beta,0
43,44,R,C,142.4,-75.5,-21.7,99.8,69.8,4.3,9.2,0.872,0.092,0.036,0.515,small,normal,normal,small,very_small,pro,0,0,10,0,beta,0
44,45,E,C,123.7,-73.5,-25.4,98.4,68.5,3.6,10.9,0.825,0.142,0.033,0.552,long,normal,small,very_small,pro,very_small,0,0,10,0,beta,0
45,46,D,C,93.7,-82.0,-4.5,101.6,65.8,4.9,11.1,0.864,0.107,0.028,0.592,normal,small,very_small,pro,very_small,small,0,0,10,0,beta,0
46,47,S,C,77.9,-79.9,-8.3,100.7,79.4,3.7,11.7,0.898,0.072,0.03,0.59,normal,very_small,pro,very_small,small,small,0,0,9,0,beta,0
47,48,A,C,61.1,-88.6,140.5,116.0,122.1,5.9,10.7,0.947,0.032,0.021,0.609,small,pro,very_small,small,small,very_small,0,0,8,1,alpha,0
48,49,P,C,82.1,-67.5,145.8,111.1,-100.8,6.2,11.8,0.938,0.055,0.008,0.625,very_small,very_small,small,small,very_small,very_small,1,1,7,0,alpha,0
49,50,V,C,94.5,-85.0,122.1,109.7,-130.9,6.5,11.1,0.799,0.138,0.063,0.688,pro,small,small,very_small,very_small,very_small,2,1,6,0,alpha,0
50,51,T,C,95.2,-79.8,94.3,106.8,-130.4,4.1,11.0,0.769,0.177,0.054,0.72,very_small,small,very_small,very_small,very_small,very_small,3,1,5,0,other,0
51,52,T,C,91.4,-78.7,-9.7,103.2,-144.7,4.3,12.0,0.75,0.195,0.055,0.737,small,very_small,very_small,very_small,very_small,gly,2,0,5,0,beta,0
52,53,V,C,89.1,-74.6,-23.8,99.7,81.8,6.8,9.7,0.721,0.227,0.053,0.748,small,very_small,very_small,very_small,gly,normal,1,0,4,0,beta,0
53,54,A,C,72.8,-73.9,-24.9,100.1,66.6,3.9,11.8,0.753,0.203,0.044,0.734,very_small,very_small,very_small,gly,normal,very_small,1,0,3,0,beta,0
54,55,A,C,63.2,-79.9,114.6,107.9,138.0,6.5,11.4,0.811,0.16,0.029,0.723,very_small,very_small,gly,normal,very_small,normal,2,0,3,0,alpha,0
55,56,A,C,76.4,-72.0,68.7,103.8,-90.6,4.8,12.9,0.842,0.143,0.015,0.701,very_small,gly,normal,very_small,normal,normal,3,0,3,0,other,0
56,57,G,C,54.4,75.4,-14.2,103.3,16.1,2.7,13.1,0.811,0.168,0.021,0.689,very_small,normal,very_small,normal,normal,normal,3,0,3,0,other,0
57,58,Q,C,105.3,-84.6,57.4,107.4,89.1,4.9,12.0,0.731,0.233,0.036,0.691,gly,very_small,normal,normal,normal,normal,2,0,2,0,other,0
58,59,V,C,84.0,-89.1,119.1,111.4,158.5,7.0,10.8,0.671,0.295,0.035,0.704,normal,normal,normal,normal,normal,long,1,0,2,0,alpha,0
59,60,Q,C,107.3,-79.0,56.0,106.3,-148.0,5.8,13.2,0.583,0.402,0.015,0.718,very_small,normal,normal,normal,long,long,1,0,2,0,other,0
60,61,Q,C,117.5,-80.7,6.5,104.4,-135.4,4.7,12.5,0.542,0.452,0.007,0.712,normal,normal,normal,long,long,cycle,1,0,2,0,beta,0
61,62,Q,C,115.4,-89.9,92.8,109.0,142.2,4.7,11.0,0.497,0.487,0.016,0.699,normal,normal,long,long,cycle,normal,1,0,2,0,other,0
62,63,Q,C,107.2,-84.7,127.1,109.8,-143.2,5.4,12.5,0.527,0.451,0.022,0.693,normal,long,long,cycle,normal,normal,0,0,1,0,alpha,0
63,64,R,C,123.9,-74.9,-20.6,102.2,-133.8,8.3,13.1,0.502,0.451,0.048,0.702,normal,long,cycle,normal,normal,gly,0,0,1,0,beta,0
64,65,R,C,123.9,-79.9,0.3,104.2,76.0,7.4,14.6,0.48,0.448,0.072,0.715,long,cycle,normal,normal,gly,long,0,0,1,0,beta,0
65,66,H,C,110.1,-92.5,62.1,108.4,91.3,6.7,15.0,0.524,0.385,0.091,0.728,long,normal,normal,gly,long,very_small,0,0,1,0,other,0
66,67,Q,C,83.9,-93.6,130.4,114.8,162.1,9.8,12.6,0.673,0.222,0.105,0.714,cycle,normal,gly,long,very_small,small,0,0,1,0,alpha,0
67,68,Q,C,104.0,-93.3,104.8,110.0,-151.3,7.2,17.0,0.775,0.081,0.144,0.703,normal,gly,long,very_small,small,very_small,0,0,1,0,alpha,0
68,69,G,C,27.9,169.3,174.1,125.0,-141.2,11.5,17.0,0.763,0.033,0.204,0.698,normal,long,very_small,small,very_small,long,0,1,1,0,other,0
69,70,K,E,91.5,-117.0,140.7,124.5,-148.3,9.6,20.3,0.454,0.019,0.527,0.73,gly,very_small,small,very_small,long,cycle,0,2,1,0,alpha,0
70,71,V,E,35.4,-96.7,131.9,117.7,-136.1,17.5,16.9,0.362,0.009,0.63,0.767,long,small,very_small,long,cycle,normal,0,3,1,0,alpha,0
71,72,T,E,44.1,-104.4,104.1,113.0,-166.2,13.1,18.5,0.377,0.014,0.609,0.801,very_small,very_small,long,cycle,normal,long,1,2,1,0,alpha,0
72,73,V,E,36.4,-120.5,139.9,126.2,-165.3,16.4,17.5,0.366,0.007,0.627,0.842,small,long,cycle,normal,long,long,1,1,1,0,alpha,0
73,74,K,E,93.9,-102.4,131.3,117.8,-144.1,10.0,19.2,0.488,0.019,0.492,0.868,very_small,cycle,normal,long,long,normal,2,0,1,0,alpha,0
74,75,Y,C,56.2,-109.9,142.5,122.1,-160.6,16.7,14.4,0.852,0.007,0.14,0.885,long,normal,long,long,normal,small,1,1,1,0,alpha,0
75,76,D,C,72.8,-85.7,113.0,109.1,-113.2,7.3,18.6,0.977,0.009,0.014,0.884,cycle,long,long,normal,small,long,1,1,1,0,alpha,0
76,77,R,H,128.4,-63.2,-30.8,93.9,-140.6,10.2,12.6,0.085,0.915,0.0,0.867,normal,long,normal,small,long,long,0,1,1,0,beta,0
77,78,K,H,144.1,-66.4,-34.7,93.1,56.3,1.5,17.1,0.047,0.952,0.0,0.854,long,normal,small,long,long,long,0,0,1,0,beta,0
78,79,E,H,80.6,-69.4,-35.7,94.4,50.8,7.1,16.9,0.015,0.985,0.0,0.83,long,small,long,long,long,small,0,1,1,0,beta,0
79,80,L,H,46.2,-64.6,-40.1,93.4,53.7,14.2,15.0,0.004,0.996,0.0,0.836,normal,long,long,long,small,very_small,0,1,1,0,beta,0
80,81,R,H,132.3,-65.0,-38.8,92.8,52.5,3.5,19.5,0.005,0.995,0.0,0.848,small,long,long,small,very_small,small,1,1,1,0,beta,0
81,82,K,H,102.6,-66.6,-38.8,92.8,50.2,4.3,19.6,0.009,0.991,0.0,0.855,long,long,small,very_small,small,normal,1,1,1,0,beta,0
82,83,R,H,46.1,-65.9,-40.8,93.9,51.5,15.2,16.7,0.022,0.978,0.0,0.866,long,small,very_small,small,normal,normal,1,2,0,0,beta,0
83,84,L,H,53.5,-65.0,-39.1,93.5,52.2,11.5,18.6,0.034,0.966,0.0,0.877,long,very_small,small,normal,normal,cycle,0,2,0,0,beta,0
84,85,V,H,81.6,-66.2,-39.0,92.7,50.8,3.6,22.1,0.033,0.967,0.0,0.888,small,small,normal,normal,cycle,small,1,1,0,0,beta,0
85,86,L,H,28.1,-65.9,-41.7,93.7,50.7,15.2,18.2,0.008,0.992,0.0,0.904,very_small,normal,normal,cycle,small,very_small,2,1,0,0,beta,0
86,87,E,H,37.4,-64.1,-40.9,93.6,51.8,17.5,18.2,0.005,0.995,0.0,0.929,small,normal,cycle,small,very_small,normal,3,2,0,0,beta,0
87,88,E,H,101.6,-65.1,-39.0,92.8,51.0,4.8,22.6,0.007,0.993,0.0,0.941,normal,cycle,small,very_small,normal,normal,2,3,0,0,beta,0
88,89,W,H,86.4,-66.0,-40.6,92.7,50.3,6.9,22.0,0.003,0.997,0.0,0.946,normal,small,very_small,normal,normal,small,1,2,0,0,beta,0
89,90,I,H,12.1,-65.2,-43.1,93.8,50.1,20.9,17.8,0.001,0.999,0.0,0.955,cycle,very_small,normal,normal,small,gly,0,1,0,0,beta,0
90,91,V,H,34.0,-63.5,-41.2,93.2,51.4,15.5,19.4,0.002,0.998,0.0,0.96,small,normal,normal,small,gly,normal,1,0,0,0,beta,0
91,92,E,H,102.5,-65.2,-39.8,92.3,50.0,3.2,23.3,0.006,0.994,0.0,0.938,very_small,normal,small,gly,normal,small,2,0,0,0,beta,0
92,93,Q,H,48.8,-68.0,-38.9,93.5,49.3,10.5,19.4,0.018,0.982,0.0,0.91,normal,small,gly,normal,small,cycle,2,0,0,0,beta,0
93,94,L,H,13.2,-66.3,-40.9,94.0,50.1,21.9,15.2,0.009,0.991,0.0,0.871,normal,gly,normal,small,cycle,gly,1,0,0,0,beta,0
94,95,G,H,34.9,-64.8,-37.7,93.1,52.9,9.2,18.1,0.025,0.975,0.0,0.837,small,normal,small,cycle,gly,small,1,0,0,0,beta,0
95,96,Q,H,119.4,-69.5,-33.4,92.4,50.9,2.1,18.9,0.038,0.962,0.0,0.818,gly,small,cycle,gly,small,normal,1,0,0,0,beta,0
96,97,L,H,55.4,-82.6,-28.8,97.2,43.7,11.6,14.6,0.14,0.86,0.0,0.804,normal,cycle,gly,small,normal,normal,1,0,0,0,beta,0
97,98,Y,H,48.7,-104.8,1.5,103.2,35.0,16.5,10.4,0.491,0.507,0.002,0.799,small,gly,small,normal,normal,normal,1,0,0,0,beta,0
98,99,G,C,57.4,65.8,29.8,95.5,-116.3,2.1,19.8,0.981,0.016,0.004,0.786,cycle,small,normal,normal,normal,normal,1,0,0,0,other,0
99,100,C,C,33.9,-100.7,145.9,121.8,149.5,16.3,8.3,0.98,0.009,0.011,0.798,gly,normal,normal,normal,normal,normal,1,0,0,0,alpha,0
100,101,E,C,123.8,-85.2,94.0,107.2,-131.7,4.3,16.3,0.924,0.066,0.011,0.785,small,normal,normal,normal,normal,pro,0,0,0,0,other,0
101,102,E,C,102.4,-71.3,-20.6,98.8,-140.8,10.4,11.3,0.666,0.331,0.004,0.773,normal,normal,normal,normal,pro,normal,0,0,0,0,beta,0
102,103,E,C,142.9,-72.3,-22.6,96.0,62.8,2.1,14.4,0.65,0.347,0.003,0.767,normal,normal,normal,pro,normal,very_small,0,0,0,0,beta,0
103,104,E,C,124.1,-86.2,-2.7,101.5,56.8,3.5,13.8,0.655,0.339,0.007,0.761,normal,normal,pro,normal,very_small,normal,0,0,0,0,beta,0
104,105,M,C,76.9,-96.3,120.9,114.3,93.6,11.5,10.0,0.949,0.038,0.013,0.775,normal,pro,normal,very_small,normal,small,0,0,0,1,alpha,0
105,106,P,C,71.5,-72.6,146.5,108.6,-123.3,8.2,14.2,0.937,0.052,0.011,0.791,normal,normal,very_small,normal,small,normal,0,0,0,0,alpha,0
106,107,D,C,110.4,-81.0,107.7,107.4,-99.1,3.4,16.2,0.945,0.041,0.014,0.824,pro,very_small,normal,small,normal,small,1,0,0,0,alpha,0
107,108,V,C,46.3,-99.3,130.5,117.6,-167.8,16.1,10.1,0.918,0.049,0.033,0.846,normal,normal,small,normal,small,normal,1,0,0,0,alpha,0
108,109,E,C,116.0,-100.2,125.8,115.6,-152.1,4.4,20.0,0.89,0.044,0.066,0.862,very_small,small,normal,small,normal,normal,2,0,0,0,alpha,0
109,110,I,C,35.2,-102.6,132.1,119.5,-154.2,19.2,10.5,0.904,0.011,0.085,0.871,normal,normal,small,normal,normal,small,1,0,1,0,alpha,0
110,111,D,C,65.1,-95.8,104.6,108.2,-144.1,5.7,21.2,0.983,0.009,0.008,0.893,small,small,normal,normal,small,small,2,0,1,0,alpha,0
111,112,I,H,32.4,-63.4,-34.0,91.5,-165.3,21.1,11.2,0.042,0.958,0.0,0.902,normal,normal,normal,small,small,normal,1,0,1,0,beta,0
112,113,D,H,95.5,-65.1,-35.7,92.3,58.2,3.3,18.5,0.024,0.976,0.0,0.895,small,normal,small,small,normal,very_small,2,0,1,0,beta,0
113,114,D,H,74.9,-67.6,-36.3,93.2,51.3,4.8,19.6,0.015,0.985,0.0,0.865,normal,small,small,normal,very_small,normal,1,0,1,0,beta,0
114,115,L,H,12.7,-65.7,-38.8,93.2,52.3,21.2,13.5,0.021,0.979,0.0,0.83,normal,small,normal,very_small,normal,small,1,0,1,0,beta,0
115,116,L,H,58.2,-67.9,-27.2,92.4,57.4,14.1,16.2,0.113,0.887,0.0,0.8,small,normal,very_small,normal,small,normal,1,0,2,0,beta,0
116,117,D,H,102.5,-88.9,-2.5,95.5,52.4,2.4,19.8,0.394,0.605,0.001,0.778,small,very_small,normal,small,normal,normal,2,0,2,0,beta,0
117,118,A,C,24.4,-81.5,144.3,118.9,113.8,17.6,7.6,0.983,0.012,0.005,0.75,normal,normal,small,normal,normal,normal,2,0,2,0,alpha,0
118,119,N,C,122.4,-74.5,-26.9,95.5,-145.0,2.3,17.3,0.999,0.001,0.0,0.735,very_small,small,normal,normal,normal,long,2,0,2,0,beta,0
119,120,S,C,53.5,-145.7,162.6,140.4,7.9,2.3,24.1,0.997,0.002,0.001,0.719,normal,normal,normal,normal,long,very_small,1,0,2,0,alpha,0
120,121,E,H,93.8,-60.7,-36.5,92.2,-105.4,13.5,13.1,0.022,0.978,0.0,0.728,small,normal,normal,long,very_small,small,1,0,2,0,beta,0
121,122,E,H,129.0,-63.4,-38.4,91.8,54.3,2.2,19.2,0.007,0.993,0.0,0.739,normal,normal,long,very_small,small,long,0,0,2,0,beta,0
122,123,E,H,99.6,-66.4,-38.5,92.5,49.9,3.9,19.4,0.004,0.996,0.0,0.745,normal,long,very_small,small,long,small,0,0,2,0,beta,0
123,124,R,H,29.1,-65.6,-40.7,93.5,50.9,18.5,14.9,0.002,0.998,0.0,0.734,normal,very_small,small,long,small,normal,0,0,2,0,beta,0
124,125,A,H,21.1,-62.7,-41.2,92.8,53.1,16.7,17.7,0.002,0.998,0.0,0.741,long,small,long,small,normal,normal,0,0,2,0,beta,0
125,126,S,H,63.8,-64.8,-39.5,92.3,51.0,3.6,22.8,0.003,0.997,0.0,0.734,very_small,long,small,normal,normal,very_small,1,0,2,0,beta,0
126,127,K,H,85.3,-67.3,-39.3,93.2,49.8,7.6,21.5,0.003,0.997,0.0,0.745,small,small,normal,normal,very_small,small,1,0,2,0,beta,0
127,128,L,H,5.7,-66.4,-42.0,94.2,49.9,24.5,17.7,0.002,0.998,0.0,0.772,long,normal,normal,very_small,small,very_small,1,0,2,0,beta,0
128,129,Q,H,53.6,-61.9,-41.9,92.6,53.0,15.4,21.2,0.001,0.999,0.0,0.789,small,normal,very_small,small,very_small,normal,1,1,3,0,beta,0
129,130,E,H,106.0,-64.8,-39.7,91.9,50.0,3.1,24.6,0.002,0.998,0.0,0.795,normal,very_small,small,very_small,normal,small,1,1,3,0,beta,0
130,131,A,H,21.9,-66.7,-41.1,93.4,49.4,12.7,20.0,0.006,0.994,0.0,0.796,normal,small,very_small,normal,small,cycle,1,1,2,0,beta,0
131,132,L,H,6.0,-67.5,-37.0,93.9,51.2,25.0,16.0,0.048,0.952,0.0,0.813,very_small,very_small,normal,small,cycle,long,1,1,2,0,beta,0
132,133,V,H,70.2,-71.6,-26.6,93.7,55.9,11.1,19.2,0.307,0.692,0.001,0.838,small,normal,small,cycle,long,pro,2,1,2,0,beta,0
133,134,D,C,102.1,-91.1,-3.5,96.3,47.6,2.4,21.3,0.557,0.442,0.001,0.851,very_small,small,cycle,long,pro,small,3,1,2,0,beta,0
134,135,C,C,16.3,-78.8,139.9,117.3,104.2,21.8,6.9,0.995,0.003,0.002,0.842,normal,cycle,long,pro,small,normal,2,0,2,0,alpha,0
135,136,Y,C,168.9,-81.6,-11.4,97.2,-148.4,3.2,19.3,0.999,0.0,0.001,0.817,small,long,pro,small,normal,normal,1,0,2,0,beta,0
136,137,K,C,101.0,-115.7,147.1,127.1,56.6,6.6,16.2,1.0,0.0,0.0,0.803,cycle,pro,small,normal,normal,cycle,0,0,1,1,alpha,0
137,138,P,C,69.7,-69.9,146.8,112.7,-97.4,7.6,20.5,0.997,0.003,0.001,0.797,long,small,normal,normal,cycle,small,0,0,2,0,alpha,0
138,139,T,H,34.0,-64.7,-30.4,93.7,-127.6,19.8,13.9,0.131,0.869,0.0,0.826,pro,normal,normal,cycle,small,long,1,0,2,0,beta,0
139,140,E,H,97.3,-63.1,-39.2,93.2,60.6,8.5,18.2,0.045,0.955,0.0,0.849,small,normal,cycle,small,long,normal,1,0,2,0,beta,0
140,141,E,H,110.5,-66.1,-38.3,92.6,50.6,2.7,21.5,0.021,0.979,0.0,0.863,normal,cycle,small,long,normal,small,1,0,2,0,beta,0
141,142,F,H,32.5,-65.5,-41.8,93.6,50.8,15.0,16.9,0.019,0.981,0.0,0.886,normal,small,long,normal,small,small,0,1,2,0,beta,0
142,143,I,H,21.2,-64.1,-41.1,93.5,51.4,20.3,17.1,0.011,0.989,0.0,0.906,cycle,long,normal,small,small,small,0,1,2,0,beta,0
143,144,R,H,122.2,-64.6,-39.8,92.8,51.7,5.3,22.3,0.006,0.994,0.0,0.917,small,normal,small,small,small,long,1,1,2,0,beta,0
144,145,E,H,86.4,-66.3,-39.5,92.7,49.6,5.1,22.0,0.004,0.996,0.0,0.906,long,small,small,small,long,small,1,0,2,0,beta,0
145,146,L,H,14.0,-66.0,-42.4,93.7,49.4,19.6,17.0,0.001,0.999,0.0,0.887,normal,small,small,long,small,long,1,0,2,0,beta,0
146,147,L,H,32.0,-63.9,-41.0,93.4,51.4,17.0,18.6,0.001,0.999,0.0,0.87,small,small,long,small,long,gly,1,0,3,0,beta,0
147,148,S,H,63.7,-66.0,-38.7,92.7,51.0,3.5,21.7,0.004,0.996,0.0,0.84,small,long,small,long,gly,normal,2,0,3,0,beta,0
148,149,R,H,100.8,-68.4,-37.0,92.9,49.7,6.9,18.9,0.008,0.992,0.0,0.809,small,small,long,gly,normal,long,2,1,3,0,beta,0
149,150,I,H,24.5,-68.4,-37.5,94.5,50.0,18.4,14.3,0.018,0.982,0.0,0.784,long,long,gly,normal,long,long,1,1,2,0,beta,0
150,151,R,H,121.6,-66.1,-35.2,93.4,52.9,7.1,17.6,0.107,0.893,0.0,0.75,small,gly,normal,long,long,small,1,1,2,0,beta,0
151,152,G,H,47.3,-75.0,-17.6,94.6,47.4,3.4,18.2,0.327,0.671,0.001,0.704,long,normal,long,long,small,small,1,0,2,0,beta,0
152,153,M,C,58.4,-75.8,-17.2,98.2,65.0,13.5,11.0,0.54,0.45,0.01,0.683,gly,long,long,small,small,pro,1,0,3,0,beta,0
153,154,R,C,132.4,-72.5,-23.1,97.6,66.9,6.2,13.4,0.598,0.349,0.052,0.659,normal,long,small,small,pro,pro,0,1,3,0,beta,0
154,155,K,C,127.6,-82.4,-3.1,100.5,60.0,4.4,13.4,0.677,0.254,0.069,0.64,long,small,small,pro,pro,normal,0,1,3,0,beta,0
155,156,L,C,83.0,-87.0,129.1,112.6,124.7,10.9,8.6,0.907,0.062,0.032,0.619,long,small,pro,pro,normal,long,0,2,3,0,alpha,0
156,157,S,C,71.1,-103.8,142.2,121.1,-141.1,4.4,14.5,0.973,0.001,0.026,0.589,small,pro,pro,normal,long,long,1,1,3,1,alpha,0
157,158,P,C,89.3,-72.1,143.5,112.7,-101.6,6.1,14.8,0.993,0.003,0.003,0.552,small,pro,normal,long,long,small,1,1,3,1,alpha,0
158,159,P,C,66.3,-67.8,147.7,110.7,-100.3,12.2,11.3,0.947,0.048,0.006,0.522,pro,normal,long,long,small,very_small,2,1,2,0,alpha,0
159,160,Q,C,118.5,-85.2,129.5,111.0,-119.3,5.9,11.4,0.895,0.073,0.033,0.514,pro,long,long,small,very_small,None,2,2,2,0,alpha,0
160,161,K,C,142.6,-87.0,113.4,109.1,-121.0,4.6,10.0,0.856,0.087,0.057,0.479,normal,long,small,very_small,None,None,2,2,2,0,alpha,0
161,162,K,C,141.3,-89.7,119.9,111.0,-136.9,4.7,10.4,0.935,0.034,0.031,0.427,long,small,very_small,None,None,None,1,1,2,0,alpha,0
162,163,S,C,81.4,-84.8,131.5,111.3,-108.9,5.3,11.2,0.979,0.005,0.016,0.39,long,very_small,None,None,None,None,0,0,2,0,alpha,0
163,164,V,C,109.9,-92.6,75.4,108.3,-159.9,6.1,9.4,0.995,0.002,0.003,0.38,small,None,None,None,None,None,0,0,2,0,other,0
