Q7Z739,#,SEQ,SS,ASA,Phi,Psi,Theta(i-1=>i+1),Tau(i-2=>i+2),HSE_alpha_up,HSE_alpha_down,P(C),P(H),P(E),flexibility,side_-1,side_1,side_2,side_3,side_4,side_5,nAli,nPos,nS/nT,Proline,phi_psi,positivity
0,1,M,C,149.3,-96.1,134.1,116.6,161.3,4.1,3.9,0.996,0.002,0.002,0.435,None,small,very_small,small,small,very_small,0,0,3,0,alpha,0
1,2,S,C,103.3,-95.3,137.0,116.1,-145.6,1.4,5.0,0.985,0.005,0.01,0.426,normal,very_small,small,small,very_small,normal,0,0,3,0,alpha,0
2,3,A,C,87.0,-88.8,132.9,112.8,-130.2,4.0,7.6,0.961,0.021,0.019,0.442,small,small,small,very_small,normal,normal,0,0,3,0,alpha,0
3,4,T,C,101.3,-93.5,130.0,113.8,-146.0,3.8,9.7,0.948,0.019,0.033,0.485,very_small,small,very_small,normal,normal,long,1,0,3,0,alpha,0
4,5,S,C,77.1,-95.2,130.5,114.5,-145.9,5.7,9.7,0.872,0.047,0.081,0.535,small,very_small,normal,normal,long,pro,1,0,3,0,alpha,0
5,6,V,C,98.3,-93.1,81.3,108.7,-165.7,6.1,10.4,0.808,0.136,0.056,0.564,small,normal,normal,long,pro,long,1,0,3,0,other,0
6,7,D,C,103.4,-90.1,83.3,108.0,135.8,4.1,11.8,0.785,0.176,0.039,0.583,very_small,normal,long,pro,long,gly,1,0,3,0,other,0
7,8,Q,C,116.7,-86.8,34.9,105.7,164.5,6.1,9.6,0.723,0.25,0.027,0.579,normal,long,pro,long,gly,normal,1,0,4,0,other,0
8,9,R,C,143.0,-96.5,119.7,113.0,115.8,4.8,12.7,0.762,0.207,0.03,0.568,normal,pro,long,gly,normal,gly,1,0,4,1,alpha,0
9,10,P,C,75.4,-73.8,124.0,107.3,-127.7,8.6,12.0,0.748,0.193,0.058,0.558,long,long,gly,normal,gly,normal,0,0,4,0,alpha,0
10,11,K,C,110.6,-76.8,-9.3,102.1,-166.7,8.8,13.0,0.751,0.171,0.078,0.548,pro,gly,normal,gly,normal,long,1,0,4,0,beta,0
11,12,G,C,42.9,-23.6,-2.1,107.2,21.4,7.6,13.6,0.862,0.086,0.052,0.535,long,normal,gly,normal,long,very_small,1,0,4,0,other,0
12,13,Q,C,118.9,-86.1,96.8,108.1,176.1,5.2,11.6,0.848,0.064,0.089,0.541,gly,gly,normal,long,very_small,small,1,0,4,0,other,0
13,14,G,C,49.6,78.7,-12.5,106.4,-38.5,4.6,13.5,0.899,0.045,0.056,0.551,normal,normal,long,very_small,small,very_small,0,1,4,0,other,0
14,15,N,C,105.1,-90.3,80.1,108.2,152.7,5.3,11.4,0.878,0.049,0.073,0.59,gly,long,very_small,small,very_small,normal,0,1,3,0,other,0
15,16,K,C,136.6,-83.4,12.1,104.0,-151.2,4.4,13.3,0.863,0.035,0.102,0.623,normal,very_small,small,very_small,normal,normal,0,2,2,0,beta,0
16,17,V,C,71.9,-95.3,124.3,114.0,119.1,10.3,10.7,0.873,0.031,0.097,0.647,long,small,very_small,normal,normal,gly,0,1,2,0,alpha,0
17,18,S,C,68.0,-99.6,132.3,115.9,-157.6,6.7,16.4,0.805,0.028,0.167,0.657,very_small,very_small,normal,normal,gly,small,1,1,2,0,alpha,0
18,19,V,C,55.2,-107.3,135.3,120.9,-159.5,13.6,13.4,0.749,0.038,0.213,0.657,small,normal,normal,gly,small,small,1,0,2,0,alpha,0
19,20,Q,C,101.0,-107.5,138.7,120.8,-156.5,6.5,18.6,0.771,0.025,0.204,0.638,very_small,normal,gly,small,small,cycle,2,0,2,0,alpha,0
20,21,N,C,49.7,-90.6,103.8,109.8,-139.8,16.4,14.6,0.861,0.022,0.117,0.62,normal,gly,small,small,cycle,normal,1,1,2,0,alpha,0
21,22,G,C,24.8,147.0,-174.0,123.4,-172.5,11.7,17.6,0.903,0.025,0.071,0.615,normal,small,small,cycle,normal,long,1,1,2,0,other,0
22,23,S,C,69.7,-75.0,32.5,104.1,-62.1,6.3,16.4,0.875,0.086,0.039,0.634,gly,small,cycle,normal,long,normal,0,1,2,0,other,0
23,24,I,C,89.7,-79.0,-9.4,102.1,169.3,10.5,13.5,0.769,0.183,0.048,0.667,small,cycle,normal,long,normal,very_small,0,0,2,0,beta,0
24,25,H,C,105.4,-85.6,17.1,104.2,69.1,7.8,14.2,0.736,0.21,0.054,0.696,small,normal,long,normal,very_small,very_small,1,0,2,0,beta,0
25,26,Q,C,108.5,-75.1,-11.9,99.4,69.3,6.4,12.5,0.729,0.208,0.063,0.717,cycle,long,normal,very_small,very_small,normal,1,0,2,0,beta,0
26,27,K,C,127.3,-86.2,17.1,104.8,75.2,4.7,12.3,0.71,0.213,0.076,0.724,normal,normal,very_small,very_small,normal,normal,1,0,2,0,beta,0
27,28,D,C,92.2,-84.8,56.1,106.0,80.2,6.2,12.7,0.765,0.184,0.051,0.716,long,very_small,very_small,normal,normal,normal,0,0,2,0,other,0
28,29,A,C,68.2,-88.2,96.7,108.9,152.5,6.6,12.5,0.784,0.141,0.075,0.692,normal,very_small,normal,normal,normal,normal,0,0,1,0,other,0
29,30,V,C,74.6,-94.8,133.3,115.0,-174.3,9.9,12.4,0.832,0.089,0.079,0.677,very_small,normal,normal,normal,normal,cycle,1,1,2,0,alpha,0
30,31,N,C,90.1,-95.4,124.0,113.1,-141.0,6.7,16.3,0.884,0.071,0.044,0.691,very_small,normal,normal,normal,cycle,normal,2,1,3,0,alpha,0
31,32,D,C,82.3,-73.3,-16.4,99.6,-145.9,9.6,12.3,0.858,0.124,0.018,0.727,normal,normal,normal,cycle,normal,pro,2,2,3,0,beta,0
32,33,D,C,108.0,-74.8,-18.8,97.4,65.4,2.7,14.2,0.801,0.184,0.014,0.742,normal,normal,cycle,normal,pro,cycle,1,1,4,0,beta,0
33,34,D,C,86.0,-78.8,-16.3,100.0,61.0,5.3,14.5,0.807,0.177,0.016,0.751,normal,cycle,normal,pro,cycle,small,0,1,3,0,beta,0
34,35,F,C,75.1,-84.7,17.4,105.1,72.3,13.8,11.1,0.822,0.128,0.05,0.755,normal,normal,pro,cycle,small,small,0,0,3,0,beta,0
35,36,E,C,84.0,-87.2,129.6,112.9,135.1,10.2,13.9,0.921,0.04,0.039,0.756,cycle,pro,cycle,small,small,small,0,0,4,1,alpha,0
36,37,P,C,76.2,-68.5,120.3,104.6,-110.2,7.9,16.0,0.842,0.13,0.028,0.751,normal,cycle,small,small,small,normal,0,0,4,0,alpha,0
37,38,Y,C,93.0,-74.7,-19.4,98.7,91.7,12.7,13.1,0.752,0.219,0.029,0.74,pro,small,small,small,normal,small,1,0,5,0,beta,0
38,39,L,C,81.3,-78.4,-11.1,98.8,62.2,10.3,12.2,0.737,0.233,0.029,0.731,cycle,small,small,normal,small,normal,1,0,5,0,beta,0
39,40,S,C,73.7,-81.9,-3.1,101.5,66.8,4.9,13.1,0.806,0.173,0.021,0.7,small,small,normal,small,normal,normal,2,0,5,0,beta,0
40,41,S,C,79.7,-82.9,2.5,101.4,62.5,3.9,11.9,0.872,0.111,0.017,0.683,small,normal,small,normal,normal,small,1,0,5,0,beta,0
41,42,Q,C,101.7,-88.8,79.5,107.9,93.7,7.7,8.6,0.906,0.065,0.028,0.67,small,small,normal,normal,small,normal,1,0,5,0,other,0
42,43,T,C,95.7,-90.1,94.5,108.8,156.3,4.3,11.1,0.931,0.045,0.024,0.648,normal,normal,normal,small,normal,small,0,0,6,0,other,0
43,44,N,C,107.6,-92.4,102.3,109.7,178.0,5.1,11.4,0.95,0.03,0.02,0.631,small,normal,small,normal,small,cycle,0,0,6,0,alpha,0
44,45,Q,C,113.7,-91.8,125.9,113.0,-170.5,6.8,9.4,0.95,0.021,0.029,0.607,normal,small,normal,small,cycle,pro,0,0,6,0,alpha,0
45,46,S,C,79.2,-100.0,129.0,114.9,-158.2,4.7,11.9,0.961,0.016,0.023,0.596,normal,normal,small,cycle,pro,pro,0,0,6,0,alpha,0
46,47,N,C,111.2,-85.7,31.5,105.1,-147.3,5.0,11.8,0.973,0.011,0.016,0.599,small,small,cycle,pro,pro,normal,0,0,6,0,other,0
47,48,S,C,83.6,-83.8,-5.9,101.6,152.7,3.3,11.8,0.986,0.002,0.013,0.606,normal,cycle,pro,pro,normal,small,0,0,6,0,beta,0
48,49,Y,C,128.1,-101.0,125.2,116.5,93.2,6.6,10.6,0.984,0.0,0.016,0.623,small,pro,pro,normal,small,normal,0,0,7,1,alpha,0
49,50,P,C,84.5,-78.4,144.1,115.2,-119.3,6.1,13.9,0.994,0.001,0.005,0.621,cycle,pro,normal,small,normal,pro,0,0,7,1,alpha,0
50,51,P,C,81.8,-69.4,146.0,111.9,-101.1,8.6,12.7,0.99,0.004,0.006,0.626,pro,normal,small,normal,pro,cycle,1,0,6,0,alpha,0
51,52,M,C,117.4,-87.5,114.8,109.3,-129.8,7.1,12.1,0.973,0.009,0.017,0.643,pro,small,normal,pro,cycle,normal,2,0,5,0,alpha,0
52,53,S,C,81.0,-88.4,41.6,106.2,-154.6,4.6,13.2,0.968,0.005,0.027,0.658,normal,normal,pro,cycle,normal,pro,2,0,5,0,other,0
53,54,D,C,67.5,-95.3,117.2,113.1,170.5,9.8,13.5,0.969,0.005,0.026,0.696,small,pro,cycle,normal,pro,small,1,0,5,1,alpha,0
54,55,P,C,69.5,-70.3,-18.9,97.1,-149.6,10.3,15.3,0.958,0.033,0.009,0.708,normal,cycle,normal,pro,small,cycle,0,0,5,0,beta,0
55,56,Y,C,91.6,-84.2,-5.3,100.0,59.7,12.7,15.1,0.916,0.045,0.039,0.72,pro,normal,pro,small,cycle,cycle,1,0,5,0,beta,0
56,57,M,C,84.0,-94.4,116.0,112.9,90.7,10.2,15.3,0.957,0.009,0.033,0.72,cycle,pro,small,cycle,cycle,very_small,1,0,4,1,alpha,0
57,58,P,C,80.1,-67.1,-20.9,98.8,-139.5,9.1,14.6,0.952,0.042,0.006,0.724,normal,small,cycle,cycle,very_small,pro,1,0,4,0,beta,0
58,59,S,C,72.6,-78.1,-8.2,99.1,58.6,5.3,16.5,0.907,0.081,0.012,0.741,pro,cycle,cycle,very_small,pro,small,1,0,3,0,beta,0
59,60,Y,C,80.5,-85.0,-8.7,100.3,84.6,13.4,14.0,0.819,0.156,0.025,0.755,small,cycle,very_small,pro,small,small,1,0,4,0,beta,0
60,61,Y,C,92.8,-99.3,124.2,115.6,107.6,12.9,14.8,0.883,0.073,0.044,0.76,cycle,very_small,pro,small,small,gly,1,0,4,0,alpha,0
61,62,A,C,42.9,-92.6,136.8,117.4,-142.6,12.9,16.5,0.965,0.003,0.033,0.762,cycle,pro,small,small,gly,cycle,0,0,4,1,alpha,0
62,63,P,C,51.3,-72.3,146.5,109.5,-108.3,14.4,15.2,0.963,0.025,0.013,0.739,very_small,small,small,gly,cycle,pro,1,0,4,0,alpha,0
63,64,S,C,66.6,-83.0,43.0,105.7,-124.5,8.4,18.1,0.94,0.039,0.02,0.713,pro,small,gly,cycle,pro,cycle,2,0,3,0,other,0
64,65,I,C,66.2,-91.4,24.1,105.8,159.3,14.6,16.4,0.901,0.05,0.049,0.707,small,gly,cycle,pro,cycle,small,2,0,3,0,other,0
65,66,G,C,28.9,126.3,171.9,117.4,-122.7,11.9,19.9,0.906,0.015,0.079,0.711,small,cycle,pro,cycle,small,small,2,0,3,0,other,0
66,67,F,C,44.1,-102.0,134.9,119.5,-122.0,18.8,17.3,0.912,0.006,0.082,0.743,gly,pro,cycle,small,small,gly,1,0,4,1,alpha,0
67,68,P,C,50.0,-74.8,16.6,103.4,-131.1,12.5,19.6,0.953,0.018,0.029,0.75,cycle,cycle,small,small,gly,normal,1,0,5,0,beta,0
68,69,Y,C,62.8,-90.5,81.3,109.0,128.8,15.5,16.8,0.933,0.035,0.032,0.756,pro,small,small,gly,normal,very_small,1,0,5,0,other,0
69,70,S,C,59.1,-85.9,52.0,106.5,-151.7,9.4,18.5,0.92,0.047,0.032,0.748,cycle,small,gly,normal,very_small,very_small,1,0,4,0,other,0
70,71,L,C,67.7,-84.5,8.4,103.0,167.1,13.7,15.2,0.9,0.072,0.027,0.745,small,gly,normal,very_small,very_small,cycle,1,0,4,0,beta,0
71,72,G,C,42.9,75.9,-23.3,106.3,-86.6,6.9,17.2,0.905,0.063,0.033,0.741,small,normal,very_small,very_small,cycle,small,1,0,4,0,other,0
72,73,E,C,93.0,-80.2,-5.0,102.6,61.3,10.7,16.6,0.878,0.089,0.033,0.747,gly,very_small,very_small,cycle,small,small,1,0,4,0,beta,0
73,74,A,C,49.8,-67.7,-34.6,97.0,75.7,12.7,15.6,0.85,0.092,0.057,0.747,normal,very_small,cycle,small,small,very_small,1,0,4,0,beta,0
74,75,A,C,66.3,-69.1,-31.1,95.8,59.1,5.5,18.6,0.788,0.095,0.117,0.759,very_small,cycle,small,small,very_small,gly,1,0,3,0,beta,0
75,76,W,C,78.5,-72.0,-31.6,95.5,53.8,13.2,17.0,0.723,0.082,0.196,0.766,very_small,small,small,very_small,gly,normal,2,0,3,0,beta,0
76,77,S,C,24.1,-76.7,-25.6,99.4,59.2,18.5,15.1,0.827,0.028,0.145,0.749,cycle,small,very_small,gly,normal,normal,2,0,3,0,beta,0
77,78,T,C,61.8,-84.4,-4.1,99.9,54.5,10.2,19.4,0.862,0.038,0.1,0.723,small,very_small,gly,normal,normal,pro,1,0,4,0,beta,0
78,79,A,C,50.4,-74.6,3.6,101.0,69.4,12.4,16.2,0.911,0.032,0.057,0.713,small,gly,normal,normal,pro,normal,0,0,5,0,beta,0
79,80,G,C,48.2,80.6,-0.4,100.2,15.0,5.1,17.8,0.931,0.023,0.046,0.732,very_small,normal,normal,pro,normal,pro,1,0,5,0,other,0
80,81,D,C,50.8,-87.6,129.2,113.5,114.8,14.6,14.5,0.898,0.031,0.07,0.739,gly,normal,pro,normal,pro,cycle,1,0,4,0,alpha,0
81,82,Q,C,97.3,-84.8,126.6,111.5,-130.5,8.3,19.2,0.907,0.038,0.055,0.745,normal,pro,normal,pro,cycle,small,1,0,4,1,alpha,0
82,83,P,C,42.3,-71.7,-5.5,102.1,34.8,13.0,19.2,0.929,0.041,0.029,0.749,normal,normal,pro,cycle,small,small,0,0,4,0,beta,0
83,84,M,C,17.4,-100.3,127.5,117.5,170.2,23.1,17.9,0.88,0.037,0.083,0.76,pro,pro,cycle,small,small,small,1,0,5,1,alpha,0
84,85,P,C,26.3,-77.5,136.0,111.0,-135.7,17.1,26.1,0.863,0.083,0.054,0.777,normal,cycle,small,small,small,cycle,1,0,5,0,alpha,0
85,86,Y,C,23.1,-93.6,125.6,113.1,-132.0,22.9,25.6,0.778,0.111,0.111,0.792,pro,small,small,small,cycle,gly,2,0,5,0,alpha,0
86,87,L,C,6.8,-92.0,118.4,111.8,-135.3,25.0,24.4,0.812,0.106,0.082,0.806,cycle,small,small,cycle,gly,normal,1,0,5,0,alpha,0
87,88,T,C,22.9,-106.9,139.1,118.8,-179.3,19.9,26.5,0.837,0.083,0.08,0.824,small,small,cycle,gly,normal,normal,2,0,4,0,alpha,0
88,89,T,C,28.9,-93.0,120.0,111.7,-135.8,19.1,24.8,0.825,0.12,0.055,0.816,small,cycle,gly,normal,normal,small,1,0,3,0,alpha,0
89,90,Y,C,41.5,-92.9,89.3,109.9,-169.7,20.3,22.8,0.752,0.177,0.071,0.776,small,gly,normal,normal,small,normal,1,0,3,0,other,0
90,91,G,C,19.2,59.1,-95.8,109.9,18.9,16.8,22.6,0.789,0.144,0.067,0.72,cycle,normal,normal,small,normal,gly,0,0,3,0,other,0
91,92,Q,C,69.1,-68.7,-31.0,96.1,54.3,12.3,21.7,0.715,0.181,0.104,0.677,gly,normal,small,normal,gly,normal,0,0,3,0,beta,0
92,93,M,C,36.1,-73.3,-27.8,97.3,60.8,19.9,19.3,0.682,0.188,0.129,0.648,normal,small,normal,gly,normal,cycle,0,0,3,0,beta,0
93,94,S,C,25.0,-82.6,-7.0,101.5,63.2,19.9,19.2,0.77,0.104,0.126,0.617,normal,normal,gly,normal,cycle,cycle,0,0,3,0,beta,0
94,95,N,C,73.0,-83.2,13.9,99.9,51.8,11.3,20.4,0.89,0.059,0.052,0.601,small,gly,normal,cycle,cycle,cycle,0,0,3,0,beta,0
95,96,G,C,36.5,82.8,1.7,100.9,-85.5,10.9,18.2,0.925,0.043,0.032,0.611,normal,normal,cycle,cycle,cycle,small,0,0,3,0,other,0
96,97,E,C,82.0,-93.7,98.7,110.7,104.7,11.6,19.5,0.894,0.062,0.044,0.654,gly,cycle,cycle,cycle,small,pro,0,0,4,0,other,0
97,98,H,C,43.9,-93.8,109.6,111.3,161.8,18.3,20.2,0.864,0.07,0.066,0.699,normal,cycle,cycle,small,pro,normal,0,0,4,0,alpha,0
98,99,H,C,37.4,-101.0,112.8,113.1,157.2,19.1,23.7,0.841,0.053,0.106,0.747,cycle,cycle,small,pro,normal,gly,0,0,3,0,alpha,0
99,100,Y,C,17.8,-105.3,130.3,116.8,-173.3,23.4,25.4,0.798,0.048,0.153,0.765,cycle,small,pro,normal,gly,very_small,0,0,2,0,alpha,0
100,101,I,C,20.9,-99.0,133.0,115.4,-156.4,22.0,26.6,0.873,0.056,0.072,0.78,cycle,pro,normal,gly,very_small,cycle,0,0,2,1,alpha,0
101,102,P,C,14.3,-71.1,-26.8,98.5,-64.7,23.1,25.8,0.728,0.237,0.035,0.771,small,normal,gly,very_small,cycle,small,1,0,2,0,beta,0
102,103,D,C,18.6,-80.7,-15.8,101.4,63.6,22.3,26.0,0.648,0.312,0.04,0.753,pro,gly,very_small,cycle,small,normal,2,1,2,0,beta,0
103,104,G,C,5.0,-79.2,-25.5,102.7,66.6,23.7,26.8,0.579,0.358,0.064,0.735,normal,very_small,cycle,small,normal,pro,2,2,2,0,beta,0
104,105,V,C,3.4,-87.0,-11.3,103.8,60.6,25.8,26.7,0.582,0.295,0.123,0.731,gly,cycle,small,normal,pro,gly,1,2,2,0,beta,0
105,106,F,C,4.8,-102.0,92.0,111.8,64.4,25.7,27.3,0.671,0.155,0.174,0.726,very_small,small,normal,pro,gly,very_small,1,1,2,0,other,0
106,107,S,C,8.2,-105.8,152.7,119.5,-175.6,23.5,26.8,0.835,0.027,0.138,0.714,cycle,normal,pro,gly,very_small,small,1,0,2,0,alpha,0
107,108,Q,C,18.9,-93.0,136.7,115.5,-113.3,22.7,26.6,0.889,0.018,0.093,0.712,small,pro,gly,very_small,small,gly,1,0,2,1,alpha,0
108,109,P,C,25.3,-73.3,124.1,107.0,-106.8,20.5,24.9,0.852,0.102,0.045,0.684,normal,gly,very_small,small,gly,normal,0,0,2,0,alpha,0
109,110,G,C,16.2,-24.5,-33.3,106.4,35.7,19.4,24.3,0.825,0.116,0.059,0.662,pro,very_small,small,gly,normal,small,1,0,2,0,other,0
110,111,A,C,25.3,-82.2,-1.7,102.6,66.5,18.9,24.7,0.811,0.13,0.059,0.66,gly,small,gly,normal,small,pro,1,0,2,0,beta,0
111,112,L,C,30.2,-82.6,21.6,103.5,53.3,21.0,23.3,0.839,0.111,0.05,0.648,very_small,gly,normal,small,pro,pro,2,0,2,0,other,0
112,113,G,C,18.0,91.5,-17.8,109.3,-7.0,16.3,22.7,0.889,0.038,0.073,0.651,small,normal,small,pro,pro,cycle,2,0,2,0,other,0
113,114,N,C,46.0,-95.7,46.7,107.9,85.9,16.3,24.2,0.92,0.017,0.063,0.673,gly,small,pro,pro,cycle,small,2,0,2,0,other,0
114,115,T,C,18.0,-101.6,129.8,117.7,157.1,22.0,21.8,0.92,0.009,0.072,0.706,normal,pro,pro,cycle,small,gly,1,0,2,1,alpha,0
115,116,P,C,21.6,-73.3,144.5,110.9,-120.9,20.7,24.7,0.911,0.068,0.022,0.728,small,pro,cycle,small,gly,normal,0,0,2,1,alpha,0
116,117,P,C,24.7,-73.2,1.8,102.7,-102.2,20.6,25.6,0.824,0.15,0.026,0.735,pro,cycle,small,gly,normal,cycle,1,0,2,0,beta,0
117,118,F,C,18.7,-88.1,8.8,105.3,71.1,23.1,24.8,0.761,0.193,0.046,0.744,pro,small,gly,normal,cycle,gly,2,0,1,0,beta,0
118,119,L,C,11.1,-92.1,13.0,104.0,46.6,23.8,23.5,0.79,0.17,0.04,0.737,cycle,gly,normal,cycle,gly,cycle,2,0,1,0,beta,0
119,120,G,C,12.8,96.4,47.3,112.4,-96.5,20.3,25.8,0.877,0.066,0.057,0.742,small,normal,cycle,gly,cycle,normal,2,0,1,0,other,0
120,121,Q,C,23.4,-96.0,130.4,114.7,173.8,22.0,24.7,0.868,0.058,0.074,0.752,gly,cycle,gly,cycle,normal,cycle,1,0,1,0,alpha,0
121,122,H,C,27.0,-87.9,93.3,109.0,-149.1,22.0,25.0,0.855,0.051,0.094,0.752,normal,gly,cycle,normal,cycle,cycle,1,0,1,0,other,0
122,123,G,C,12.7,-90.9,-10.6,108.9,-159.7,21.1,25.6,0.866,0.03,0.104,0.768,cycle,cycle,normal,cycle,cycle,pro,0,0,1,0,beta,0
123,124,F,C,16.6,-98.7,104.2,112.1,69.1,23.4,26.3,0.822,0.035,0.143,0.776,gly,normal,cycle,cycle,pro,gly,0,0,2,0,alpha,0
124,125,N,C,9.1,-97.0,74.2,109.7,155.5,24.0,26.8,0.862,0.025,0.113,0.785,cycle,cycle,cycle,pro,gly,normal,0,0,3,0,other,0
125,126,F,C,8.2,-109.1,129.2,117.1,162.3,24.8,27.1,0.837,0.026,0.137,0.786,normal,cycle,pro,gly,normal,very_small,0,0,2,0,alpha,0
126,127,F,C,3.6,-104.3,129.6,118.8,-144.4,26.1,27.6,0.893,0.01,0.097,0.771,cycle,pro,gly,normal,very_small,normal,0,1,2,1,alpha,0
127,128,P,C,13.1,-77.6,128.5,109.6,-122.5,22.8,26.1,0.901,0.047,0.053,0.741,cycle,gly,normal,very_small,normal,cycle,0,1,3,0,alpha,0
128,129,G,C,16.7,124.8,-176.3,117.8,20.3,18.2,24.4,0.885,0.049,0.067,0.714,pro,normal,very_small,normal,cycle,small,1,1,4,0,other,0
129,130,N,C,40.1,-88.1,81.2,108.9,-94.8,18.0,24.4,0.9,0.053,0.047,0.72,gly,very_small,normal,cycle,small,small,1,0,4,0,other,0
130,131,A,C,27.2,-85.8,20.3,106.7,172.2,16.8,21.3,0.85,0.063,0.087,0.744,normal,normal,cycle,small,small,cycle,1,0,5,0,other,0
131,132,D,C,33.0,-94.0,88.7,109.7,132.2,17.3,24.3,0.853,0.057,0.091,0.767,very_small,cycle,small,small,cycle,gly,1,0,5,0,other,0
132,133,F,C,23.7,-84.2,8.2,105.1,-164.7,23.1,22.1,0.768,0.071,0.161,0.762,normal,small,small,cycle,gly,small,1,0,5,0,beta,0
133,134,S,C,35.3,-79.2,-22.5,101.3,86.0,15.7,24.7,0.766,0.069,0.165,0.756,cycle,small,cycle,gly,small,small,1,0,5,0,beta,0
134,135,T,C,27.5,-84.6,-13.7,102.7,57.5,18.8,24.5,0.777,0.131,0.093,0.745,small,cycle,gly,small,small,gly,0,0,6,0,beta,0
135,136,W,C,31.3,-91.7,46.9,107.8,69.2,22.5,20.3,0.764,0.136,0.099,0.729,small,gly,small,small,gly,small,0,0,7,0,other,0
136,137,G,C,17.4,123.6,-167.5,117.9,44.0,16.9,22.1,0.879,0.049,0.072,0.713,cycle,small,small,gly,small,normal,0,0,7,0,other,0
137,138,T,C,43.3,-96.3,110.8,111.6,-177.2,12.8,21.2,0.88,0.031,0.089,0.692,gly,small,gly,small,normal,gly,0,0,8,0,alpha,0
138,139,S,C,48.1,-72.5,-16.7,98.6,-139.8,14.7,16.4,0.888,0.051,0.06,0.655,small,gly,small,normal,gly,normal,0,0,9,0,beta,0
139,140,G,C,38.5,-72.8,-19.7,97.6,56.6,9.3,17.6,0.878,0.081,0.041,0.628,small,small,normal,gly,normal,small,0,0,9,0,beta,0
140,141,S,C,60.2,-78.6,-13.6,99.2,59.3,9.1,16.1,0.836,0.112,0.052,0.607,gly,normal,gly,normal,small,small,0,0,9,0,beta,0
141,142,Q,C,81.6,-83.4,6.3,102.5,67.4,13.0,13.9,0.88,0.073,0.047,0.599,small,gly,normal,small,small,normal,0,0,10,0,beta,0
142,143,G,C,44.3,78.0,-0.1,104.1,-52.4,6.9,16.8,0.925,0.036,0.039,0.602,normal,normal,small,small,normal,small,0,0,11,0,other,0
143,144,Q,C,98.6,-90.5,95.3,109.3,105.8,8.8,14.4,0.869,0.041,0.091,0.615,gly,small,small,normal,small,small,0,0,12,0,other,0
144,145,S,C,58.4,-89.5,116.0,110.9,154.1,10.4,14.3,0.921,0.019,0.06,0.633,normal,small,normal,small,small,very_small,0,0,11,0,alpha,0
145,146,T,C,72.8,-93.9,111.2,111.2,-161.5,10.1,17.2,0.904,0.026,0.07,0.649,small,normal,small,small,very_small,cycle,0,0,10,0,alpha,0
146,147,Q,C,81.6,-89.7,88.7,108.7,-164.2,12.3,16.7,0.891,0.037,0.072,0.662,small,small,small,very_small,cycle,small,0,0,10,0,other,0
147,148,S,C,49.9,-90.2,92.3,109.6,168.2,12.0,15.5,0.859,0.054,0.087,0.667,normal,small,very_small,cycle,small,small,0,0,10,0,other,0
148,149,S,C,65.5,-81.8,-5.6,102.6,-172.9,8.7,16.9,0.879,0.065,0.056,0.66,small,very_small,cycle,small,small,small,0,0,9,0,beta,0
149,150,A,C,50.5,-78.6,-15.8,99.9,89.1,11.5,17.2,0.889,0.045,0.066,0.662,small,cycle,small,small,small,cycle,0,0,9,0,beta,0
150,151,Y,C,47.7,-100.6,122.6,115.3,73.7,19.5,13.5,0.882,0.022,0.096,0.665,very_small,small,small,small,cycle,gly,1,0,10,0,alpha,0
151,152,S,C,65.3,-98.6,70.3,109.8,-178.3,7.8,19.6,0.892,0.013,0.094,0.647,cycle,small,small,cycle,gly,cycle,1,0,9,0,other,0
152,153,S,C,46.5,-102.3,135.5,116.8,172.3,13.0,16.6,0.884,0.051,0.065,0.63,small,small,cycle,gly,cycle,pro,1,0,9,0,alpha,0
153,154,S,C,54.6,-104.6,124.9,114.9,-159.3,10.2,20.6,0.864,0.072,0.064,0.621,small,cycle,gly,cycle,pro,pro,0,0,9,0,alpha,0
154,155,Y,C,64.1,-105.8,122.9,115.4,-169.4,17.0,17.6,0.855,0.062,0.084,0.616,small,gly,cycle,pro,pro,small,0,0,9,0,alpha,0
155,156,G,C,27.0,-141.8,165.4,127.5,-175.5,12.7,23.0,0.864,0.014,0.122,0.617,cycle,cycle,pro,pro,small,small,0,0,8,0,alpha,0
156,157,Y,C,56.7,-108.6,136.5,122.3,-124.3,18.3,20.3,0.917,0.002,0.081,0.638,gly,pro,pro,small,small,small,0,0,8,1,alpha,0
157,158,P,C,35.2,-70.8,147.1,113.8,-105.4,17.0,20.8,0.979,0.001,0.02,0.655,cycle,pro,small,small,small,gly,0,0,8,1,alpha,0
158,159,P,C,35.4,-69.9,142.8,111.4,-104.6,17.0,20.9,0.955,0.032,0.013,0.66,pro,small,small,small,gly,long,1,0,7,0,alpha,0
159,160,S,C,32.8,-82.8,141.5,110.3,-133.4,15.5,17.3,0.885,0.094,0.02,0.659,pro,small,small,gly,long,very_small,2,0,6,0,alpha,0
160,161,S,C,56.2,-72.8,-19.2,98.6,-112.3,12.0,17.9,0.837,0.147,0.016,0.651,small,small,gly,long,very_small,small,2,0,6,0,beta,0
161,162,L,C,61.3,-86.1,-5.3,99.0,56.8,13.9,15.4,0.82,0.159,0.02,0.658,small,gly,long,very_small,small,small,1,0,6,0,beta,0
162,163,G,C,45.6,80.9,1.3,102.5,-90.4,6.0,17.2,0.896,0.072,0.032,0.67,small,long,very_small,small,small,normal,1,0,5,0,other,0
163,164,R,C,107.6,-98.2,130.8,115.8,107.4,10.2,16.9,0.86,0.078,0.062,0.683,gly,very_small,small,small,normal,gly,1,0,4,0,alpha,0
164,165,A,C,41.0,-81.6,130.3,111.1,-124.0,13.4,18.4,0.85,0.074,0.076,0.707,long,small,small,normal,gly,normal,1,0,3,0,alpha,0
165,166,I,C,45.0,-91.9,120.9,112.0,-148.0,16.8,18.1,0.802,0.071,0.127,0.733,very_small,small,normal,gly,normal,very_small,1,0,3,0,alpha,0
166,167,T,C,42.4,-85.7,87.7,108.0,-153.4,14.4,19.0,0.821,0.087,0.091,0.737,small,normal,gly,normal,very_small,gly,2,0,4,0,other,0
167,168,D,C,60.0,-82.6,8.1,102.8,-162.1,13.8,19.4,0.843,0.097,0.06,0.734,small,gly,normal,very_small,gly,cycle,2,0,4,0,beta,0
168,169,G,C,28.7,-63.6,-10.2,100.9,31.1,13.5,19.1,0.858,0.081,0.061,0.695,normal,normal,very_small,gly,cycle,gly,1,1,5,0,beta,0
169,170,Q,C,44.7,-85.3,15.2,104.5,87.0,18.0,18.5,0.791,0.091,0.119,0.675,gly,very_small,gly,cycle,gly,normal,0,1,5,0,beta,0
170,171,A,C,34.7,-80.5,8.1,104.2,111.7,14.2,19.4,0.813,0.083,0.104,0.659,normal,gly,cycle,gly,normal,normal,0,1,4,0,beta,0
171,172,G,C,22.1,-71.5,-20.1,105.9,44.2,13.7,20.1,0.845,0.082,0.073,0.652,very_small,cycle,gly,normal,normal,small,1,0,3,0,beta,0
172,173,F,C,48.0,-92.2,71.1,107.9,82.4,18.3,19.2,0.866,0.064,0.07,0.667,gly,gly,normal,normal,small,small,1,0,3,0,other,0
173,174,G,C,23.6,130.3,-172.2,117.7,43.1,13.8,19.5,0.912,0.035,0.053,0.689,cycle,normal,normal,small,small,small,1,0,3,0,other,0
174,175,N,C,72.9,-97.9,104.6,111.2,-66.3,11.1,19.6,0.894,0.056,0.049,0.724,gly,normal,small,small,small,long,0,0,4,0,alpha,0
175,176,D,C,82.4,-81.0,3.2,102.3,-157.2,10.1,15.8,0.875,0.103,0.022,0.756,normal,small,small,small,long,very_small,0,0,5,0,beta,0
176,177,T,C,77.3,-89.1,28.6,105.5,93.6,7.8,17.3,0.826,0.136,0.038,0.777,normal,small,small,long,very_small,pro,0,0,5,0,other,0
177,178,L,C,44.2,-77.4,-17.0,99.8,120.2,17.2,13.7,0.809,0.147,0.045,0.78,small,small,long,very_small,pro,gly,0,0,4,0,beta,0
178,179,S,C,54.5,-75.7,-15.8,99.4,77.5,11.9,16.2,0.861,0.09,0.049,0.782,small,long,very_small,pro,gly,small,1,0,4,0,beta,0
179,180,K,C,127.4,-83.6,-3.1,100.7,61.7,5.2,18.1,0.902,0.05,0.048,0.772,small,very_small,pro,gly,small,small,1,0,4,0,beta,0
180,181,V,C,35.8,-98.9,128.3,117.8,107.4,17.5,14.5,0.949,0.012,0.039,0.771,long,pro,gly,small,small,small,1,0,4,1,alpha,0
181,182,P,C,46.5,-71.1,140.2,110.5,-116.0,13.8,21.3,0.868,0.115,0.017,0.758,very_small,gly,small,small,small,small,1,0,5,0,alpha,0
182,183,G,C,13.8,124.2,-178.0,119.6,-0.3,19.1,23.5,0.764,0.201,0.035,0.753,pro,small,small,small,small,normal,2,0,5,0,other,0
183,184,I,H,13.1,-91.5,127.9,114.5,-121.0,24.0,20.3,0.435,0.529,0.036,0.756,gly,small,small,small,normal,normal,2,0,5,0,alpha,0
184,185,S,H,33.8,-91.3,122.4,111.1,-155.5,15.2,25.5,0.398,0.581,0.021,0.757,small,small,small,normal,normal,gly,2,1,5,0,alpha,0
185,186,S,H,24.8,-99.3,137.9,118.0,-126.3,17.8,25.4,0.347,0.626,0.027,0.769,small,small,normal,normal,gly,normal,1,1,5,0,alpha,0
186,187,I,H,10.3,-86.3,101.5,109.1,-145.2,24.6,21.8,0.3,0.651,0.049,0.771,small,normal,normal,gly,normal,small,1,1,5,0,alpha,0
187,188,E,H,33.6,-91.0,130.7,111.5,177.2,19.9,25.6,0.35,0.619,0.031,0.769,small,normal,gly,normal,small,gly,1,0,4,0,alpha,0
188,189,Q,H,35.1,-76.3,-12.9,102.6,-167.8,19.4,24.4,0.38,0.584,0.037,0.765,normal,gly,normal,small,gly,small,1,0,4,0,beta,0
189,190,G,H,11.3,-65.0,-29.1,100.4,47.2,20.5,24.7,0.461,0.507,0.033,0.76,normal,normal,small,gly,small,long,1,0,3,0,beta,0
190,191,M,H,7.9,-84.1,2.2,103.9,74.3,25.0,22.3,0.41,0.529,0.061,0.768,gly,small,gly,small,long,small,0,0,4,0,beta,0
191,192,T,C,40.8,-84.9,52.4,106.0,150.1,15.5,25.4,0.484,0.448,0.068,0.759,normal,gly,small,long,small,gly,0,0,4,0,other,0
192,193,G,C,23.3,56.7,-0.8,101.9,28.8,15.9,23.9,0.597,0.33,0.074,0.755,small,small,long,small,gly,gly,0,0,4,0,other,0
193,194,L,C,9.6,-97.9,129.7,117.4,126.1,24.6,19.1,0.634,0.226,0.14,0.762,gly,long,small,gly,gly,normal,0,0,4,0,alpha,0
194,195,K,C,73.8,-95.7,124.1,114.3,-144.8,12.2,26.7,0.558,0.088,0.353,0.76,small,small,gly,gly,normal,small,1,0,5,0,alpha,0
195,196,I,C,17.3,-96.4,86.1,110.2,-162.3,23.4,19.0,0.735,0.123,0.142,0.769,long,gly,gly,normal,small,small,1,0,4,0,other,0
196,197,G,C,27.3,128.9,178.3,115.2,-18.8,12.2,20.0,0.882,0.032,0.086,0.765,small,gly,normal,small,small,very_small,2,0,4,0,other,0
197,198,G,C,39.0,-62.0,-4.7,106.1,-112.8,11.2,16.9,0.904,0.047,0.049,0.769,gly,normal,small,small,very_small,very_small,1,0,4,0,beta,0
198,199,D,C,90.0,-87.2,35.1,104.7,59.4,6.6,16.7,0.868,0.072,0.06,0.795,gly,small,small,very_small,very_small,very_small,1,0,4,0,other,0
199,200,L,C,60.2,-83.2,39.8,105.6,138.3,15.0,13.0,0.86,0.075,0.065,0.81,normal,small,very_small,very_small,very_small,small,0,1,5,0,other,0
200,201,T,C,71.1,-86.8,77.8,108.3,123.8,9.2,16.0,0.828,0.104,0.069,0.82,small,very_small,very_small,very_small,small,long,1,1,5,0,other,0
201,202,A,C,63.2,-74.5,-10.6,101.1,153.3,8.4,16.3,0.829,0.113,0.057,0.825,small,very_small,very_small,small,long,small,1,1,5,0,beta,0
202,203,A,C,52.0,-83.9,47.7,105.8,81.7,10.8,15.2,0.859,0.047,0.095,0.833,very_small,very_small,small,long,small,very_small,2,0,5,0,other,0
203,204,V,C,57.7,-95.8,126.4,114.6,141.9,13.7,13.9,0.74,0.018,0.242,0.845,very_small,small,long,small,very_small,gly,2,0,6,0,alpha,0
204,205,T,C,74.7,-100.4,130.3,115.8,-155.9,8.8,17.5,0.643,0.014,0.343,0.849,very_small,long,small,very_small,gly,small,3,0,7,0,alpha,1
205,206,K,C,98.7,-100.6,129.3,115.3,-155.9,10.9,15.4,0.587,0.021,0.393,0.843,small,small,very_small,gly,small,very_small,2,0,7,0,alpha,0
206,207,T,C,73.0,-98.8,133.3,116.7,-146.2,8.9,17.2,0.59,0.015,0.395,0.836,long,very_small,gly,small,very_small,small,1,0,7,0,alpha,0
207,208,V,C,66.4,-93.6,126.3,113.7,-141.2,12.9,15.5,0.788,0.027,0.185,0.815,small,gly,small,very_small,small,small,0,0,8,0,alpha,0
208,209,G,C,31.1,118.8,-170.7,117.3,4.0,10.5,17.1,0.862,0.021,0.117,0.785,very_small,small,very_small,small,small,small,1,0,9,0,other,0
209,210,T,C,71.7,-88.6,114.7,110.1,-85.8,9.9,17.5,0.782,0.035,0.183,0.764,gly,very_small,small,small,small,small,1,0,9,0,alpha,0
210,211,A,C,45.6,-81.1,8.5,103.9,-166.7,13.1,15.4,0.803,0.029,0.168,0.753,small,small,small,small,small,gly,1,1,9,0,beta,0
211,212,L,C,80.1,-89.2,101.9,109.6,115.1,11.1,14.5,0.856,0.025,0.119,0.742,very_small,small,small,small,gly,normal,1,1,9,0,alpha,0
212,213,S,C,63.3,-92.5,124.6,111.9,-163.9,8.8,14.6,0.877,0.039,0.084,0.713,small,small,small,gly,normal,small,2,1,9,0,alpha,0
213,214,S,C,77.5,-78.2,-4.3,101.4,-123.2,5.6,12.7,0.873,0.071,0.056,0.695,small,small,gly,normal,small,small,2,0,10,0,beta,0
214,215,S,C,80.2,-86.9,9.1,102.3,59.1,3.6,11.4,0.865,0.072,0.064,0.672,small,gly,normal,small,small,small,1,0,10,0,beta,0
215,216,G,C,49.7,78.2,8.1,104.8,-90.0,5.3,14.0,0.899,0.043,0.058,0.666,small,normal,small,small,small,very_small,0,0,9,0,other,0
216,217,M,C,91.6,-91.7,122.5,112.8,123.7,10.2,10.8,0.913,0.023,0.064,0.697,gly,small,small,small,very_small,small,0,0,9,0,alpha,0
217,218,T,C,84.3,-94.1,119.5,111.8,-162.2,7.1,14.0,0.924,0.022,0.054,0.717,normal,small,small,very_small,small,normal,0,0,8,0,alpha,0
218,219,S,C,67.4,-93.1,116.4,111.4,-159.6,8.4,13.4,0.902,0.023,0.075,0.723,small,small,very_small,small,normal,small,0,0,9,0,alpha,0
219,220,I,C,83.0,-95.7,113.7,112.0,-176.1,10.8,14.7,0.821,0.053,0.125,0.726,small,very_small,small,normal,small,very_small,0,0,10,0,alpha,0
220,221,A,C,46.7,-90.2,131.1,113.4,-162.1,12.4,14.1,0.838,0.064,0.098,0.734,small,small,normal,small,very_small,pro,1,0,9,0,alpha,0
221,222,T,C,76.8,-97.3,121.6,112.6,-154.0,8.3,16.2,0.855,0.063,0.082,0.719,very_small,normal,small,very_small,pro,pro,2,0,9,0,alpha,0
222,223,N,C,94.4,-82.9,19.5,103.3,-153.4,8.3,14.8,0.903,0.039,0.059,0.693,small,small,very_small,pro,pro,very_small,2,0,9,0,beta,0
223,224,S,C,69.6,-87.4,43.7,106.3,106.1,6.5,14.3,0.922,0.012,0.066,0.671,normal,very_small,pro,pro,very_small,small,1,0,8,0,other,0
224,225,V,C,70.8,-98.7,129.9,117.5,158.0,10.3,15.2,0.933,0.002,0.065,0.668,small,pro,pro,very_small,small,small,0,0,7,1,alpha,0
225,226,P,C,52.5,-71.3,150.1,114.8,-108.3,12.9,15.1,0.975,0.001,0.024,0.662,very_small,pro,very_small,small,small,very_small,1,0,7,1,alpha,0
226,227,P,C,73.5,-69.2,144.8,111.0,-97.3,8.7,17.3,0.974,0.007,0.019,0.662,pro,very_small,small,small,very_small,very_small,2,0,8,0,alpha,0
227,228,V,C,70.2,-84.8,135.4,113.4,-123.1,13.0,14.1,0.917,0.03,0.052,0.656,pro,small,small,very_small,very_small,pro,3,0,8,0,alpha,0
228,229,S,C,67.5,-93.4,134.6,114.6,-141.9,6.8,16.4,0.899,0.045,0.056,0.642,very_small,small,very_small,very_small,pro,long,3,0,7,0,alpha,0
229,230,S,C,67.3,-76.0,-11.4,98.7,-137.2,9.4,13.0,0.89,0.065,0.044,0.622,small,very_small,very_small,pro,long,pro,2,0,6,0,beta,0
230,231,A,C,67.1,-87.9,113.1,110.1,96.1,6.2,15.0,0.918,0.027,0.055,0.609,small,very_small,pro,long,pro,small,1,0,6,0,alpha,0
231,232,A,C,53.3,-85.6,140.9,118.3,-126.1,9.9,16.2,0.945,0.003,0.051,0.619,very_small,pro,long,pro,small,small,1,0,6,1,alpha,0
232,233,P,C,41.9,-68.1,148.9,114.1,-103.8,16.2,15.3,0.974,0.003,0.023,0.624,very_small,long,pro,small,small,cycle,2,0,5,0,alpha,0
233,234,K,C,85.3,-85.8,138.3,115.3,-116.3,12.7,18.6,0.935,0.008,0.057,0.643,pro,pro,small,small,cycle,very_small,3,0,5,1,alpha,0
234,235,P,C,57.3,-71.2,142.5,112.6,-106.8,13.3,19.9,0.905,0.048,0.047,0.668,long,small,small,cycle,very_small,very_small,2,0,4,0,alpha,0
235,236,T,C,26.8,-98.2,131.0,115.9,-146.8,20.0,17.4,0.757,0.14,0.103,0.708,pro,small,cycle,very_small,very_small,small,2,0,4,0,alpha,0
236,237,S,C,31.1,-110.3,159.2,125.0,-164.2,11.8,24.2,0.673,0.163,0.163,0.741,small,cycle,very_small,very_small,small,very_small,1,0,4,0,alpha,0
237,238,W,H,56.8,-70.6,-28.5,98.2,-112.4,19.8,21.1,0.349,0.503,0.148,0.76,small,very_small,very_small,small,very_small,long,1,0,4,0,beta,0
238,239,A,H,20.5,-75.6,-20.6,100.1,63.6,20.0,21.4,0.296,0.532,0.172,0.777,cycle,very_small,small,very_small,long,long,0,1,4,0,beta,0
239,240,A,H,26.5,-80.0,-19.5,103.5,87.6,13.5,23.9,0.256,0.517,0.227,0.783,very_small,small,very_small,long,long,pro,1,1,3,0,beta,0
240,241,I,H,26.0,-72.2,-33.9,97.7,74.9,20.1,22.2,0.285,0.38,0.335,0.774,very_small,very_small,long,long,pro,very_small,2,1,2,0,beta,0
241,242,A,C,14.9,-78.4,-18.3,100.1,61.6,22.3,18.2,0.499,0.232,0.269,0.749,small,long,long,pro,very_small,long,3,0,2,0,beta,0
242,243,R,C,111.4,-86.2,-1.1,100.9,70.9,10.4,21.8,0.607,0.09,0.304,0.728,very_small,long,pro,very_small,long,pro,3,0,2,0,beta,0
243,244,K,C,80.1,-110.2,135.8,122.9,89.9,11.8,20.0,0.78,0.019,0.201,0.7,long,pro,very_small,long,pro,normal,2,0,2,1,alpha,0
244,245,P,C,42.1,-69.0,146.0,113.3,-101.3,15.6,21.3,0.907,0.007,0.086,0.675,long,very_small,long,pro,normal,pro,1,0,2,0,alpha,0
245,246,A,C,22.8,-74.3,141.6,113.5,-108.8,19.9,17.5,0.899,0.013,0.088,0.654,pro,long,pro,normal,pro,long,1,0,2,0,alpha,0
246,247,K,C,79.1,-96.0,136.3,118.2,-133.2,12.5,19.8,0.883,0.007,0.11,0.651,very_small,pro,normal,pro,long,small,2,0,1,1,alpha,0
247,248,P,C,53.3,-69.4,145.1,112.3,-101.6,14.4,18.7,0.907,0.006,0.087,0.639,long,normal,pro,long,small,long,2,1,0,0,alpha,0
248,249,Q,C,51.0,-81.8,140.2,115.7,-121.2,17.5,15.2,0.944,0.004,0.052,0.64,pro,pro,long,small,long,pro,2,2,0,1,alpha,0
249,250,P,C,45.6,-69.5,148.3,112.9,-101.3,13.2,15.9,0.953,0.026,0.022,0.633,normal,long,small,long,pro,long,1,2,0,0,alpha,0
250,251,K,C,133.5,-78.5,135.6,111.0,-105.6,5.0,17.8,0.924,0.028,0.048,0.641,pro,small,long,pro,long,gly,2,1,0,0,alpha,0
251,252,L,C,67.0,-87.0,131.0,113.8,-131.9,15.0,12.3,0.941,0.013,0.046,0.65,long,long,pro,long,gly,normal,1,1,0,0,alpha,0
252,253,K,C,116.6,-94.2,137.9,116.9,-134.4,6.7,14.9,0.954,0.003,0.043,0.65,small,pro,long,gly,normal,very_small,2,1,1,1,alpha,0
253,254,P,C,91.6,-71.4,143.0,109.9,-102.9,5.9,13.6,0.935,0.031,0.034,0.636,long,long,gly,normal,very_small,gly,1,1,1,0,alpha,0
254,255,K,C,140.7,-86.7,120.2,109.7,-115.5,5.0,11.5,0.911,0.049,0.04,0.62,pro,gly,normal,very_small,gly,small,2,0,1,0,alpha,0
255,256,G,C,50.7,82.5,-178.3,111.0,-15.5,4.4,12.4,0.927,0.036,0.037,0.599,long,normal,very_small,gly,small,gly,1,1,1,0,other,0
256,257,N,C,112.8,-85.4,44.4,105.8,-82.1,4.5,12.1,0.914,0.037,0.049,0.597,gly,very_small,gly,small,gly,gly,1,1,1,0,other,0
257,258,V,C,97.4,-88.3,40.3,105.7,101.0,5.8,12.2,0.887,0.046,0.067,0.601,normal,gly,small,gly,gly,small,0,2,1,0,other,0
258,259,G,C,39.7,111.2,-178.4,119.1,-67.6,6.1,14.3,0.896,0.033,0.071,0.593,very_small,small,gly,gly,small,very_small,1,1,1,0,other,0
259,260,I,C,106.3,-89.4,122.6,111.3,-78.4,6.9,12.5,0.862,0.056,0.082,0.589,gly,gly,gly,small,very_small,very_small,1,2,1,0,alpha,0
260,261,G,C,50.3,80.7,147.9,110.3,-14.9,4.5,13.5,0.915,0.032,0.053,0.58,small,gly,small,very_small,very_small,pro,2,1,1,0,other,0
261,262,G,C,48.9,83.5,-152.0,111.8,-29.6,4.1,13.7,0.918,0.032,0.051,0.575,gly,small,very_small,very_small,pro,pro,1,1,1,0,other,0
262,263,S,C,77.7,-86.5,65.5,106.9,-19.5,4.4,13.8,0.889,0.052,0.058,0.589,gly,very_small,very_small,pro,pro,pro,1,0,1,0,other,0
263,264,A,C,64.4,-81.2,88.5,107.2,-172.3,8.1,12.9,0.929,0.016,0.054,0.606,small,very_small,pro,pro,pro,pro,0,0,1,0,other,0
264,265,V,C,75.8,-96.6,132.6,117.9,178.8,9.0,13.8,0.946,0.001,0.053,0.626,very_small,pro,pro,pro,pro,small,1,0,1,1,alpha,0
265,266,P,C,51.9,-68.3,149.8,115.9,-106.1,14.3,12.7,0.988,0.0,0.012,0.635,very_small,pro,pro,pro,small,long,2,0,1,1,alpha,0
266,267,P,C,60.4,-68.4,151.7,113.8,-99.6,10.5,14.0,0.996,0.0,0.004,0.63,pro,pro,pro,small,long,cycle,3,0,1,1,alpha,0
267,268,P,C,86.3,-69.6,147.9,113.2,-94.9,5.3,16.1,0.998,0.001,0.001,0.624,pro,pro,small,long,cycle,normal,3,0,2,1,alpha,0
268,269,P,C,78.5,-70.3,138.8,108.5,-95.5,9.9,14.3,0.985,0.013,0.002,0.637,pro,small,long,cycle,normal,normal,3,0,2,0,alpha,0
269,270,I,C,72.7,-95.2,130.4,115.2,-142.0,11.8,14.3,0.9,0.061,0.039,0.665,pro,long,cycle,normal,normal,normal,3,0,2,0,alpha,0
270,271,K,C,114.6,-96.0,130.4,114.0,-144.4,7.7,18.1,0.833,0.092,0.076,0.678,small,cycle,normal,normal,normal,small,3,0,2,0,alpha,0
271,272,H,C,57.4,-100.1,123.9,113.6,-169.4,13.3,17.6,0.782,0.093,0.125,0.688,long,normal,normal,normal,small,gly,2,0,2,0,alpha,0
272,273,N,C,51.5,-85.5,24.3,103.2,-150.7,14.7,18.2,0.83,0.102,0.068,0.685,cycle,normal,normal,small,gly,small,1,0,2,0,other,0
273,274,M,C,60.0,-73.4,-26.3,98.7,94.6,13.7,17.0,0.848,0.086,0.066,0.671,normal,normal,small,gly,small,cycle,0,0,2,0,beta,0
274,275,N,C,63.4,-88.5,10.0,101.8,57.4,10.5,20.0,0.838,0.075,0.087,0.672,normal,small,gly,small,cycle,normal,0,0,2,0,beta,0
275,276,I,C,35.0,-88.8,98.4,109.3,127.9,17.7,16.0,0.755,0.087,0.158,0.678,normal,gly,small,cycle,normal,normal,0,1,2,0,other,0
276,277,G,C,21.5,112.6,-162.7,114.9,24.8,13.6,18.9,0.837,0.041,0.122,0.692,small,small,cycle,normal,normal,long,1,2,2,0,other,0
277,278,T,C,38.9,-101.9,152.4,121.3,-178.4,10.3,20.4,0.744,0.069,0.187,0.718,gly,cycle,normal,normal,long,gly,1,2,2,0,alpha,0
278,279,W,C,85.1,-65.9,-30.4,95.4,-125.9,16.0,13.9,0.665,0.202,0.134,0.744,small,normal,normal,long,gly,small,1,1,2,0,beta,0
279,280,D,C,91.6,-68.2,-29.7,93.7,56.3,4.1,15.2,0.705,0.216,0.079,0.756,cycle,normal,long,gly,small,very_small,0,0,2,0,beta,0
280,281,E,C,109.5,-75.1,-20.7,95.8,53.2,5.0,13.2,0.796,0.158,0.046,0.742,normal,long,gly,small,very_small,very_small,0,0,3,0,beta,0
281,282,K,C,124.0,-87.7,10.0,102.4,64.2,5.2,10.2,0.812,0.133,0.055,0.716,normal,gly,small,very_small,very_small,long,0,0,3,0,beta,0
282,283,G,C,59.2,75.3,10.3,102.4,-89.5,2.2,11.4,0.915,0.064,0.021,0.693,long,small,very_small,very_small,long,very_small,0,0,3,0,other,0
283,284,S,C,79.1,-88.3,134.5,113.6,141.0,3.6,9.7,0.878,0.07,0.052,0.691,gly,very_small,very_small,long,very_small,pro,0,0,3,0,alpha,0
284,285,V,C,108.0,-88.6,128.8,112.8,-129.2,4.5,9.7,0.879,0.047,0.074,0.696,small,very_small,long,very_small,pro,pro,0,0,3,0,alpha,0
285,286,V,C,95.7,-91.0,129.4,113.7,-148.8,6.9,10.0,0.899,0.033,0.068,0.695,very_small,long,very_small,pro,pro,small,1,0,3,0,alpha,0
286,287,K,C,137.7,-98.0,133.9,116.6,-147.4,4.2,12.2,0.892,0.019,0.088,0.68,very_small,very_small,pro,pro,small,normal,2,1,3,0,alpha,0
287,288,A,C,68.0,-78.2,144.3,115.9,-110.8,6.8,11.6,0.977,0.001,0.022,0.663,long,pro,pro,small,normal,pro,2,1,3,1,alpha,0
288,289,P,C,77.6,-68.3,151.0,114.9,-100.0,7.3,11.3,0.995,0.002,0.003,0.646,very_small,pro,small,normal,pro,very_small,2,1,3,1,alpha,0
289,290,P,C,99.5,-69.4,148.4,111.9,-96.7,4.2,12.0,0.987,0.01,0.003,0.642,pro,small,normal,pro,very_small,small,2,0,3,0,alpha,0
290,291,T,C,107.2,-88.1,132.6,112.9,-119.9,3.7,9.1,0.974,0.017,0.009,0.646,pro,normal,pro,very_small,small,pro,3,0,3,0,alpha,0
291,292,Q,C,130.5,-88.6,131.3,114.4,-125.9,4.2,9.4,0.969,0.012,0.019,0.652,small,pro,very_small,small,pro,pro,2,1,3,1,alpha,0
292,293,P,C,98.9,-69.5,143.4,109.0,-107.7,4.8,10.0,0.976,0.009,0.014,0.667,normal,very_small,small,pro,pro,normal,1,1,3,0,alpha,0
293,294,V,C,111.3,-88.6,127.2,111.7,-122.7,4.0,10.8,0.97,0.007,0.024,0.692,pro,small,pro,pro,normal,small,1,1,3,0,alpha,0
294,295,L,C,108.5,-92.1,132.2,116.0,-137.2,5.8,10.3,0.992,0.001,0.007,0.706,very_small,pro,pro,normal,small,small,2,0,2,1,alpha,0
295,296,P,C,71.6,-68.4,150.8,113.0,-102.9,7.9,10.4,0.997,0.002,0.001,0.706,small,pro,normal,small,small,small,3,0,2,1,alpha,0
296,297,P,C,95.5,-69.1,1.6,102.3,-102.7,5.0,12.3,0.976,0.022,0.002,0.716,pro,normal,small,small,small,normal,3,0,2,0,beta,0
297,298,Q,C,125.7,-85.0,86.0,107.2,-125.3,4.5,9.8,0.957,0.038,0.005,0.729,pro,small,small,small,normal,normal,3,0,2,0,other,0
298,299,T,C,98.8,-84.5,51.1,105.9,-165.0,4.2,10.1,0.957,0.034,0.008,0.738,normal,small,small,normal,normal,pro,2,0,2,0,other,0
299,300,I,C,115.6,-83.7,29.7,105.5,138.3,5.0,9.7,0.956,0.032,0.012,0.74,small,small,normal,normal,pro,normal,1,0,2,0,other,0
300,301,I,C,118.0,-87.2,55.1,106.8,115.7,4.5,9.7,0.958,0.024,0.018,0.737,small,normal,normal,pro,normal,pro,1,0,2,0,other,0
301,302,Q,C,118.7,-91.4,123.9,112.5,-171.3,5.8,10.0,0.979,0.007,0.014,0.717,small,normal,pro,normal,pro,small,2,0,1,0,alpha,0
302,303,Q,C,113.0,-98.7,130.0,117.1,-150.4,5.7,11.2,0.98,0.002,0.018,0.697,normal,pro,normal,pro,small,small,2,0,1,1,alpha,0
303,304,P,C,88.7,-70.1,145.5,110.4,-106.6,6.3,12.0,0.985,0.01,0.006,0.669,normal,normal,pro,small,small,normal,1,0,1,0,alpha,0
304,305,Q,C,109.1,-86.7,133.9,114.6,-118.1,6.8,10.2,0.976,0.012,0.013,0.662,pro,pro,small,small,normal,pro,1,0,1,1,alpha,0
305,306,P,C,90.4,-67.7,133.5,105.1,-110.2,6.0,11.1,0.968,0.025,0.007,0.644,normal,small,small,normal,pro,pro,1,0,2,0,alpha,0
306,307,L,C,118.1,-81.3,13.9,104.0,-125.2,4.5,10.0,0.968,0.026,0.006,0.637,pro,small,normal,pro,pro,pro,2,0,2,0,beta,0
307,308,I,C,120.6,-88.8,69.8,107.3,101.1,4.0,9.9,0.97,0.02,0.01,0.646,small,normal,pro,pro,pro,small,2,0,2,0,other,0
308,309,Q,C,117.5,-96.2,126.4,115.2,-167.2,5.0,10.3,0.993,0.002,0.005,0.643,small,pro,pro,pro,small,very_small,3,0,2,1,alpha,0
309,310,P,C,92.0,-76.7,142.1,113.6,-112.3,5.2,12.1,0.996,0.001,0.003,0.638,normal,pro,pro,small,very_small,normal,2,0,1,1,alpha,0
310,311,P,C,78.7,-68.6,149.6,112.0,-101.3,8.2,11.6,0.997,0.002,0.001,0.63,pro,pro,small,very_small,normal,small,2,0,1,1,alpha,0
311,312,P,C,86.6,-67.6,142.3,106.3,-101.0,6.3,13.3,0.988,0.01,0.002,0.614,pro,small,very_small,normal,small,normal,2,0,1,0,alpha,0
312,313,L,C,114.6,-78.5,32.1,104.5,-126.6,5.3,10.5,0.977,0.017,0.006,0.626,pro,very_small,normal,small,normal,small,3,0,1,0,other,0
313,314,V,C,98.9,-86.3,26.9,105.5,114.5,6.1,9.9,0.957,0.029,0.014,0.634,small,normal,small,normal,small,pro,3,0,1,0,other,0
314,315,Q,C,120.4,-84.5,36.7,105.8,104.5,5.4,10.2,0.956,0.03,0.014,0.622,very_small,small,normal,small,pro,normal,3,0,1,0,other,0
315,316,S,C,80.6,-81.9,5.7,103.6,118.6,4.2,10.1,0.957,0.029,0.014,0.611,normal,normal,small,pro,normal,normal,2,0,1,0,beta,0
316,317,Q,C,125.4,-85.0,9.5,103.5,68.7,3.7,10.3,0.967,0.023,0.01,0.583,small,small,pro,normal,normal,normal,1,0,1,0,beta,0
317,318,L,C,99.2,-91.4,124.1,113.1,125.8,6.6,9.2,0.974,0.012,0.013,0.581,normal,pro,normal,normal,normal,pro,0,0,1,1,alpha,0
318,319,P,C,90.8,-71.0,61.2,103.9,-123.4,6.2,11.1,0.975,0.021,0.004,0.559,small,normal,normal,normal,pro,normal,1,0,1,0,other,0
319,320,Q,C,131.8,-84.4,35.3,105.1,108.0,3.5,10.1,0.963,0.032,0.005,0.534,pro,normal,normal,pro,normal,pro,2,0,1,0,other,0
320,321,Q,C,125.2,-90.3,112.3,110.3,154.1,4.5,8.6,0.951,0.035,0.014,0.512,normal,normal,pro,normal,pro,pro,2,0,1,0,alpha,0
321,322,Q,C,123.4,-92.9,131.3,115.1,-147.7,4.5,9.0,0.981,0.009,0.01,0.498,normal,pro,normal,pro,pro,normal,1,0,1,1,alpha,0
322,323,P,C,98.9,-72.0,120.3,105.4,-109.0,4.8,10.8,0.985,0.008,0.007,0.48,normal,normal,pro,pro,normal,pro,0,0,1,0,alpha,0
323,324,Q,C,132.8,-92.7,129.6,114.3,-143.9,3.5,9.7,0.989,0.003,0.009,0.477,pro,pro,pro,normal,pro,normal,1,0,1,1,alpha,0
324,325,P,C,87.7,-74.3,146.6,113.8,-107.4,6.2,9.4,0.994,0.003,0.003,0.473,normal,pro,normal,pro,normal,normal,1,0,1,1,alpha,0
325,326,P,C,98.1,-70.3,137.7,105.6,-100.6,4.6,11.5,0.99,0.008,0.002,0.459,pro,normal,pro,normal,normal,normal,2,0,1,0,alpha,0
326,327,Q,C,123.7,-88.7,123.6,112.0,-136.2,4.8,8.9,0.991,0.007,0.002,0.468,pro,pro,normal,normal,normal,normal,2,0,0,1,alpha,0
327,328,P,C,96.1,-70.5,19.8,103.2,-125.1,5.5,10.3,0.956,0.043,0.001,0.468,normal,normal,normal,normal,normal,gly,2,0,0,0,beta,0
328,329,Q,C,133.0,-82.6,10.2,103.7,102.3,3.4,9.3,0.898,0.096,0.006,0.476,pro,normal,normal,normal,gly,pro,2,0,0,0,beta,0
329,330,Q,C,129.4,-84.5,10.2,103.7,79.5,3.7,7.9,0.883,0.109,0.008,0.476,normal,normal,normal,gly,pro,normal,1,0,0,0,beta,0
330,331,Q,C,128.7,-87.4,63.6,107.0,108.9,3.8,8.8,0.914,0.078,0.008,0.48,normal,normal,gly,pro,normal,pro,1,0,0,0,other,0
331,332,Q,C,128.2,-89.0,41.8,106.1,93.3,3.8,9.7,0.934,0.057,0.008,0.467,normal,gly,pro,normal,pro,normal,0,0,0,0,other,0
332,333,G,C,48.0,-93.4,134.3,113.5,168.4,5.8,9.0,0.951,0.042,0.007,0.461,normal,pro,normal,pro,normal,very_small,0,0,0,1,alpha,0
333,334,P,C,105.7,-78.8,126.1,108.7,-117.5,4.0,10.0,0.926,0.072,0.002,0.46,gly,normal,pro,normal,very_small,normal,0,0,0,0,alpha,0
334,335,Q,C,129.3,-92.7,118.6,111.9,-164.1,4.3,8.2,0.932,0.066,0.002,0.474,pro,pro,normal,very_small,normal,pro,1,0,0,1,alpha,0
335,336,P,C,101.8,-85.2,114.6,109.4,-150.6,4.6,9.3,0.876,0.12,0.005,0.493,normal,normal,very_small,normal,pro,cycle,1,0,0,0,alpha,0
336,337,Q,C,122.8,-86.8,78.3,107.4,-177.7,5.2,9.5,0.881,0.116,0.003,0.513,pro,very_small,normal,pro,cycle,normal,2,0,0,0,other,0
337,338,A,C,75.8,-87.2,87.5,107.9,148.2,5.1,10.2,0.846,0.148,0.006,0.537,normal,normal,pro,cycle,normal,very_small,1,0,0,0,other,0
338,339,Q,C,111.1,-93.3,122.2,113.0,177.5,6.5,11.2,0.838,0.157,0.005,0.56,very_small,pro,cycle,normal,very_small,normal,2,0,0,1,alpha,0
339,340,P,C,89.9,-78.2,118.4,108.0,-134.2,6.5,12.0,0.805,0.19,0.005,0.575,normal,cycle,normal,very_small,normal,pro,1,0,0,0,alpha,0
340,341,H,C,120.2,-92.9,117.2,111.4,-163.6,7.0,11.8,0.777,0.218,0.005,0.596,pro,normal,very_small,normal,pro,normal,2,0,0,0,alpha,0
341,342,Q,C,106.8,-93.5,122.7,112.5,-166.1,7.4,12.0,0.777,0.217,0.006,0.61,cycle,very_small,normal,pro,normal,normal,1,0,0,0,alpha,0
342,343,V,C,91.6,-96.3,126.0,114.1,-160.9,7.2,12.6,0.8,0.196,0.004,0.632,normal,normal,pro,normal,normal,normal,1,0,0,0,alpha,0
343,344,Q,C,93.9,-94.9,127.0,114.2,-157.6,9.4,13.6,0.84,0.157,0.003,0.633,very_small,pro,normal,normal,normal,normal,1,0,0,1,alpha,0
344,345,P,C,79.6,-76.6,98.2,106.4,-135.4,8.2,13.7,0.805,0.194,0.001,0.638,normal,normal,normal,normal,normal,small,1,0,0,0,other,0
345,346,Q,C,105.6,-84.3,44.2,106.1,-151.8,7.2,14.5,0.762,0.236,0.002,0.645,pro,normal,normal,normal,small,normal,2,1,0,0,other,0
346,347,Q,C,91.6,-81.0,-0.1,104.1,109.1,9.8,12.5,0.693,0.303,0.004,0.658,normal,normal,normal,small,normal,normal,1,1,0,0,beta,0
347,348,Q,C,111.4,-72.6,-22.2,98.5,78.6,5.6,13.6,0.664,0.333,0.003,0.665,normal,normal,small,normal,normal,long,1,1,0,0,beta,0
348,349,Q,C,106.6,-74.5,-24.6,98.5,62.6,5.2,14.3,0.66,0.333,0.007,0.671,normal,small,normal,normal,long,cycle,0,0,0,0,beta,0
349,350,L,C,76.9,-79.8,-14.2,100.9,62.8,10.4,12.6,0.686,0.303,0.011,0.692,normal,normal,normal,long,cycle,very_small,0,0,0,0,beta,0
350,351,Q,C,94.2,-75.5,-15.6,100.1,78.2,8.8,14.3,0.708,0.269,0.022,0.711,small,normal,long,cycle,very_small,very_small,1,0,0,0,beta,0
351,352,N,C,92.4,-84.7,6.0,102.8,70.4,6.8,14.8,0.789,0.18,0.032,0.722,normal,long,cycle,very_small,very_small,pro,1,0,0,0,beta,0
352,353,R,C,120.6,-85.1,62.0,107.3,97.9,7.7,14.8,0.839,0.108,0.052,0.747,normal,cycle,very_small,very_small,pro,long,1,0,0,0,other,0
353,354,W,C,103.3,-92.0,118.1,112.2,150.9,13.3,12.7,0.885,0.047,0.067,0.768,long,very_small,very_small,pro,long,normal,0,0,0,0,alpha,0
354,355,V,C,75.9,-104.5,129.4,117.8,-173.2,9.2,16.8,0.868,0.018,0.115,0.777,cycle,very_small,pro,long,normal,long,0,0,0,0,alpha,0
355,356,A,C,47.3,-82.5,141.8,115.8,-127.5,11.2,15.2,0.965,0.005,0.03,0.762,very_small,pro,long,normal,long,gly,1,0,0,1,alpha,0
356,357,P,C,70.4,-69.0,141.0,107.1,-103.9,10.3,14.7,0.931,0.052,0.017,0.739,very_small,long,normal,long,gly,very_small,2,0,0,0,alpha,0
357,358,R,C,131.8,-79.3,28.4,104.8,-130.1,8.0,14.9,0.885,0.067,0.048,0.712,pro,normal,long,gly,very_small,gly,3,1,0,0,other,0
358,359,N,C,85.3,-83.0,46.4,103.4,68.8,8.5,14.5,0.855,0.085,0.06,0.685,long,long,gly,very_small,gly,cycle,2,1,0,0,other,0
359,360,R,C,103.1,-79.5,-10.2,99.7,153.8,11.6,13.9,0.873,0.082,0.045,0.662,normal,gly,very_small,gly,cycle,normal,1,1,0,0,beta,0
360,361,G,C,32.9,-73.9,-21.0,104.5,67.7,11.6,14.1,0.878,0.087,0.034,0.644,long,very_small,gly,cycle,normal,normal,0,0,0,0,beta,0
361,362,A,C,70.7,-68.9,-25.7,96.9,61.0,5.1,15.2,0.837,0.14,0.023,0.646,gly,gly,cycle,normal,normal,normal,0,0,1,0,beta,0
362,363,G,C,40.2,-70.1,-23.9,97.8,54.7,6.6,14.3,0.863,0.104,0.033,0.644,very_small,cycle,normal,normal,normal,normal,1,1,1,0,beta,0
363,364,F,C,82.1,-79.0,-15.3,98.8,57.3,12.0,12.1,0.82,0.136,0.044,0.654,gly,normal,normal,normal,normal,gly,1,1,1,0,beta,0
364,365,N,C,96.2,-70.6,2.2,99.9,46.8,6.6,14.4,0.863,0.1,0.037,0.647,cycle,normal,normal,normal,gly,very_small,1,2,1,0,beta,0
365,366,Q,C,113.8,-83.1,-0.6,101.9,71.8,5.0,12.9,0.864,0.086,0.05,0.64,normal,normal,normal,gly,very_small,gly,0,1,1,0,beta,0
366,367,N,C,93.2,-84.0,33.5,104.5,83.1,7.8,10.8,0.89,0.071,0.039,0.617,normal,normal,gly,very_small,gly,small,0,1,1,0,other,0
367,368,N,C,110.8,-82.4,9.3,102.5,134.9,4.3,11.8,0.899,0.065,0.036,0.598,normal,gly,very_small,gly,small,normal,0,0,1,0,beta,0
368,369,G,C,51.1,-44.2,9.8,104.0,-41.5,5.2,12.2,0.922,0.055,0.024,0.587,normal,very_small,gly,small,normal,normal,0,0,1,0,other,0
369,370,A,C,76.4,-84.8,21.7,104.5,84.6,4.6,10.9,0.906,0.059,0.035,0.589,gly,gly,small,normal,normal,cycle,0,0,1,0,other,0
370,371,G,C,49.9,29.0,11.6,105.7,-12.7,5.4,13.0,0.916,0.059,0.025,0.603,very_small,small,normal,normal,cycle,gly,1,0,1,0,other,0
371,372,S,C,74.0,-85.3,46.3,106.1,108.8,5.9,10.6,0.893,0.085,0.023,0.635,gly,normal,normal,cycle,gly,small,1,0,1,0,other,0
372,373,E,C,132.5,-84.4,15.5,104.3,89.6,4.1,10.8,0.877,0.101,0.021,0.655,small,normal,cycle,gly,small,gly,1,0,2,0,beta,0
373,374,N,C,110.9,-86.5,46.4,105.9,73.4,4.2,10.9,0.891,0.084,0.025,0.679,normal,cycle,gly,small,gly,very_small,0,0,2,0,other,0
374,375,F,C,121.5,-87.8,32.8,105.1,97.8,7.9,11.7,0.89,0.066,0.044,0.688,normal,gly,small,gly,very_small,very_small,0,0,3,0,other,0
375,376,G,C,42.6,88.5,157.0,111.9,-76.8,7.3,14.9,0.937,0.026,0.036,0.685,cycle,small,gly,very_small,very_small,pro,0,0,3,0,other,0
376,377,L,C,102.3,-87.8,87.8,108.0,-106.4,7.4,13.3,0.932,0.036,0.032,0.694,gly,gly,very_small,very_small,pro,very_small,0,0,4,0,other,0
377,378,G,C,49.2,89.6,-175.2,111.5,-16.5,4.6,14.2,0.939,0.02,0.041,0.701,small,very_small,very_small,pro,very_small,small,1,0,5,0,other,0
378,379,V,C,91.1,-93.8,124.9,113.3,-133.7,7.5,12.9,0.943,0.01,0.047,0.739,gly,very_small,pro,very_small,small,very_small,1,0,5,0,alpha,0
379,380,V,C,84.7,-98.4,131.9,117.3,-153.7,8.1,13.9,0.932,0.006,0.062,0.755,very_small,pro,very_small,small,very_small,small,2,0,5,1,alpha,0
380,381,P,C,77.6,-71.6,143.7,111.9,-106.3,9.2,13.9,0.951,0.02,0.03,0.746,very_small,very_small,small,very_small,small,pro,2,0,5,0,alpha,0
381,382,V,C,87.7,-85.8,129.6,111.1,-128.9,8.8,13.4,0.933,0.037,0.03,0.721,pro,small,very_small,small,pro,small,3,0,5,0,alpha,0
382,383,S,C,73.9,-86.8,129.7,111.9,-120.1,6.4,13.5,0.934,0.031,0.034,0.675,very_small,very_small,small,pro,small,small,3,0,4,0,alpha,0
383,384,A,C,69.2,-87.5,108.5,109.1,-139.0,7.6,13.0,0.95,0.013,0.037,0.654,small,small,pro,small,small,very_small,2,0,4,0,alpha,0
384,385,S,C,65.3,-91.2,143.0,117.4,-126.9,5.9,14.4,0.971,0.006,0.023,0.632,very_small,pro,small,small,very_small,normal,2,0,4,1,alpha,0
385,386,P,C,77.6,-70.2,132.2,106.1,-104.8,9.5,13.5,0.954,0.039,0.008,0.627,small,small,small,very_small,normal,very_small,1,0,4,0,alpha,0
386,387,S,C,77.7,-78.1,-4.8,102.0,-122.3,5.2,13.5,0.884,0.101,0.015,0.637,pro,small,very_small,normal,very_small,cycle,2,0,4,0,beta,0
387,388,S,C,79.1,-81.1,-0.1,100.9,59.1,4.6,12.2,0.839,0.147,0.014,0.659,small,very_small,normal,very_small,cycle,pro,1,0,4,0,beta,0
388,389,V,C,78.6,-86.9,38.3,105.7,87.6,9.9,11.7,0.792,0.188,0.02,0.693,small,normal,very_small,cycle,pro,very_small,1,0,4,0,other,0
389,390,E,C,106.2,-85.8,98.1,108.6,113.9,7.6,13.6,0.816,0.161,0.023,0.747,very_small,very_small,cycle,pro,very_small,small,1,0,4,0,other,0
390,391,V,C,83.0,-97.3,130.2,114.9,-166.8,8.1,16.1,0.875,0.095,0.03,0.795,normal,cycle,pro,very_small,small,normal,1,0,4,0,alpha,0
391,392,H,C,53.1,-84.4,136.5,114.4,-122.9,16.2,13.5,0.894,0.094,0.012,0.83,very_small,pro,very_small,small,normal,long,2,0,4,1,alpha,0
392,393,P,H,84.2,-63.9,-30.1,93.5,-123.3,5.3,18.7,0.332,0.668,0.001,0.849,cycle,very_small,small,normal,long,small,1,0,4,0,beta,0
393,394,V,H,35.2,-67.7,-38.4,93.9,52.1,14.0,16.3,0.204,0.794,0.002,0.874,pro,small,normal,long,small,long,2,0,3,0,beta,0
394,395,L,H,26.4,-64.3,-40.0,93.2,52.9,18.7,15.8,0.071,0.928,0.001,0.875,very_small,normal,long,small,long,very_small,2,0,3,0,beta,0
395,396,E,H,106.1,-64.7,-38.9,92.7,53.1,4.3,21.0,0.052,0.947,0.001,0.884,small,long,small,long,very_small,small,3,0,2,0,beta,0
396,397,K,H,99.4,-67.3,-38.1,93.0,50.1,5.0,20.7,0.059,0.94,0.001,0.874,normal,small,long,very_small,small,normal,2,1,2,0,beta,0
397,398,L,H,19.8,-66.9,-40.5,94.3,51.3,19.0,15.7,0.057,0.941,0.001,0.862,long,long,very_small,small,normal,normal,1,1,1,0,beta,0
398,399,K,H,86.4,-65.5,-38.5,93.9,53.1,11.7,18.6,0.082,0.915,0.003,0.856,small,very_small,small,normal,normal,cycle,1,1,0,0,beta,0
399,400,A,H,56.4,-67.5,-36.8,93.6,52.4,5.5,19.6,0.127,0.871,0.003,0.843,long,small,normal,normal,cycle,normal,1,0,0,0,beta,0
400,401,I,H,50.7,-70.1,-35.8,94.8,51.6,13.0,16.3,0.235,0.755,0.01,0.814,very_small,normal,normal,cycle,normal,pro,2,0,0,0,beta,0
401,402,N,C,62.4,-88.2,-4.0,100.5,47.9,12.3,16.3,0.561,0.418,0.021,0.793,small,normal,cycle,normal,pro,long,2,1,0,0,beta,0
402,403,N,C,95.8,38.2,27.7,98.8,-115.2,6.8,20.2,0.895,0.084,0.02,0.775,normal,cycle,normal,pro,long,normal,2,1,0,0,other,0
403,404,Y,C,42.5,-92.6,77.6,110.0,127.5,17.3,16.1,0.893,0.011,0.095,0.78,normal,normal,pro,long,normal,cycle,1,2,0,0,other,0
404,405,N,C,30.4,-107.9,93.5,110.1,27.4,17.6,15.4,0.975,0.001,0.024,0.797,cycle,pro,long,normal,cycle,normal,0,1,0,1,other,0
405,406,P,C,59.3,-67.7,-27.8,96.1,-174.1,12.7,16.1,0.925,0.071,0.003,0.807,normal,long,normal,cycle,normal,cycle,0,1,0,0,beta,0
406,407,K,C,141.1,-69.6,-27.3,93.7,61.7,2.9,18.1,0.875,0.116,0.009,0.841,pro,normal,cycle,normal,cycle,normal,1,0,0,0,beta,0
407,408,D,C,70.3,-93.1,-6.3,99.1,46.5,8.4,16.3,0.829,0.146,0.025,0.877,long,cycle,normal,cycle,normal,small,1,0,0,0,beta,0
408,409,F,C,24.5,-99.8,130.2,118.5,81.6,22.3,10.0,0.865,0.041,0.094,0.9,normal,normal,cycle,normal,small,long,1,0,0,0,alpha,0
409,410,D,C,92.2,-92.9,88.9,106.9,-154.6,4.7,22.1,0.869,0.022,0.109,0.923,cycle,cycle,normal,small,long,normal,0,0,0,0,other,0
410,411,W,C,56.8,-103.0,131.8,117.9,-178.9,20.1,11.9,0.813,0.037,0.15,0.901,normal,normal,small,long,normal,gly,0,0,0,0,alpha,0
411,412,N,C,88.3,-98.7,98.5,108.9,-161.9,5.7,22.9,0.857,0.031,0.112,0.878,cycle,small,long,normal,gly,long,0,1,0,0,other,0
412,413,L,C,26.1,-85.4,6.6,102.1,-177.0,22.1,12.6,0.833,0.11,0.057,0.865,normal,long,normal,gly,long,very_small,0,1,1,0,beta,0
413,414,K,C,130.6,-74.4,-12.9,100.8,121.6,4.9,19.2,0.846,0.104,0.05,0.877,small,normal,gly,long,very_small,cycle,1,1,1,0,beta,0
414,415,N,C,91.3,-76.8,11.1,98.1,30.8,5.9,20.6,0.876,0.076,0.048,0.866,long,gly,long,very_small,cycle,small,1,0,2,0,beta,0
415,416,G,C,7.4,-89.9,152.5,123.4,121.0,22.0,16.4,0.772,0.028,0.201,0.871,normal,long,very_small,cycle,small,small,1,0,2,0,alpha,0
416,417,R,E,52.7,-105.8,131.1,118.4,-145.2,16.2,26.8,0.414,0.008,0.579,0.893,gly,very_small,cycle,small,small,long,0,0,2,0,alpha,0
417,418,V,E,2.9,-131.0,144.3,132.3,-164.6,26.0,25.4,0.053,0.0,0.947,0.928,long,cycle,small,small,long,small,0,0,2,0,alpha,0
418,419,F,E,3.9,-119.3,134.2,124.8,-157.4,25.5,28.7,0.009,0.0,0.991,0.951,very_small,small,small,long,small,cycle,1,1,2,0,alpha,0
419,420,I,E,3.5,-108.1,122.4,117.3,-157.4,25.5,29.1,0.01,0.0,0.99,0.941,cycle,small,long,small,cycle,small,1,1,2,0,alpha,0
420,421,I,E,3.6,-107.6,121.9,117.4,-163.6,25.6,27.6,0.065,0.0,0.934,0.918,small,long,small,cycle,small,normal,2,1,2,0,alpha,0
421,422,K,E,22.8,-114.7,134.3,122.6,-167.9,20.3,27.4,0.341,0.002,0.657,0.879,small,small,cycle,small,normal,normal,2,1,3,0,alpha,0
422,423,S,C,10.4,-129.7,149.4,131.2,179.8,22.0,23.9,0.721,0.006,0.273,0.844,long,cycle,small,normal,normal,normal,2,1,3,0,alpha,0
423,424,Y,C,79.0,-89.0,-10.5,102.1,-148.9,14.7,23.6,0.986,0.001,0.014,0.809,small,small,normal,normal,normal,small,1,1,3,0,beta,0
424,425,S,C,35.7,-142.1,163.6,140.0,16.5,7.0,26.9,0.989,0.003,0.008,0.807,cycle,normal,normal,normal,small,cycle,0,0,3,0,alpha,0
425,426,E,H,81.9,-60.7,-36.4,92.5,-105.6,15.7,16.4,0.063,0.937,0.0,0.81,small,normal,normal,small,cycle,long,0,0,4,0,beta,0
426,427,D,H,98.2,-64.6,-37.3,91.8,54.9,2.3,22.0,0.044,0.956,0.0,0.825,normal,normal,small,cycle,long,small,0,1,4,0,beta,0
427,428,D,H,31.5,-67.7,-38.1,93.4,50.1,14.2,18.4,0.031,0.969,0.0,0.83,normal,small,cycle,long,small,small,0,1,4,0,beta,0
428,429,I,H,6.7,-63.2,-42.8,93.3,52.6,25.1,18.0,0.013,0.987,0.0,0.838,normal,cycle,long,small,small,long,0,1,4,0,beta,0
429,430,H,H,82.2,-63.7,-40.0,92.6,52.5,10.8,22.9,0.009,0.991,0.0,0.839,small,long,small,small,long,cycle,1,0,5,0,beta,0
430,431,R,H,111.5,-66.5,-38.9,92.4,50.3,5.3,24.7,0.009,0.991,0.0,0.841,cycle,small,small,long,cycle,small,1,0,6,0,beta,0
431,432,S,H,6.7,-66.9,-41.4,94.2,51.7,21.6,18.5,0.027,0.973,0.0,0.853,long,small,long,cycle,small,small,1,0,6,0,beta,0
432,433,I,H,20.9,-66.2,-38.6,94.2,51.5,22.0,19.6,0.035,0.965,0.001,0.853,small,long,cycle,small,small,cycle,0,0,6,0,beta,0
433,434,K,H,110.5,-68.9,-34.7,93.4,52.4,6.2,23.2,0.091,0.908,0.001,0.86,small,cycle,small,small,cycle,small,1,0,5,0,beta,0
434,435,Y,H,73.0,-103.7,0.8,103.9,37.2,14.6,21.3,0.331,0.668,0.001,0.856,long,small,small,cycle,small,small,1,1,5,0,beta,0
435,436,S,C,19.1,69.5,42.2,103.7,-119.7,19.4,24.0,0.886,0.09,0.024,0.852,cycle,small,cycle,small,small,small,1,2,4,0,other,0
436,437,I,C,10.6,-94.3,125.6,114.0,-166.5,24.2,23.6,0.778,0.063,0.159,0.86,small,cycle,small,small,small,normal,0,2,4,0,alpha,0
437,438,W,C,30.0,-104.8,118.5,114.5,-168.5,21.4,26.5,0.732,0.116,0.152,0.859,small,small,small,small,normal,cycle,1,1,4,0,alpha,0
438,439,C,C,7.7,-113.3,133.6,120.3,-179.8,24.0,26.2,0.874,0.069,0.057,0.842,cycle,small,small,normal,cycle,gly,1,1,4,0,alpha,0
439,440,S,C,12.2,-107.1,130.3,116.2,-169.2,22.4,25.0,0.956,0.012,0.033,0.825,small,small,normal,cycle,gly,normal,1,1,4,0,alpha,0
440,441,T,C,28.2,-104.1,153.9,125.4,-128.3,15.2,24.9,0.957,0.032,0.011,0.804,small,normal,cycle,gly,normal,long,0,1,4,0,alpha,0
441,442,E,H,99.9,-64.2,-34.9,95.1,-102.9,10.2,20.1,0.202,0.798,0.0,0.781,small,cycle,gly,normal,long,long,0,0,4,0,beta,0
442,443,H,H,90.8,-66.9,-37.6,93.5,50.0,6.4,23.2,0.124,0.876,0.0,0.768,normal,gly,normal,long,long,small,0,0,3,0,beta,0
443,444,G,H,5.5,-65.3,-42.3,93.9,51.1,20.6,18.2,0.045,0.955,0.0,0.76,cycle,normal,long,long,small,normal,0,0,4,0,beta,0
444,445,N,H,22.2,-62.9,-41.4,93.2,53.5,20.0,19.5,0.016,0.984,0.0,0.768,gly,long,long,small,normal,very_small,0,0,4,0,beta,0
445,446,K,H,114.8,-63.9,-39.7,91.6,51.9,3.7,25.2,0.009,0.991,0.0,0.788,normal,long,small,normal,very_small,very_small,0,0,4,0,beta,0
446,447,R,H,73.4,-66.2,-40.8,92.7,49.8,10.2,23.4,0.006,0.994,0.0,0.813,long,small,normal,very_small,very_small,cycle,0,0,3,0,beta,0
447,448,L,H,2.5,-64.8,-43.9,94.1,50.6,26.3,21.0,0.002,0.998,0.0,0.845,long,normal,very_small,very_small,cycle,long,0,1,3,0,beta,0
448,449,D,H,35.3,-62.6,-41.8,92.8,52.3,16.1,23.8,0.002,0.998,0.0,0.864,small,very_small,very_small,cycle,long,small,1,1,3,0,beta,0
449,450,A,H,47.6,-64.3,-41.1,91.7,50.3,4.5,25.6,0.002,0.998,0.0,0.855,normal,very_small,cycle,long,small,small,1,1,3,0,beta,0
450,451,A,H,10.8,-65.6,-42.9,93.5,49.8,16.7,20.2,0.004,0.996,0.0,0.85,very_small,cycle,long,small,small,normal,2,1,2,0,beta,0
451,452,Y,H,12.0,-65.5,-41.4,94.1,50.8,24.1,17.6,0.022,0.978,0.0,0.852,very_small,long,small,small,normal,gly,2,2,1,0,beta,0
452,453,R,H,125.1,-67.0,-35.7,93.1,52.3,6.9,20.7,0.114,0.885,0.001,0.836,cycle,small,small,normal,gly,long,2,2,1,0,beta,0
453,454,S,H,66.2,-76.7,-22.6,93.7,51.1,4.8,20.4,0.27,0.729,0.002,0.808,long,small,normal,gly,long,gly,1,1,1,0,beta,0
454,455,L,C,24.3,-85.8,12.1,103.7,68.1,19.8,10.6,0.623,0.364,0.013,0.765,small,normal,gly,long,gly,pro,0,0,1,0,beta,0
455,456,N,C,115.8,17.3,52.0,100.1,-123.9,3.8,19.6,0.822,0.159,0.019,0.733,small,gly,long,gly,pro,small,1,0,2,0,other,0
456,457,G,C,53.3,80.6,1.7,99.3,-34.6,3.9,16.7,0.942,0.05,0.008,0.731,normal,long,gly,pro,small,cycle,1,0,2,0,other,0
457,458,K,C,101.4,-108.3,134.3,118.2,89.2,7.8,18.7,0.939,0.023,0.039,0.737,gly,gly,pro,small,cycle,small,1,1,2,0,alpha,0
458,459,G,C,11.0,157.3,-179.9,132.2,169.6,17.0,21.7,0.926,0.002,0.072,0.754,long,pro,small,cycle,small,small,0,1,2,1,other,0
459,460,P,C,16.3,-78.7,142.5,115.0,-61.0,21.3,25.5,0.757,0.006,0.237,0.803,gly,small,cycle,small,small,cycle,0,1,3,0,alpha,0
460,461,L,E,3.3,-112.3,129.3,121.4,-155.9,25.9,27.5,0.053,0.0,0.947,0.848,pro,cycle,small,small,cycle,small,1,0,3,0,alpha,0
461,462,Y,E,4.3,-114.5,129.6,121.8,-164.6,25.6,28.9,0.004,0.0,0.996,0.886,small,small,small,cycle,small,very_small,2,0,3,0,alpha,0
462,463,L,E,1.7,-107.6,123.8,117.8,-159.4,26.6,29.6,0.002,0.0,0.998,0.901,cycle,small,cycle,small,very_small,normal,2,1,3,0,alpha,0
463,464,L,E,2.3,-108.7,123.7,118.1,-163.1,26.2,29.4,0.005,0.0,0.995,0.909,small,cycle,small,very_small,normal,gly,2,1,3,0,alpha,0
464,465,F,E,2.4,-133.6,148.9,133.5,-177.0,26.3,28.6,0.023,0.0,0.977,0.896,small,small,very_small,normal,gly,small,2,1,2,0,alpha,0
465,466,S,E,9.9,-113.7,134.3,122.4,-146.3,21.1,28.0,0.116,0.002,0.882,0.852,cycle,very_small,normal,gly,small,gly,2,0,2,0,alpha,0
466,467,V,E,6.0,-110.6,125.1,118.5,-163.1,25.1,23.2,0.266,0.005,0.73,0.798,small,normal,gly,small,gly,cycle,1,0,2,0,alpha,0
467,468,N,C,36.5,-100.8,154.7,119.3,-156.1,14.9,22.1,0.772,0.015,0.213,0.751,very_small,gly,small,gly,cycle,cycle,1,0,2,0,alpha,0
468,469,G,C,40.7,-66.7,-20.7,97.8,-79.0,10.3,20.3,0.969,0.019,0.012,0.714,normal,small,gly,cycle,cycle,small,1,0,2,0,beta,0
469,470,S,C,49.4,-90.6,-2.0,100.3,54.3,11.0,21.7,0.958,0.02,0.022,0.699,gly,gly,cycle,cycle,small,gly,1,0,2,0,beta,0
470,471,G,C,15.3,82.8,7.1,99.4,-103.6,18.9,20.7,0.938,0.017,0.045,0.714,small,cycle,cycle,small,gly,very_small,0,0,3,0,other,0
471,472,H,C,49.4,-101.7,135.7,120.6,133.7,13.1,25.9,0.788,0.009,0.204,0.769,gly,cycle,small,gly,very_small,very_small,0,0,3,0,alpha,0
472,473,F,E,5.2,-100.9,133.9,120.4,-142.6,26.0,23.3,0.241,0.004,0.755,0.814,cycle,small,gly,very_small,very_small,normal,0,0,3,0,alpha,0
473,474,C,E,10.2,-124.1,144.7,125.8,-173.0,22.1,27.9,0.11,0.001,0.889,0.85,cycle,gly,very_small,very_small,normal,normal,0,0,3,0,alpha,0
474,475,G,E,1.7,172.8,177.9,136.2,179.4,24.4,28.1,0.115,0.001,0.884,0.855,small,very_small,very_small,normal,normal,long,0,0,3,0,other,0
475,476,V,E,3.6,-130.2,144.8,130.3,-128.7,25.3,28.5,0.018,0.0,0.982,0.871,gly,very_small,normal,normal,long,small,0,0,3,0,alpha,0
476,477,A,E,1.9,-131.2,146.0,132.2,-167.6,26.0,27.0,0.012,0.0,0.988,0.869,very_small,normal,normal,long,small,very_small,1,1,2,0,alpha,0
477,478,E,E,28.7,-113.4,133.4,122.2,-147.8,17.4,28.6,0.023,0.001,0.976,0.875,very_small,normal,long,small,very_small,very_small,2,1,2,0,alpha,0
478,479,M,E,6.0,-105.6,131.3,120.5,-149.8,25.6,21.8,0.14,0.003,0.858,0.879,normal,long,small,very_small,very_small,normal,2,1,2,0,alpha,0
479,480,K,E,63.5,-109.8,118.5,115.8,-168.0,13.5,26.4,0.316,0.003,0.681,0.884,normal,small,very_small,very_small,normal,cycle,1,0,2,0,alpha,0
480,481,S,C,13.0,-131.1,153.6,133.2,158.6,20.9,20.7,0.653,0.003,0.344,0.895,long,very_small,very_small,normal,cycle,normal,0,0,1,0,alpha,0
481,482,V,C,56.4,-75.0,138.8,113.5,-101.1,12.9,26.0,0.844,0.004,0.152,0.92,small,very_small,normal,cycle,normal,very_small,0,0,1,0,alpha,0
482,483,V,C,9.1,-82.2,131.8,114.4,-121.5,24.7,15.7,0.88,0.004,0.116,0.946,very_small,normal,cycle,normal,very_small,cycle,1,0,2,0,alpha,0
483,484,D,C,54.6,-94.8,100.4,107.9,-145.2,8.6,24.3,0.932,0.003,0.064,0.959,very_small,cycle,normal,very_small,cycle,very_small,2,0,2,0,alpha,0
484,485,Y,C,61.9,-70.2,-22.6,94.6,-163.4,19.5,14.0,0.927,0.056,0.016,0.938,normal,normal,very_small,cycle,very_small,gly,2,1,2,0,beta,0
485,486,N,C,116.7,-88.1,0.8,95.3,56.4,2.2,19.6,0.938,0.05,0.012,0.924,cycle,very_small,cycle,very_small,gly,very_small,1,1,2,0,beta,0
486,487,A,C,36.3,-85.9,147.0,120.8,101.4,13.3,12.7,0.908,0.044,0.049,0.9,normal,cycle,very_small,gly,very_small,cycle,0,1,2,0,alpha,0
487,488,Y,C,106.0,-96.9,127.6,115.4,-130.4,10.2,20.3,0.789,0.042,0.169,0.897,very_small,very_small,gly,very_small,cycle,small,1,0,2,0,alpha,0
488,489,A,C,26.2,-77.3,-14.3,97.9,-151.1,19.8,15.2,0.798,0.152,0.05,0.894,cycle,gly,very_small,cycle,small,normal,1,0,2,0,beta,0
489,490,G,C,36.5,25.8,-9.5,101.5,-137.2,9.5,21.0,0.791,0.185,0.024,0.89,very_small,very_small,cycle,small,normal,normal,2,0,2,0,other,0
490,491,V,C,30.7,-71.6,-34.1,96.6,75.9,16.0,18.9,0.605,0.326,0.07,0.897,gly,cycle,small,normal,normal,long,1,0,2,0,beta,0
491,492,W,C,37.9,-85.6,-7.2,101.6,50.9,21.1,17.2,0.538,0.383,0.08,0.897,very_small,small,normal,normal,long,cycle,2,0,1,0,beta,0
492,493,S,C,35.8,-92.1,86.5,109.8,94.1,12.5,18.5,0.595,0.332,0.073,0.904,cycle,normal,normal,long,cycle,long,1,0,1,0,other,0
493,494,Q,C,86.9,-89.3,11.2,105.5,146.7,10.8,16.3,0.764,0.183,0.052,0.9,small,normal,long,cycle,long,gly,1,0,1,0,beta,0
494,495,D,C,69.0,-91.1,102.8,109.9,112.1,10.6,16.0,0.859,0.107,0.035,0.903,normal,long,cycle,long,gly,long,0,0,1,0,alpha,0
495,496,K,C,96.5,-83.9,-1.1,101.4,-169.4,10.3,18.3,0.83,0.099,0.07,0.886,normal,cycle,long,gly,long,cycle,0,0,1,0,beta,0
496,497,W,C,42.6,-89.7,65.2,107.0,71.5,21.2,14.6,0.804,0.1,0.096,0.866,long,long,gly,long,cycle,normal,0,0,1,0,other,0
497,498,K,C,111.7,-108.4,132.9,117.8,155.0,6.4,21.2,0.761,0.036,0.203,0.863,cycle,gly,long,cycle,normal,very_small,0,0,1,0,alpha,0
498,499,G,C,28.9,121.2,-168.8,127.5,34.6,8.6,19.8,0.652,0.024,0.324,0.864,long,long,cycle,normal,very_small,long,0,0,1,0,other,0
499,500,K,C,95.1,-103.7,135.3,119.1,-55.5,10.5,22.6,0.544,0.02,0.436,0.877,gly,cycle,normal,very_small,long,cycle,0,0,1,0,alpha,0
500,501,F,E,12.4,-127.2,145.9,131.2,-173.3,24.0,17.1,0.402,0.004,0.594,0.899,long,normal,very_small,long,cycle,small,0,1,1,0,alpha,0
501,502,E,E,78.4,-80.8,126.7,111.2,-121.8,9.7,26.9,0.436,0.003,0.561,0.925,cycle,very_small,long,cycle,small,cycle,0,1,1,0,alpha,0
502,503,V,E,3.2,-117.1,133.9,125.1,-161.5,26.7,17.5,0.202,0.001,0.797,0.951,normal,long,cycle,small,cycle,very_small,0,2,1,0,alpha,0
503,504,K,E,50.5,-121.2,139.4,126.4,-169.2,12.6,27.4,0.052,0.0,0.947,0.974,very_small,cycle,small,cycle,very_small,long,1,1,0,0,alpha,0
504,505,W,E,20.6,-100.9,130.5,118.8,-141.7,22.5,23.6,0.015,0.0,0.985,0.991,long,small,cycle,very_small,long,normal,1,2,0,0,alpha,0
505,506,I,E,9.7,-110.6,127.6,120.1,-162.1,23.6,22.5,0.005,0.0,0.995,0.997,cycle,cycle,very_small,long,normal,very_small,1,1,0,0,alpha,0
506,507,F,E,30.9,-108.8,126.9,119.0,-157.5,16.5,27.3,0.007,0.0,0.993,0.995,small,very_small,long,normal,very_small,pro,1,1,0,0,alpha,0
507,508,V,E,14.4,-110.2,126.5,119.7,-164.4,22.4,19.6,0.036,0.0,0.964,0.965,cycle,long,normal,very_small,pro,normal,1,0,0,0,alpha,0
508,509,K,E,68.7,-114.1,136.1,120.7,-171.9,11.2,22.5,0.31,0.003,0.687,0.933,very_small,normal,very_small,pro,normal,normal,2,1,0,0,alpha,0
509,510,D,C,74.6,-86.3,99.9,108.7,-61.4,10.3,22.0,0.685,0.004,0.311,0.902,long,very_small,pro,normal,normal,normal,1,1,0,0,other,0
510,511,V,C,13.9,-111.8,136.0,123.2,-172.9,23.0,14.7,0.925,0.0,0.075,0.854,normal,pro,normal,normal,normal,small,1,1,0,1,alpha,0
511,512,P,C,48.4,-70.0,145.3,113.8,-111.0,8.4,24.1,0.974,0.002,0.024,0.803,very_small,normal,normal,normal,small,long,1,0,0,0,alpha,0
512,513,N,H,46.0,-62.1,-32.8,93.7,-115.4,19.3,14.2,0.168,0.832,0.0,0.78,pro,normal,normal,small,long,cycle,2,0,0,0,beta,0
513,514,N,H,104.7,-69.3,-22.7,92.7,63.1,4.2,20.2,0.126,0.874,0.0,0.76,normal,normal,small,long,cycle,small,2,1,0,0,beta,0
514,515,Q,H,79.4,-83.3,-13.9,94.9,55.8,9.3,18.9,0.072,0.927,0.001,0.778,normal,small,long,cycle,small,long,1,1,0,0,beta,0
515,516,L,H,6.8,-92.2,4.5,102.4,60.6,24.6,14.9,0.186,0.795,0.019,0.803,normal,long,cycle,small,long,small,0,1,0,0,beta,0
516,517,R,C,96.5,-67.2,-34.0,96.8,98.0,11.9,20.3,0.667,0.263,0.069,0.821,small,cycle,small,long,small,normal,1,0,0,0,beta,0
517,518,H,C,58.1,-91.9,4.8,101.1,50.4,13.4,21.5,0.844,0.087,0.069,0.84,long,small,long,small,normal,normal,1,0,0,0,beta,0
518,519,I,C,6.7,-92.2,127.2,116.5,114.2,25.9,16.6,0.829,0.009,0.162,0.829,cycle,long,small,normal,normal,normal,1,0,0,0,alpha,0
519,520,R,C,89.4,-109.7,130.5,119.7,-164.7,10.7,26.5,0.798,0.006,0.196,0.807,small,small,normal,normal,normal,normal,1,0,1,0,alpha,0
520,521,L,C,18.7,-90.0,136.0,116.7,-142.7,22.5,16.8,0.932,0.007,0.061,0.775,long,normal,normal,normal,normal,normal,1,0,1,0,alpha,0
521,522,E,C,105.0,-70.0,-25.6,97.9,-120.0,7.9,21.9,0.957,0.031,0.013,0.734,small,normal,normal,normal,normal,long,2,1,2,0,beta,0
522,523,N,C,57.2,-92.7,5.8,100.4,42.6,11.2,17.7,0.933,0.051,0.017,0.699,normal,normal,normal,normal,long,pro,1,2,2,0,beta,0
523,524,N,C,23.7,-89.4,32.7,105.2,93.7,21.3,13.3,0.93,0.041,0.029,0.684,normal,normal,normal,long,pro,very_small,1,2,2,0,other,0
524,525,D,C,85.0,-92.0,44.5,104.1,163.8,6.1,21.3,0.944,0.04,0.016,0.68,normal,normal,long,pro,very_small,small,0,2,3,0,other,0
525,526,N,C,73.0,69.9,20.4,96.6,-70.3,12.9,17.1,0.937,0.036,0.027,0.678,normal,long,pro,very_small,small,normal,0,1,3,0,other,0
526,527,K,C,96.3,-98.4,138.8,121.5,127.2,7.1,20.6,0.877,0.01,0.113,0.674,normal,pro,very_small,small,normal,small,0,1,3,1,alpha,0
527,528,P,C,55.7,-67.9,142.8,112.6,-104.3,13.4,21.4,0.848,0.02,0.132,0.684,long,very_small,small,normal,small,long,0,0,3,0,alpha,0
528,529,V,C,14.8,-83.9,125.3,111.8,-123.1,23.8,12.9,0.731,0.075,0.194,0.687,pro,small,normal,small,long,normal,1,0,3,0,alpha,0
529,530,T,C,68.4,-100.6,1.6,108.7,-177.8,8.7,21.9,0.749,0.085,0.166,0.694,very_small,normal,small,long,normal,small,2,0,3,0,beta,0
530,531,N,C,81.4,-98.4,32.7,105.5,38.0,8.5,19.2,0.714,0.099,0.187,0.687,small,small,long,normal,small,normal,2,0,3,0,other,0
531,532,S,C,27.8,-106.5,142.4,120.7,138.2,17.0,15.6,0.736,0.046,0.219,0.685,normal,long,normal,small,normal,normal,1,1,3,0,alpha,0
532,533,R,C,95.1,-99.8,113.4,112.4,-154.1,11.4,20.7,0.81,0.023,0.168,0.701,small,normal,small,normal,normal,very_small,0,1,3,0,alpha,0
533,534,D,C,55.8,-87.5,76.6,106.5,-145.7,12.6,20.4,0.841,0.023,0.136,0.727,long,small,normal,normal,very_small,pro,0,1,3,0,other,0
534,535,T,C,34.7,-100.6,37.8,108.6,163.0,17.5,18.9,0.788,0.082,0.13,0.751,normal,normal,normal,very_small,pro,small,0,0,3,0,other,0
535,536,Q,C,45.5,-105.2,133.0,118.8,158.2,15.5,20.5,0.66,0.075,0.265,0.766,small,normal,very_small,pro,small,normal,0,0,3,0,alpha,0
536,537,E,C,51.5,-96.2,130.1,116.6,-140.6,16.0,22.6,0.628,0.054,0.318,0.77,normal,very_small,pro,small,normal,long,0,0,3,0,alpha,0
537,538,V,C,11.5,-102.3,134.1,120.3,-148.5,23.7,16.4,0.856,0.002,0.142,0.792,normal,pro,small,normal,long,very_small,0,1,3,1,alpha,0
538,539,P,C,54.5,-69.6,147.1,115.7,-110.1,7.4,24.7,0.983,0.0,0.016,0.804,very_small,small,normal,long,very_small,long,1,1,3,0,alpha,0
539,540,L,H,55.3,-59.9,-36.7,92.7,-112.4,18.6,14.5,0.043,0.957,0.0,0.821,pro,normal,long,very_small,long,normal,2,1,3,0,beta,0
540,541,E,H,125.2,-64.0,-37.7,91.8,55.2,2.3,22.3,0.015,0.985,0.0,0.838,small,long,very_small,long,normal,very_small,3,0,2,0,beta,0
541,542,K,H,71.5,-68.1,-37.3,93.1,50.2,10.5,19.5,0.004,0.996,0.0,0.828,normal,very_small,long,normal,very_small,small,2,0,3,0,beta,0
542,543,A,H,4.4,-62.7,-42.0,92.6,53.0,25.1,16.0,0.002,0.998,0.0,0.833,long,long,normal,very_small,small,long,1,0,2,0,beta,0
543,544,K,H,87.1,-63.1,-40.6,92.1,53.1,10.4,23.1,0.001,0.999,0.0,0.843,very_small,normal,very_small,small,long,small,1,0,2,0,beta,0
544,545,Q,H,70.8,-65.8,-39.9,92.4,50.5,6.7,25.5,0.002,0.998,0.0,0.853,long,very_small,small,long,small,small,1,0,2,0,beta,0
545,546,V,H,2.4,-64.4,-44.5,93.5,50.3,25.4,20.6,0.001,0.999,0.0,0.869,normal,small,long,small,small,very_small,1,0,2,0,beta,0
546,547,L,H,13.9,-63.5,-41.6,93.0,51.3,22.7,21.6,0.001,0.999,0.0,0.87,very_small,long,small,small,very_small,small,1,1,3,0,beta,0
547,548,K,H,104.8,-65.2,-39.5,92.1,51.2,4.8,25.2,0.002,0.998,0.0,0.868,small,small,small,very_small,small,cycle,2,1,4,0,beta,0
548,549,I,H,24.9,-66.0,-42.2,93.3,50.0,14.7,20.9,0.003,0.997,0.0,0.858,long,small,very_small,small,cycle,long,2,2,4,0,beta,0
549,550,I,H,6.7,-66.4,-41.0,94.1,50.1,24.5,16.8,0.009,0.991,0.0,0.853,small,very_small,small,cycle,long,cycle,2,1,4,0,beta,0
550,551,A,H,47.2,-68.7,-29.5,93.0,53.9,12.4,18.2,0.162,0.838,0.0,0.848,small,small,cycle,long,cycle,small,2,1,4,0,beta,0
551,552,T,C,89.5,-90.2,-7.6,97.4,48.3,3.5,20.1,0.55,0.449,0.001,0.84,very_small,cycle,long,cycle,small,small,3,0,4,0,beta,0
552,553,F,C,35.6,-89.1,142.4,119.2,97.8,20.9,9.0,0.991,0.004,0.004,0.82,small,long,cycle,small,small,small,2,1,4,0,alpha,0
553,554,K,C,151.7,-85.2,26.8,101.0,-140.6,2.4,21.9,0.979,0.006,0.014,0.813,cycle,cycle,small,small,small,small,1,1,4,0,other,0
554,555,H,C,52.6,-98.0,144.1,122.2,121.9,17.0,10.7,0.959,0.012,0.03,0.806,long,small,small,small,small,cycle,0,1,4,0,alpha,0
555,556,T,C,89.5,-95.8,-1.6,102.5,-165.6,5.1,20.9,0.928,0.038,0.034,0.803,cycle,small,small,small,cycle,normal,0,0,4,0,beta,0
556,557,T,C,53.1,-112.2,144.4,122.9,79.1,10.9,18.8,0.828,0.073,0.099,0.79,small,small,small,cycle,normal,normal,0,0,4,0,alpha,0
557,558,S,C,26.9,-103.6,142.3,121.5,-140.6,13.8,21.0,0.675,0.116,0.209,0.78,small,small,cycle,normal,normal,cycle,0,0,4,0,alpha,0
558,559,I,H,19.5,-66.8,-30.4,93.6,-119.9,22.7,17.3,0.349,0.634,0.017,0.788,small,cycle,normal,normal,cycle,very_small,0,1,4,0,beta,0
559,560,F,H,34.2,-72.9,-25.8,95.2,54.5,20.6,17.0,0.349,0.634,0.016,0.811,small,normal,normal,cycle,very_small,cycle,1,2,4,0,beta,0
560,561,D,H,78.4,-74.7,-22.9,95.6,56.4,7.7,20.1,0.398,0.6,0.002,0.84,cycle,normal,cycle,very_small,cycle,cycle,1,2,4,0,beta,0
561,562,D,C,59.8,-89.9,10.2,103.0,56.2,9.1,18.0,0.505,0.494,0.001,0.844,normal,cycle,very_small,cycle,cycle,normal,1,1,4,0,beta,0
562,563,F,H,47.7,-67.2,-34.4,95.5,120.6,17.6,14.3,0.22,0.779,0.0,0.832,normal,very_small,cycle,cycle,normal,long,0,0,3,0,beta,0
563,564,A,H,60.8,-65.0,-38.6,93.2,55.9,4.7,19.4,0.132,0.868,0.0,0.817,cycle,cycle,cycle,normal,long,long,0,0,3,0,beta,0
564,565,H,H,95.0,-66.9,-39.1,93.3,51.1,4.6,19.3,0.097,0.903,0.0,0.818,very_small,cycle,normal,long,long,normal,1,0,3,0,beta,0
565,566,Y,H,43.5,-65.9,-41.1,93.6,51.5,14.9,15.1,0.077,0.922,0.0,0.808,cycle,normal,long,long,normal,normal,1,0,3,0,beta,0
566,567,E,H,82.1,-64.9,-39.3,93.5,52.5,9.0,17.3,0.055,0.945,0.0,0.798,cycle,long,long,normal,normal,normal,1,0,2,0,beta,0
567,568,K,H,127.2,-65.9,-38.4,92.4,50.8,1.8,19.4,0.044,0.956,0.0,0.778,normal,long,normal,normal,normal,normal,0,0,1,0,beta,0
568,569,R,H,92.2,-67.0,-39.2,93.0,50.6,6.4,17.4,0.038,0.962,0.0,0.758,long,normal,normal,normal,normal,normal,0,0,0,0,beta,0
569,570,Q,H,50.5,-65.1,-40.3,93.5,51.6,13.3,15.8,0.028,0.972,0.0,0.743,long,normal,normal,normal,normal,very_small,0,1,0,0,beta,0
570,571,E,H,104.6,-65.0,-39.4,92.9,51.1,3.9,19.0,0.017,0.983,0.0,0.741,normal,normal,normal,normal,very_small,normal,0,1,0,0,beta,0
571,572,E,H,97.6,-66.2,-39.6,92.8,50.2,3.4,19.0,0.014,0.986,0.0,0.74,normal,normal,normal,very_small,normal,long,0,1,0,0,beta,0
572,573,E,H,62.4,-66.8,-39.5,93.4,50.3,9.9,15.7,0.012,0.988,0.0,0.739,normal,normal,very_small,normal,long,long,0,1,0,0,beta,0
573,574,E,H,87.2,-65.6,-39.1,93.7,51.6,7.6,17.0,0.016,0.984,0.0,0.723,normal,very_small,normal,long,long,normal,0,2,0,0,beta,0
574,575,A,H,63.6,-65.6,-39.4,92.4,51.3,2.4,17.3,0.032,0.968,0.0,0.703,normal,normal,long,long,normal,long,0,2,0,0,beta,0
575,576,M,H,91.7,-67.8,-37.7,93.1,50.6,4.9,15.0,0.072,0.928,0.0,0.685,very_small,long,long,normal,long,normal,1,1,0,0,beta,0
576,577,R,H,103.3,-67.3,-37.2,93.6,51.7,7.6,12.9,0.147,0.853,0.0,0.67,normal,long,normal,long,normal,long,1,0,0,0,beta,0
577,578,R,H,141.2,-66.4,-37.0,93.0,52.2,2.7,14.3,0.216,0.783,0.0,0.64,long,normal,long,normal,long,normal,1,0,0,0,beta,0
578,579,E,H,126.8,-67.8,-35.6,92.7,51.0,1.8,13.5,0.287,0.712,0.001,0.603,long,long,normal,long,normal,long,0,0,0,0,beta,0
579,580,R,H,130.3,-70.4,-32.7,94.4,51.7,4.1,11.1,0.364,0.635,0.002,0.57,normal,normal,long,normal,long,normal,0,0,0,0,beta,0
580,581,N,C,106.9,-69.9,-29.1,95.0,54.8,2.9,11.3,0.522,0.475,0.003,0.53,long,long,normal,long,normal,None,0,0,0,0,beta,0
581,582,R,C,164.9,-74.1,-26.0,96.2,54.9,1.6,10.0,0.595,0.401,0.004,0.481,normal,normal,long,normal,None,None,0,1,0,0,beta,0
582,583,N,C,111.6,-81.5,-12.2,99.1,53.7,2.7,9.0,0.643,0.352,0.006,0.417,long,long,normal,None,None,None,0,2,0,0,beta,0
583,584,K,C,166.0,-84.7,6.3,100.9,52.5,1.3,8.1,0.838,0.16,0.002,0.377,normal,normal,None,None,None,None,0,2,0,0,beta,0
584,585,Q,C,156.8,-89.1,72.2,107.5,74.4,1.7,5.8,0.991,0.009,0.001,0.352,long,None,None,None,None,None,0,2,0,0,other,0
