P42128,#,SEQ,SS,ASA,Phi,Psi,Theta(i-1=>i+1),Tau(i-2=>i+2),HSE_alpha_up,HSE_alpha_down,P(C),P(H),P(E),flexibility,side_-1,side_1,side_2,side_3,side_4,side_5,nAli,nPos,nS/nT,Proline,phi_psi,positivity
0,1,M,C,131.9,-96.5,135.3,116.9,167.3,6.5,9.6,0.993,0.004,0.003,0.495,None,very_small,normal,very_small,gly,normal,0,0,1,0,alpha,0
1,2,A,C,76.3,-91.2,137.5,116.5,-137.4,7.5,10.8,0.974,0.007,0.019,0.494,normal,normal,very_small,gly,normal,normal,0,0,1,0,alpha,0
2,3,E,C,104.7,-95.2,132.1,116.0,-138.8,9.1,16.2,0.882,0.022,0.097,0.508,very_small,very_small,gly,normal,normal,small,1,0,1,0,alpha,0
3,4,V,C,51.4,-99.8,129.0,116.0,-152.1,15.3,12.9,0.806,0.039,0.155,0.539,normal,gly,normal,normal,small,gly,1,0,1,0,alpha,0
4,5,G,C,39.4,79.8,-163.3,114.5,-84.8,7.7,16.8,0.893,0.07,0.038,0.572,very_small,normal,normal,small,gly,very_small,2,0,1,0,other,0
5,6,E,C,138.4,-75.9,-12.8,100.1,-77.7,4.1,13.9,0.789,0.178,0.033,0.603,gly,normal,small,gly,very_small,long,1,0,1,0,beta,0
6,7,D,C,84.3,-88.7,45.2,106.0,67.0,7.3,13.7,0.729,0.252,0.019,0.629,normal,small,gly,very_small,long,very_small,1,0,1,0,other,0
7,8,S,C,73.6,-73.0,-16.4,99.3,127.0,5.0,14.8,0.524,0.473,0.003,0.642,normal,gly,very_small,long,very_small,small,0,0,2,0,beta,0
8,9,G,H,39.8,-65.8,-17.3,99.3,42.1,7.5,16.9,0.384,0.615,0.001,0.659,small,very_small,long,very_small,small,small,0,0,2,0,beta,0
9,10,A,H,32.0,-68.8,-37.3,97.1,67.0,14.1,14.6,0.14,0.86,0.0,0.684,gly,long,very_small,small,small,very_small,0,0,2,0,beta,0
10,11,R,H,111.3,-69.9,-33.3,96.7,54.6,8.1,19.1,0.079,0.921,0.0,0.731,very_small,very_small,small,small,very_small,small,1,0,2,0,beta,0
11,12,A,H,36.7,-68.8,-37.9,96.6,53.0,10.4,19.4,0.049,0.95,0.001,0.763,long,small,small,very_small,small,long,1,0,3,0,beta,0
12,13,L,H,44.7,-70.2,-37.1,98.2,56.4,14.0,17.6,0.044,0.955,0.001,0.786,very_small,small,very_small,small,long,small,2,0,3,0,beta,0
13,14,L,H,55.8,-73.0,-31.1,99.7,56.4,11.2,18.6,0.05,0.949,0.001,0.794,small,very_small,small,long,small,very_small,2,0,3,0,beta,0
14,15,A,H,45.8,-69.6,-35.9,96.1,53.6,9.0,19.3,0.069,0.929,0.001,0.786,small,small,long,small,very_small,pro,3,0,3,0,beta,0
15,16,L,H,62.6,-77.3,-18.8,99.9,62.3,13.4,14.3,0.134,0.865,0.001,0.773,very_small,long,small,very_small,pro,small,3,1,3,0,beta,0
16,17,R,H,107.1,-72.4,-26.8,97.9,58.9,10.7,15.3,0.33,0.668,0.002,0.759,small,small,very_small,pro,small,small,3,1,3,0,beta,0
17,18,S,C,75.8,-82.4,-7.0,100.3,57.1,4.3,16.4,0.504,0.494,0.002,0.741,long,very_small,pro,small,small,pro,2,1,3,0,beta,0
18,19,A,C,41.4,-90.5,126.4,114.2,110.5,14.3,13.2,0.89,0.102,0.008,0.739,small,pro,small,small,pro,very_small,1,0,2,1,alpha,0
19,20,P,C,67.9,-68.1,133.9,106.7,-113.0,10.9,16.3,0.899,0.095,0.006,0.741,very_small,small,small,pro,very_small,small,1,0,2,0,alpha,0
20,21,C,C,53.7,-82.4,55.4,106.4,-154.9,13.3,15.5,0.817,0.164,0.019,0.759,pro,small,pro,very_small,small,small,2,0,2,0,other,0
21,22,S,C,48.7,-86.4,126.8,112.2,160.9,10.9,16.2,0.739,0.254,0.008,0.76,small,pro,very_small,small,small,very_small,2,1,2,1,alpha,0
22,23,P,H,75.0,-68.5,-23.9,98.4,150.8,9.4,15.9,0.469,0.525,0.006,0.752,small,very_small,small,small,very_small,very_small,1,1,2,0,beta,0
23,24,V,H,73.8,-75.7,-21.3,100.5,67.5,8.9,16.3,0.354,0.61,0.036,0.781,pro,small,small,very_small,very_small,very_small,1,1,2,0,beta,0
24,25,L,H,69.9,-79.1,-12.5,102.4,65.5,10.8,15.9,0.298,0.661,0.04,0.798,very_small,small,very_small,very_small,very_small,very_small,2,0,2,0,beta,0
25,26,C,H,53.9,-82.3,15.9,104.6,64.8,10.5,15.8,0.303,0.667,0.031,0.808,small,very_small,very_small,very_small,very_small,very_small,3,0,2,0,beta,0
26,27,A,H,57.2,-80.9,47.5,106.0,90.9,8.1,15.0,0.306,0.68,0.014,0.796,small,very_small,very_small,very_small,very_small,very_small,2,0,3,0,other,0
27,28,A,H,53.6,-83.9,114.5,109.2,134.2,10.5,14.4,0.303,0.683,0.013,0.772,very_small,very_small,very_small,very_small,very_small,very_small,2,0,4,0,alpha,0
28,29,A,H,51.7,-86.4,126.4,111.0,-165.7,10.5,15.3,0.354,0.633,0.013,0.749,very_small,very_small,very_small,very_small,very_small,cycle,2,0,4,0,alpha,0
29,30,A,H,50.7,-77.0,129.4,108.5,-126.8,10.5,15.3,0.367,0.624,0.009,0.732,very_small,very_small,very_small,very_small,cycle,pro,3,0,4,0,alpha,0
30,31,A,H,57.6,-71.1,-25.9,99.7,-120.2,10.1,14.8,0.386,0.601,0.013,0.699,very_small,very_small,very_small,cycle,pro,very_small,3,0,4,0,beta,0
31,32,A,H,57.2,-73.6,-23.1,100.4,71.7,9.4,13.2,0.482,0.496,0.022,0.68,very_small,very_small,cycle,pro,very_small,small,3,0,4,0,beta,0
32,33,A,C,64.1,-78.1,-7.0,102.3,72.5,7.0,14.4,0.594,0.364,0.042,0.668,very_small,cycle,pro,very_small,small,small,3,0,3,0,beta,0
33,34,F,C,82.3,-92.5,120.9,113.5,130.6,12.9,10.8,0.835,0.112,0.053,0.654,very_small,pro,very_small,small,small,small,3,0,3,1,alpha,0
34,35,P,C,78.4,-68.3,26.3,102.8,-124.6,7.2,14.1,0.864,0.09,0.046,0.633,cycle,very_small,small,small,small,pro,2,0,3,0,other,0
35,36,A,C,70.0,-72.0,-24.2,98.3,86.6,6.4,11.8,0.907,0.061,0.033,0.609,pro,small,small,small,pro,pro,2,0,3,0,beta,0
36,37,T,C,97.7,-84.4,0.3,102.1,64.9,3.4,10.9,0.946,0.019,0.035,0.591,very_small,small,small,pro,pro,pro,2,0,3,0,beta,0
37,38,T,C,92.8,-88.7,95.5,108.9,111.8,4.6,8.5,0.97,0.002,0.028,0.558,small,small,pro,pro,pro,pro,2,0,3,0,other,0
38,39,S,C,87.0,-87.5,130.2,114.4,-131.8,2.5,10.4,0.982,0.0,0.018,0.535,small,pro,pro,pro,pro,very_small,1,0,3,1,alpha,0
39,40,P,C,83.6,-69.0,147.8,113.6,-103.3,7.7,10.6,0.995,0.0,0.005,0.513,small,pro,pro,pro,very_small,normal,0,0,3,1,alpha,0
40,41,P,C,86.6,-69.7,151.6,113.4,-96.3,4.9,13.1,0.998,0.0,0.002,0.498,pro,pro,pro,very_small,normal,pro,1,0,3,1,alpha,0
41,42,P,C,92.6,-68.4,147.6,113.3,-95.4,4.6,13.2,0.998,0.001,0.001,0.494,pro,pro,very_small,normal,pro,pro,2,0,3,1,alpha,0
42,43,P,C,80.8,-66.9,150.8,107.3,-98.7,8.2,11.5,0.99,0.006,0.004,0.476,pro,very_small,normal,pro,pro,pro,3,0,3,0,alpha,0
43,44,A,C,77.6,-75.2,134.6,107.8,-98.0,4.5,12.8,0.987,0.003,0.009,0.481,pro,normal,pro,pro,pro,gly,3,0,3,0,alpha,0
44,45,Q,C,131.8,-83.7,134.3,113.6,-109.1,3.7,10.9,0.991,0.0,0.009,0.487,very_small,pro,pro,pro,gly,pro,3,0,3,1,alpha,0
45,46,P,C,90.1,-70.3,148.8,113.8,-99.2,5.8,10.9,0.996,0.0,0.004,0.476,normal,pro,pro,gly,pro,pro,2,0,3,1,alpha,0
46,47,P,C,89.0,-68.1,150.9,113.9,-97.6,4.9,11.5,0.998,0.0,0.002,0.469,pro,pro,gly,pro,pro,very_small,2,0,3,1,alpha,0
47,48,P,C,107.8,-69.4,144.3,108.6,-94.7,3.5,11.9,0.996,0.001,0.003,0.466,pro,gly,pro,pro,very_small,small,2,0,2,0,alpha,0
48,49,G,C,54.1,135.9,179.9,119.9,0.4,2.3,12.5,0.992,0.001,0.007,0.469,pro,pro,pro,very_small,small,pro,3,0,1,1,other,0
49,50,P,C,85.0,-73.8,147.5,116.2,-65.3,6.0,12.5,0.996,0.001,0.003,0.483,gly,pro,very_small,small,pro,very_small,2,0,0,1,alpha,0
50,51,P,C,80.1,-65.2,150.8,111.8,-96.8,6.7,12.5,0.991,0.006,0.003,0.497,pro,very_small,small,pro,very_small,normal,2,0,0,0,alpha,0
51,52,A,C,79.7,-75.1,143.2,110.9,-98.3,4.3,13.7,0.978,0.01,0.012,0.517,pro,small,pro,very_small,normal,pro,2,0,0,0,alpha,0
52,53,L,C,98.7,-85.8,132.6,114.7,-112.8,7.9,10.9,0.98,0.006,0.015,0.527,very_small,pro,very_small,normal,pro,gly,3,0,0,1,alpha,0
53,54,P,C,88.7,-67.1,144.3,108.1,-104.7,5.9,12.6,0.98,0.013,0.007,0.535,small,very_small,normal,pro,gly,pro,3,0,1,0,alpha,0
54,55,A,C,83.8,-77.2,-6.5,102.6,-111.3,4.2,11.6,0.974,0.015,0.011,0.527,pro,normal,pro,gly,pro,gly,3,0,2,0,beta,0
55,56,E,C,132.1,-94.0,119.9,113.3,86.3,3.6,11.5,0.982,0.004,0.014,0.517,very_small,pro,gly,pro,gly,pro,3,0,2,1,alpha,0
56,57,P,C,94.6,-69.5,134.2,107.1,-116.6,6.3,10.0,0.983,0.009,0.008,0.491,normal,gly,pro,gly,pro,very_small,2,0,2,0,alpha,0
57,58,G,C,51.7,-85.4,152.7,116.3,-106.2,4.4,10.3,0.984,0.007,0.009,0.477,pro,pro,gly,pro,very_small,pro,2,0,3,1,alpha,0
58,59,P,C,94.6,-74.7,124.9,106.2,-90.6,6.1,12.2,0.979,0.014,0.007,0.47,gly,gly,pro,very_small,pro,small,1,0,3,0,alpha,0
59,60,G,C,45.5,-102.3,165.4,122.7,-114.1,4.3,12.8,0.983,0.008,0.009,0.489,pro,pro,very_small,pro,small,small,2,0,4,1,alpha,0
60,61,P,C,89.8,-70.7,143.5,108.5,-84.5,7.0,14.0,0.985,0.007,0.007,0.519,gly,very_small,pro,small,small,very_small,1,0,5,0,alpha,0
61,62,V,C,79.3,-92.4,131.7,115.9,-132.6,8.7,13.6,0.978,0.008,0.014,0.567,pro,pro,small,small,very_small,very_small,2,0,6,1,alpha,0
62,63,P,C,73.9,-68.1,146.5,107.0,-107.1,9.6,12.8,0.954,0.042,0.004,0.595,very_small,small,small,very_small,very_small,small,2,0,6,0,alpha,0
63,64,S,C,78.8,-70.7,-22.6,98.4,-116.5,4.8,13.8,0.908,0.086,0.005,0.624,pro,small,very_small,very_small,small,very_small,3,0,6,0,beta,0
64,65,T,C,84.4,-78.2,-16.4,99.1,57.2,5.3,13.6,0.859,0.13,0.012,0.647,small,very_small,very_small,small,very_small,small,2,0,6,0,beta,0
65,66,V,C,63.9,-78.6,-14.9,100.8,70.7,12.4,10.7,0.832,0.153,0.015,0.677,small,very_small,small,very_small,small,small,1,0,6,0,beta,0
66,67,A,C,66.5,-75.2,-20.1,100.1,65.1,6.4,13.7,0.873,0.119,0.008,0.702,very_small,small,very_small,small,small,small,1,0,6,0,beta,0
67,68,T,C,80.3,-85.0,63.9,107.1,85.4,6.3,13.5,0.872,0.113,0.015,0.721,very_small,very_small,small,small,small,very_small,2,0,6,0,other,0
68,69,A,C,53.0,-79.8,62.1,106.3,116.2,11.8,10.7,0.885,0.107,0.008,0.728,small,small,small,small,very_small,pro,2,0,6,0,other,0
69,70,T,C,88.3,-83.4,28.7,105.6,123.0,5.4,13.9,0.891,0.101,0.009,0.737,very_small,small,small,very_small,pro,very_small,2,0,6,0,other,0
70,71,T,C,86.4,-84.1,11.7,105.0,126.4,6.3,13.0,0.846,0.146,0.008,0.748,small,small,very_small,pro,very_small,small,1,0,6,0,beta,0
71,72,T,C,73.3,-85.8,37.7,106.7,86.9,7.8,14.8,0.829,0.162,0.009,0.762,small,very_small,pro,very_small,small,very_small,1,0,6,0,other,0
72,73,A,C,45.3,-68.5,-34.6,97.9,73.0,12.0,13.4,0.699,0.296,0.005,0.775,small,pro,very_small,small,very_small,very_small,0,0,7,1,beta,0
73,74,P,H,70.4,-66.5,-35.3,95.1,56.8,7.6,17.1,0.468,0.526,0.006,0.773,very_small,very_small,small,very_small,very_small,very_small,1,0,7,0,beta,0
74,75,A,H,45.6,-67.3,-37.7,94.5,53.8,9.1,17.5,0.333,0.652,0.015,0.791,pro,small,very_small,very_small,very_small,very_small,2,0,6,0,beta,0
75,76,L,H,51.6,-68.0,-37.6,95.0,54.0,12.8,16.6,0.28,0.685,0.035,0.805,very_small,very_small,very_small,very_small,very_small,very_small,3,0,5,0,beta,0
76,77,V,H,54.6,-68.4,-37.1,95.4,53.3,10.4,18.1,0.276,0.635,0.089,0.825,small,very_small,very_small,very_small,very_small,very_small,3,0,6,0,beta,0
77,78,A,H,42.8,-67.9,-36.9,95.1,54.0,9.2,18.2,0.25,0.714,0.036,0.826,very_small,very_small,very_small,very_small,very_small,small,3,0,6,0,beta,0
78,79,A,H,40.3,-69.9,-33.6,96.4,54.9,11.4,17.2,0.251,0.715,0.034,0.807,very_small,very_small,very_small,very_small,small,very_small,3,0,5,0,beta,0
79,80,A,H,47.9,-70.1,-30.5,97.1,58.7,10.6,16.6,0.261,0.715,0.024,0.79,very_small,very_small,very_small,small,very_small,long,3,0,5,0,beta,0
80,81,A,H,55.5,-74.8,-19.6,98.9,60.2,8.4,15.8,0.318,0.662,0.02,0.767,very_small,very_small,small,very_small,long,normal,3,0,4,0,beta,0
81,82,A,H,53.8,-78.3,-6.3,102.2,74.5,10.5,13.3,0.343,0.64,0.017,0.749,very_small,small,very_small,long,normal,small,3,0,3,0,beta,0
82,83,S,H,69.2,-83.3,10.9,103.1,76.8,6.5,14.8,0.428,0.531,0.041,0.731,very_small,very_small,long,normal,small,pro,3,0,2,0,beta,0
83,84,V,C,80.5,-88.6,57.6,107.1,101.9,9.4,12.6,0.496,0.426,0.079,0.725,small,long,normal,small,pro,gly,2,0,2,0,other,0
84,85,R,C,134.3,-88.1,65.7,107.1,118.3,7.0,13.8,0.62,0.288,0.092,0.714,very_small,normal,small,pro,gly,pro,2,0,2,0,other,0
85,86,Q,C,109.9,-90.8,77.8,108.3,154.2,6.7,13.6,0.791,0.119,0.09,0.697,long,small,pro,gly,pro,very_small,1,0,2,0,other,0
86,87,S,C,58.3,-100.6,134.2,118.6,-177.6,8.0,14.8,0.911,0.006,0.082,0.694,normal,pro,gly,pro,very_small,small,1,0,2,1,alpha,0
87,88,P,C,81.2,-72.7,133.0,108.0,-109.6,8.3,16.4,0.966,0.005,0.029,0.665,small,gly,pro,very_small,small,very_small,0,0,2,0,alpha,0
88,89,G,C,29.7,-165.5,173.4,124.1,111.3,11.5,18.6,0.927,0.004,0.069,0.675,pro,pro,very_small,small,very_small,long,1,0,2,1,other,0
89,90,P,C,57.2,-77.4,141.2,113.0,-67.5,12.4,20.8,0.922,0.005,0.073,0.69,gly,very_small,small,very_small,long,small,1,1,2,0,alpha,0
90,91,A,C,13.7,-89.7,135.2,116.9,-130.5,22.5,19.3,0.753,0.006,0.241,0.712,pro,small,very_small,long,small,normal,2,1,2,0,alpha,0
91,92,L,E,31.4,-97.6,114.6,112.0,-156.8,18.5,25.9,0.472,0.006,0.522,0.73,very_small,very_small,long,small,normal,gly,2,1,2,0,alpha,0
92,93,A,E,4.8,-131.3,147.2,131.7,-140.0,24.5,23.3,0.138,0.001,0.862,0.756,small,long,small,normal,gly,long,3,0,2,0,alpha,0
93,94,R,E,46.4,-122.5,136.8,126.1,-158.9,16.7,28.2,0.023,0.0,0.977,0.766,very_small,small,normal,gly,long,normal,3,0,1,0,alpha,0
94,95,L,E,4.9,-103.8,129.8,119.4,-147.3,25.7,23.2,0.019,0.0,0.981,0.769,long,normal,gly,long,normal,cycle,2,0,1,0,alpha,0
95,96,E,E,45.9,-115.7,134.7,123.1,-165.0,14.6,26.7,0.093,0.0,0.907,0.761,small,gly,long,normal,cycle,normal,2,0,1,0,alpha,0
96,97,G,C,13.4,-154.9,170.9,133.0,155.4,17.3,19.7,0.577,0.01,0.413,0.761,normal,long,normal,cycle,normal,cycle,1,0,1,0,alpha,0
97,98,R,C,126.4,-72.6,-22.5,99.1,-98.4,9.6,19.9,0.97,0.006,0.023,0.783,gly,normal,cycle,normal,cycle,small,1,0,1,0,beta,0
98,99,E,C,92.2,-98.9,-1.6,104.0,15.6,10.2,20.0,0.976,0.002,0.022,0.817,long,cycle,normal,cycle,small,normal,0,1,1,0,beta,0
99,100,F,E,27.9,-132.4,146.9,133.1,47.2,19.6,19.3,0.26,0.002,0.738,0.85,normal,normal,cycle,small,normal,long,0,1,2,0,alpha,0
100,101,E,E,38.4,-117.1,135.8,124.3,-159.2,16.1,25.7,0.02,0.0,0.98,0.852,cycle,cycle,small,normal,long,normal,0,1,2,0,alpha,0
101,102,F,E,11.1,-119.8,134.4,125.4,-166.4,23.9,21.1,0.009,0.0,0.991,0.845,normal,small,normal,long,normal,pro,0,0,2,0,alpha,0
102,103,L,E,28.9,-95.7,125.7,115.2,-144.6,16.2,27.4,0.029,0.0,0.971,0.812,cycle,normal,long,normal,pro,small,0,1,2,0,alpha,0
103,104,M,E,6.9,-90.6,125.6,114.4,-145.5,25.6,18.1,0.41,0.004,0.586,0.806,small,long,normal,pro,small,very_small,1,1,2,0,alpha,0
104,105,R,C,103.2,-92.7,-22.5,103.3,-177.1,10.0,23.3,0.896,0.003,0.102,0.795,normal,normal,pro,small,very_small,small,1,1,3,0,beta,0
105,106,Q,C,87.1,-128.5,138.8,127.3,17.7,7.4,23.5,0.916,0.002,0.082,0.781,long,pro,small,very_small,small,small,1,0,4,1,alpha,0
106,107,P,C,30.5,-70.6,141.7,113.0,-105.0,19.5,22.0,0.922,0.004,0.074,0.761,normal,small,very_small,small,small,gly,0,0,4,0,alpha,0
107,108,S,E,22.7,-126.1,143.6,128.7,-171.3,15.0,25.2,0.267,0.002,0.731,0.747,pro,very_small,small,small,gly,long,1,0,4,0,alpha,0
108,109,V,E,4.8,-120.9,134.3,125.7,-159.4,25.5,21.6,0.015,0.0,0.985,0.748,small,small,small,gly,long,normal,1,0,5,0,alpha,0
109,110,T,E,23.7,-108.0,124.4,117.7,-155.5,15.4,28.9,0.006,0.0,0.994,0.725,very_small,small,gly,long,normal,small,2,1,5,0,alpha,0
110,111,I,E,3.2,-116.0,124.4,120.6,-167.5,26.3,24.2,0.045,0.0,0.955,0.701,small,gly,long,normal,small,small,1,1,5,0,alpha,0
111,112,G,C,8.4,-111.6,164.7,124.4,-149.4,21.2,26.4,0.574,0.003,0.422,0.68,small,long,normal,small,small,normal,2,1,5,0,alpha,0
112,113,R,C,37.7,-106.8,137.6,120.6,-132.7,20.7,24.1,0.824,0.004,0.172,0.671,gly,normal,small,small,normal,gly,1,0,6,0,alpha,0
113,114,N,C,47.2,-90.2,113.9,110.8,-128.5,14.2,22.7,0.939,0.002,0.059,0.663,long,small,small,normal,gly,small,1,0,6,0,alpha,0
114,115,S,C,39.4,-80.1,-8.9,100.5,-162.0,15.9,15.8,0.902,0.064,0.034,0.651,normal,small,normal,gly,small,very_small,0,0,6,0,beta,0
115,116,S,C,74.0,-85.0,-1.8,102.4,74.5,5.3,17.2,0.874,0.103,0.023,0.639,small,normal,gly,small,very_small,normal,0,0,6,0,beta,0
116,117,Q,C,106.0,-93.0,29.6,105.0,48.0,6.8,15.1,0.903,0.069,0.028,0.639,small,gly,small,very_small,normal,small,0,0,7,0,other,0
117,118,G,C,36.7,91.1,-156.1,112.1,-108.8,9.1,17.9,0.919,0.029,0.052,0.641,normal,small,very_small,normal,small,small,0,1,8,0,other,0
118,119,S,C,52.3,-98.4,133.9,116.7,-46.1,10.5,20.9,0.831,0.018,0.151,0.679,gly,very_small,normal,small,small,normal,0,1,7,0,alpha,0
119,120,V,E,13.7,-106.7,135.0,121.6,-152.3,23.5,17.0,0.456,0.004,0.54,0.729,small,normal,small,small,normal,gly,0,1,7,0,alpha,0
120,121,D,E,45.2,-103.4,122.2,115.4,-154.3,13.0,26.4,0.149,0.002,0.849,0.754,very_small,small,small,normal,gly,small,1,0,7,0,alpha,0
121,122,L,E,9.0,-113.9,128.0,121.6,-164.7,24.5,19.3,0.09,0.001,0.909,0.747,normal,small,normal,gly,small,small,1,0,7,0,alpha,0
122,123,S,E,35.1,-91.0,114.7,110.5,-142.1,12.2,27.1,0.228,0.001,0.771,0.732,small,normal,gly,small,small,small,2,0,7,0,alpha,0
123,124,M,C,12.5,-96.7,-3.0,101.7,-178.3,23.2,17.4,0.789,0.018,0.193,0.716,small,gly,small,small,small,cycle,1,0,7,0,beta,0
124,125,G,C,20.4,98.3,-170.1,124.6,-129.9,11.3,22.3,0.899,0.008,0.093,0.721,normal,small,small,small,cycle,small,1,0,7,0,other,0
125,126,L,C,101.9,-82.3,2.9,99.6,-24.2,7.7,20.7,0.939,0.032,0.029,0.734,gly,small,small,cycle,small,small,0,0,6,0,beta,0
126,127,S,C,28.9,-92.2,139.8,119.4,102.5,16.6,15.8,0.926,0.04,0.034,0.747,small,small,cycle,small,small,long,1,0,5,0,alpha,0
127,128,S,C,50.5,-83.6,-10.1,97.7,-153.2,12.1,23.2,0.877,0.064,0.059,0.763,small,cycle,small,small,long,long,1,0,6,0,beta,0
128,129,F,C,49.3,-114.4,139.2,123.1,79.0,15.4,24.5,0.54,0.043,0.417,0.774,small,small,small,long,long,cycle,1,0,6,0,alpha,0
129,130,I,E,7.2,-109.7,132.3,121.7,-160.1,25.1,22.3,0.353,0.016,0.632,0.792,cycle,small,long,long,cycle,small,0,0,5,0,alpha,0
130,131,S,C,8.6,-77.8,142.7,114.6,-117.5,22.9,23.5,0.562,0.024,0.414,0.801,small,long,long,cycle,small,normal,1,0,5,0,alpha,0
131,132,R,C,51.9,-77.3,-8.0,100.0,-132.6,19.5,24.8,0.858,0.028,0.114,0.81,small,long,cycle,small,normal,small,1,0,5,0,beta,0
132,133,R,C,57.8,-93.7,1.7,104.9,70.3,18.6,25.7,0.836,0.018,0.146,0.816,long,cycle,small,normal,small,small,1,0,5,0,beta,0
133,134,H,E,10.7,-117.1,133.7,119.3,60.3,23.9,25.8,0.472,0.016,0.512,0.829,long,small,normal,small,small,cycle,0,0,4,0,alpha,0
134,135,L,E,2.7,-128.1,144.1,130.0,-177.5,26.5,24.5,0.06,0.0,0.94,0.832,cycle,normal,small,small,cycle,normal,0,0,4,0,alpha,0
135,136,Q,E,26.6,-121.6,133.9,125.2,-162.3,16.8,29.2,0.003,0.0,0.997,0.811,small,small,small,cycle,normal,normal,1,0,4,0,alpha,0
136,137,L,E,3.9,-113.5,129.3,121.9,-162.4,26.2,22.3,0.001,0.0,0.999,0.789,normal,small,cycle,normal,normal,pro,1,1,4,0,alpha,0
137,138,S,E,22.8,-122.1,138.8,126.5,-168.7,12.9,28.1,0.004,0.0,0.996,0.767,small,cycle,normal,normal,pro,cycle,2,2,3,0,alpha,0
138,139,F,E,21.0,-127.9,145.3,130.1,-175.0,21.8,19.1,0.06,0.0,0.94,0.775,small,normal,normal,pro,cycle,cycle,1,3,2,0,alpha,0
139,140,Q,C,84.2,-97.1,46.0,109.3,-151.1,10.5,20.6,0.556,0.005,0.438,0.786,cycle,normal,pro,cycle,cycle,cycle,1,2,2,0,other,0
140,141,E,C,100.3,-107.7,115.1,113.7,8.9,8.7,18.1,0.936,0.003,0.061,0.81,normal,pro,cycle,cycle,cycle,small,0,1,2,1,alpha,0
141,142,P,C,75.7,-74.7,-2.8,99.2,-40.9,10.2,18.5,0.958,0.007,0.035,0.837,normal,cycle,cycle,cycle,small,long,0,0,1,0,beta,0
142,143,H,E,48.5,-125.4,146.7,129.7,72.1,13.1,22.6,0.409,0.004,0.587,0.883,pro,cycle,cycle,small,long,small,1,0,1,0,alpha,0
143,144,F,E,8.5,-126.6,144.2,130.9,-167.1,24.8,20.4,0.021,0.0,0.979,0.903,cycle,cycle,small,long,small,small,1,0,1,0,alpha,0
144,145,Y,E,35.6,-121.2,135.8,125.5,-161.8,15.9,28.6,0.002,0.0,0.998,0.917,cycle,small,long,small,small,gly,1,0,1,0,alpha,0
145,146,L,E,2.8,-107.0,128.6,119.8,-155.1,26.7,23.0,0.002,0.0,0.998,0.914,cycle,long,small,small,gly,long,0,0,1,0,alpha,0
146,147,R,E,55.6,-114.5,130.2,121.6,-164.2,14.2,28.6,0.003,0.0,0.997,0.893,small,small,small,gly,long,normal,1,0,1,0,alpha,0
147,148,C,E,8.8,-97.1,122.0,114.8,-151.7,24.0,21.5,0.042,0.0,0.958,0.854,long,small,gly,long,normal,gly,1,1,1,0,alpha,0
148,149,L,C,50.6,-97.3,13.9,105.8,-174.2,15.7,22.4,0.617,0.011,0.373,0.808,small,gly,long,normal,gly,very_small,1,1,0,0,beta,0
149,150,G,C,22.9,99.5,-165.3,121.6,-91.5,13.6,22.0,0.864,0.014,0.122,0.77,small,long,normal,gly,very_small,cycle,1,1,0,0,other,0
150,151,K,C,110.7,-73.1,-17.6,99.7,-26.8,9.2,21.2,0.901,0.045,0.054,0.764,gly,normal,gly,very_small,cycle,very_small,1,0,0,0,beta,0
151,152,N,C,39.1,-94.3,7.8,102.1,47.6,16.8,21.7,0.906,0.046,0.048,0.761,long,gly,very_small,cycle,very_small,normal,1,1,0,0,beta,0
152,153,G,C,8.8,119.5,178.7,122.3,-122.1,20.6,23.9,0.693,0.028,0.279,0.779,normal,very_small,cycle,very_small,normal,gly,0,1,0,0,other,0
153,154,V,E,7.3,-115.9,139.1,125.4,-120.8,24.5,23.3,0.223,0.002,0.776,0.81,gly,cycle,very_small,normal,gly,very_small,0,1,0,0,alpha,0
154,155,F,E,29.1,-116.3,136.0,124.5,-154.9,15.7,28.5,0.016,0.0,0.984,0.844,very_small,very_small,normal,gly,very_small,cycle,1,0,0,0,alpha,0
155,156,V,E,3.0,-118.6,124.0,120.7,-161.4,26.5,17.9,0.03,0.0,0.97,0.859,cycle,normal,gly,very_small,cycle,normal,1,1,0,0,alpha,0
156,157,D,C,54.9,57.6,39.7,92.7,-12.5,10.8,20.8,0.992,0.004,0.005,0.858,very_small,gly,very_small,cycle,normal,long,2,1,0,0,other,0
157,158,G,C,41.8,82.2,4.0,95.0,-51.6,9.7,19.2,0.995,0.004,0.001,0.829,normal,very_small,cycle,normal,long,long,1,1,0,0,other,0
158,159,A,E,49.7,-111.5,138.5,126.1,107.1,8.5,19.5,0.126,0.002,0.872,0.826,gly,cycle,normal,long,long,gly,1,0,0,0,alpha,0
159,160,F,E,79.2,-73.0,132.7,112.5,-115.1,15.5,20.1,0.13,0.002,0.868,0.825,very_small,normal,long,long,gly,very_small,1,0,0,0,alpha,0
160,161,Q,C,21.8,-101.9,137.8,118.8,-156.4,22.3,14.9,0.645,0.02,0.336,0.823,cycle,long,long,gly,very_small,pro,1,0,0,0,alpha,0
161,162,R,C,123.6,-94.0,142.7,119.4,-128.0,5.6,24.1,0.832,0.012,0.156,0.817,normal,long,gly,very_small,pro,very_small,1,0,0,0,alpha,0
162,163,R,C,107.6,-68.2,135.9,110.5,-100.5,13.9,16.9,0.936,0.007,0.057,0.792,long,gly,very_small,pro,very_small,small,0,0,0,0,alpha,0
163,164,G,C,47.0,85.6,-3.3,98.8,20.0,4.1,19.7,0.974,0.006,0.02,0.782,long,very_small,pro,very_small,small,normal,0,0,0,0,other,0
164,165,A,C,37.9,-84.7,146.4,119.9,128.4,12.6,14.3,0.982,0.0,0.018,0.778,gly,pro,very_small,small,normal,small,0,0,1,1,alpha,0
165,166,P,C,77.9,-68.9,148.1,113.5,-97.6,6.0,21.5,0.972,0.005,0.023,0.788,very_small,very_small,small,normal,small,pro,1,0,1,0,alpha,0
166,167,A,C,38.0,-71.8,140.2,112.9,-104.5,17.4,17.0,0.884,0.016,0.1,0.807,pro,small,normal,small,pro,normal,2,1,1,0,alpha,0
167,168,L,C,35.3,-113.6,136.1,122.8,-161.0,17.2,18.1,0.501,0.007,0.493,0.809,very_small,normal,small,pro,normal,normal,3,2,1,0,alpha,0
168,169,Q,E,94.6,-85.8,127.0,112.9,-126.2,8.3,24.6,0.386,0.004,0.61,0.808,small,small,pro,normal,normal,small,3,2,1,0,alpha,0
169,170,L,C,9.6,-93.5,138.9,119.4,-144.0,24.8,14.2,0.926,0.002,0.072,0.813,normal,pro,normal,normal,small,small,2,1,2,1,alpha,0
170,171,P,C,34.0,-69.4,152.2,114.7,-105.6,13.3,22.0,0.948,0.03,0.022,0.812,small,normal,normal,small,small,cycle,2,0,3,0,alpha,0
171,172,Q,C,89.9,-68.0,133.0,108.0,-89.5,10.7,23.1,0.94,0.039,0.021,0.826,pro,normal,small,small,cycle,long,2,0,3,0,alpha,0
172,173,Q,C,78.8,78.4,11.4,98.1,17.6,11.1,22.9,0.935,0.025,0.04,0.854,normal,small,small,cycle,long,cycle,2,0,3,0,other,0
173,174,C,C,6.1,-91.7,141.3,120.8,133.5,24.6,20.1,0.794,0.009,0.197,0.866,normal,small,cycle,long,cycle,pro,1,0,3,0,alpha,0
174,175,T,E,23.4,-118.7,134.9,124.5,-160.7,15.4,28.2,0.111,0.001,0.889,0.858,small,cycle,long,cycle,pro,small,0,0,3,0,alpha,0
175,176,F,E,3.6,-114.8,130.7,122.9,-159.3,26.7,22.0,0.025,0.0,0.974,0.854,small,long,cycle,pro,small,small,0,0,3,0,alpha,0
176,177,R,E,57.5,-112.0,125.9,119.3,-162.6,13.2,28.2,0.039,0.0,0.961,0.849,cycle,cycle,pro,small,small,very_small,0,0,3,0,alpha,0
177,178,F,C,11.5,-109.8,128.7,120.5,-165.3,24.5,18.9,0.582,0.002,0.416,0.839,long,pro,small,small,very_small,small,0,0,4,1,alpha,0
178,179,P,C,44.9,-65.6,-39.3,102.4,-108.7,13.9,19.2,0.957,0.01,0.033,0.818,cycle,small,small,very_small,small,long,0,0,5,0,beta,0
179,180,S,C,74.4,-86.3,-0.6,99.2,-20.1,6.2,19.4,0.964,0.018,0.019,0.806,pro,small,very_small,small,long,small,1,0,5,0,beta,0
180,181,T,C,46.2,-112.8,139.5,123.7,75.4,12.4,17.9,0.82,0.019,0.161,0.793,small,very_small,small,long,small,normal,1,0,5,0,alpha,0
181,182,A,C,35.2,-84.0,130.5,113.5,-129.0,14.5,23.1,0.642,0.014,0.345,0.786,small,small,long,small,normal,cycle,1,1,5,0,alpha,0
182,183,I,E,7.1,-106.4,130.6,120.3,-153.2,25.1,17.2,0.232,0.003,0.765,0.812,very_small,long,small,normal,cycle,small,1,1,5,0,alpha,0
183,184,K,E,69.2,-105.9,125.3,117.2,-152.7,10.6,27.9,0.064,0.002,0.934,0.822,small,small,normal,cycle,small,small,2,1,5,0,alpha,0
184,185,I,E,4.3,-118.0,131.9,124.3,-167.0,26.2,18.6,0.031,0.001,0.968,0.835,long,normal,cycle,small,small,small,2,0,5,0,alpha,0
185,186,Q,E,50.2,-115.3,131.5,121.8,-165.0,11.0,27.8,0.04,0.002,0.959,0.831,small,cycle,small,small,small,cycle,2,0,4,0,alpha,0
186,187,F,E,12.0,-111.4,132.0,122.1,-161.6,24.4,19.9,0.1,0.009,0.891,0.826,normal,small,small,small,cycle,cycle,1,0,4,0,alpha,0
187,188,T,E,39.5,-112.1,130.2,118.8,-169.5,13.4,24.5,0.245,0.03,0.725,0.819,cycle,small,small,cycle,cycle,long,1,0,4,0,alpha,0
188,189,S,E,24.8,-109.2,136.7,120.7,-150.7,16.7,21.0,0.431,0.079,0.49,0.798,small,small,cycle,cycle,long,normal,0,1,5,0,alpha,0
189,190,L,C,43.8,-83.1,10.2,104.8,-146.6,16.0,18.4,0.733,0.094,0.173,0.781,small,cycle,cycle,long,normal,normal,0,1,5,0,beta,0
190,191,Y,C,63.2,-93.0,97.3,110.6,97.2,13.3,17.7,0.799,0.112,0.089,0.784,small,cycle,long,normal,normal,very_small,1,1,4,0,other,0
191,192,H,C,97.6,-89.6,100.1,109.3,-157.9,10.1,16.5,0.834,0.123,0.044,0.788,cycle,long,normal,normal,very_small,pro,1,0,3,0,alpha,0
192,193,K,C,119.0,-78.1,-2.5,102.2,-155.6,8.1,13.6,0.822,0.153,0.024,0.774,cycle,normal,normal,very_small,pro,very_small,1,0,3,0,beta,0
193,194,E,C,120.4,-86.3,24.1,105.2,84.0,5.7,12.9,0.858,0.122,0.019,0.751,long,normal,very_small,pro,very_small,small,0,0,3,0,other,0
194,195,E,C,109.1,-95.4,126.7,114.5,121.8,7.1,14.2,0.92,0.054,0.026,0.732,normal,very_small,pro,very_small,small,pro,0,0,3,0,alpha,0
195,196,A,C,47.0,-87.3,139.4,117.5,-128.7,12.2,13.7,0.984,0.001,0.015,0.706,normal,pro,very_small,small,pro,small,0,0,3,1,alpha,0
196,197,P,C,62.0,-69.1,150.7,112.6,-101.1,10.7,15.2,0.994,0.001,0.006,0.685,very_small,very_small,small,pro,small,long,1,1,3,0,alpha,0
197,198,A,C,69.5,-78.0,137.9,111.3,-105.3,6.8,17.1,0.991,0.002,0.007,0.68,pro,small,pro,small,long,pro,2,2,3,0,alpha,0
198,199,S,C,43.0,-90.4,144.4,119.4,-125.3,13.3,14.6,0.99,0.002,0.009,0.683,very_small,pro,small,long,pro,small,3,2,3,1,alpha,0
199,200,P,C,68.1,-70.4,125.8,105.5,-102.6,10.2,17.5,0.98,0.016,0.004,0.69,small,small,long,pro,small,cycle,2,1,2,0,alpha,0
200,201,L,C,61.8,-86.2,132.5,114.3,-129.8,15.0,15.5,0.957,0.018,0.025,0.701,pro,long,pro,small,cycle,pro,2,0,2,0,alpha,0
201,202,R,C,109.4,-103.1,134.5,119.1,-146.6,9.8,18.0,0.968,0.008,0.023,0.714,small,pro,small,cycle,pro,normal,2,0,2,1,alpha,0
202,203,P,C,64.7,-69.5,142.2,109.9,-105.0,11.5,17.4,0.961,0.028,0.011,0.726,long,small,cycle,pro,normal,small,2,0,2,0,alpha,0
203,204,L,C,67.3,-78.4,113.1,107.4,-124.5,13.0,16.4,0.95,0.024,0.026,0.74,pro,cycle,pro,normal,small,small,2,0,2,0,alpha,0
204,205,Y,C,67.4,-104.3,118.9,115.6,-155.6,14.4,16.9,0.966,0.007,0.027,0.742,small,pro,normal,small,small,pro,2,0,2,1,alpha,0
205,206,P,C,59.8,-69.7,-13.1,100.6,-146.8,13.0,16.2,0.929,0.064,0.007,0.738,cycle,normal,small,small,pro,small,2,0,2,0,beta,0
206,207,Q,C,108.6,-84.7,25.0,104.6,83.5,6.5,17.4,0.864,0.086,0.05,0.736,pro,small,small,pro,small,long,2,1,2,0,other,0
207,208,I,C,63.9,-95.8,120.4,113.2,135.0,13.0,16.1,0.894,0.021,0.085,0.73,normal,small,pro,small,long,small,1,1,2,0,alpha,0
208,209,S,C,23.4,-82.9,140.2,116.8,-121.2,17.7,15.5,0.973,0.005,0.022,0.722,small,pro,small,long,small,cycle,2,1,2,1,alpha,0
209,210,P,C,70.8,-71.3,-17.6,95.9,-134.0,9.4,19.5,0.882,0.111,0.007,0.717,small,small,long,small,cycle,small,1,0,1,0,beta,0
210,211,L,C,39.3,-89.5,113.2,111.2,85.9,18.7,13.8,0.836,0.139,0.025,0.721,pro,long,small,cycle,small,pro,2,0,1,0,alpha,0
211,212,K,C,106.8,-94.7,126.1,114.5,-154.3,7.4,22.3,0.759,0.084,0.158,0.733,small,small,cycle,small,pro,normal,2,0,2,0,alpha,0
212,213,I,C,28.4,-104.5,130.4,118.3,-161.8,20.8,14.6,0.817,0.021,0.162,0.747,long,cycle,small,pro,normal,pro,2,0,2,0,alpha,0
213,214,H,C,102.5,-104.9,118.4,114.7,-156.6,7.2,23.0,0.9,0.007,0.093,0.754,small,small,pro,normal,pro,normal,2,0,2,0,alpha,0
214,215,I,C,32.3,-98.3,130.2,117.8,-151.9,20.1,15.5,0.97,0.001,0.029,0.764,cycle,pro,normal,pro,normal,small,1,0,3,1,alpha,0
215,216,P,C,36.3,-68.9,149.6,113.2,-105.6,14.3,17.6,0.992,0.004,0.004,0.742,small,normal,pro,normal,small,long,2,0,3,0,alpha,0
216,217,E,C,95.7,-76.1,138.8,111.7,-107.1,8.6,18.9,0.974,0.021,0.005,0.735,pro,pro,normal,small,long,small,2,1,3,1,alpha,0
217,218,P,C,77.0,-64.9,-25.1,96.0,-113.9,10.5,15.3,0.677,0.319,0.004,0.726,normal,normal,small,long,small,small,2,1,3,0,beta,0
218,219,D,C,81.4,-82.8,0.9,98.8,56.0,7.1,18.3,0.6,0.388,0.012,0.716,pro,small,long,small,small,very_small,2,2,4,0,beta,0
219,220,L,H,37.3,-75.9,-17.1,99.1,100.4,18.0,13.0,0.447,0.524,0.029,0.699,normal,long,small,small,very_small,small,1,1,3,0,beta,0
220,221,R,C,119.9,-74.9,-20.8,98.9,76.6,9.8,16.7,0.497,0.447,0.056,0.695,small,small,small,very_small,small,pro,2,1,4,0,beta,0
221,222,S,C,58.9,-91.7,30.1,106.8,63.3,8.0,17.7,0.612,0.33,0.058,0.698,long,small,very_small,small,pro,small,1,0,4,0,other,0
222,223,L,C,57.9,-87.9,64.2,106.8,132.6,14.7,14.3,0.807,0.129,0.064,0.702,small,very_small,small,pro,small,pro,1,0,5,0,other,0
223,224,V,C,72.5,-100.5,129.1,116.1,150.6,10.1,16.6,0.923,0.006,0.071,0.693,small,small,pro,small,pro,small,1,0,5,0,alpha,0
224,225,S,C,45.0,-90.2,140.1,117.9,-133.5,11.8,16.1,0.967,0.0,0.033,0.685,very_small,pro,small,pro,small,pro,2,0,6,1,alpha,0
225,226,P,C,73.0,-70.2,142.2,109.4,-98.6,9.4,17.4,0.983,0.0,0.016,0.65,small,small,pro,small,pro,small,2,1,6,0,alpha,0
226,227,I,C,58.3,-88.9,137.0,116.9,-122.1,15.0,15.0,0.987,0.0,0.013,0.639,pro,pro,small,pro,small,gly,2,1,6,1,alpha,0
227,228,P,C,66.9,-70.0,147.3,112.2,-103.1,9.4,18.4,0.991,0.0,0.008,0.62,small,small,pro,small,gly,small,2,1,6,0,alpha,0
228,229,S,C,40.3,-81.3,141.4,116.0,-116.3,14.9,15.6,0.988,0.0,0.011,0.613,pro,pro,small,gly,small,small,3,0,7,1,alpha,0
229,230,P,C,44.1,-69.3,145.0,111.0,-100.8,14.8,15.8,0.991,0.004,0.005,0.596,small,small,gly,small,small,small,2,0,7,0,alpha,0
230,231,T,C,86.4,-92.3,127.4,112.4,-134.4,6.3,19.3,0.966,0.008,0.026,0.593,pro,gly,small,small,small,very_small,2,0,7,0,alpha,0
231,232,G,C,36.9,113.8,-171.0,117.3,21.1,8.1,16.9,0.932,0.014,0.055,0.618,small,small,small,small,very_small,pro,1,0,7,0,other,0
232,233,T,C,67.8,-99.0,133.4,117.0,-96.1,9.4,19.3,0.869,0.016,0.115,0.645,gly,small,small,very_small,pro,normal,1,0,7,0,alpha,0
233,234,I,C,47.5,-92.5,91.2,110.1,-151.3,17.2,15.8,0.834,0.018,0.148,0.654,small,small,very_small,pro,normal,small,0,0,7,0,other,0
234,235,S,C,55.3,-103.8,125.1,115.5,167.5,9.0,21.5,0.823,0.008,0.169,0.679,small,very_small,pro,normal,small,small,1,0,7,0,alpha,0
235,236,V,C,31.6,-106.2,131.1,119.8,-173.1,18.2,15.9,0.928,0.001,0.071,0.686,small,pro,normal,small,small,pro,1,0,6,1,alpha,0
236,237,P,C,40.9,-68.6,145.3,112.0,-108.0,12.4,18.9,0.967,0.015,0.018,0.669,very_small,normal,small,small,pro,very_small,2,0,6,0,alpha,0
237,238,N,C,93.7,-73.0,-14.5,99.0,-124.7,9.3,16.3,0.954,0.023,0.023,0.668,pro,small,small,pro,very_small,small,2,0,6,0,beta,0
238,239,S,C,77.1,-86.6,2.7,101.5,58.7,4.2,17.8,0.948,0.009,0.043,0.653,normal,small,pro,very_small,small,pro,2,0,7,0,beta,0
239,240,C,C,31.9,-96.7,126.8,116.6,118.0,17.7,12.2,0.971,0.0,0.028,0.662,small,pro,very_small,small,pro,long,1,0,7,1,alpha,0
240,241,P,C,61.7,-69.9,145.8,111.0,-110.7,9.6,18.7,0.975,0.008,0.018,0.653,small,very_small,small,pro,long,gly,0,0,8,0,alpha,0
241,242,A,C,60.3,-76.5,96.9,106.2,-119.8,10.7,17.1,0.955,0.01,0.035,0.634,pro,small,pro,long,gly,very_small,1,0,7,0,other,0
242,243,S,C,39.0,-100.7,136.9,119.7,-153.8,13.2,17.3,0.952,0.005,0.044,0.622,very_small,pro,long,gly,very_small,gly,2,0,7,1,alpha,0
243,244,P,C,54.4,-72.1,131.4,107.4,-107.6,13.2,17.2,0.933,0.045,0.022,0.604,small,long,gly,very_small,gly,small,2,0,6,0,alpha,0
244,245,R,C,111.4,-83.6,115.5,109.3,-137.6,11.5,17.2,0.9,0.054,0.046,0.596,pro,gly,very_small,gly,small,small,2,0,6,0,alpha,0
245,246,G,C,34.3,113.1,-173.3,115.2,10.0,10.0,17.1,0.91,0.045,0.046,0.576,long,very_small,gly,small,small,small,1,0,5,0,other,0
246,247,A,C,60.6,-85.5,107.3,109.0,-84.2,10.1,17.2,0.933,0.038,0.029,0.584,gly,gly,small,small,small,cycle,1,0,5,0,alpha,0
247,248,G,C,36.9,100.4,-173.6,113.5,-17.1,9.3,17.1,0.949,0.029,0.022,0.592,very_small,small,small,small,cycle,long,1,0,5,0,other,0
248,249,S,C,47.8,-94.4,128.2,113.1,-105.2,11.9,16.5,0.938,0.043,0.019,0.615,gly,small,small,cycle,long,cycle,1,0,6,0,alpha,0
249,250,S,C,61.0,-79.2,-7.6,101.2,-148.4,10.1,16.4,0.902,0.09,0.008,0.636,small,small,cycle,long,cycle,very_small,1,1,6,0,beta,0
250,251,S,C,63.9,-81.7,-4.5,101.5,66.9,7.8,16.4,0.842,0.147,0.01,0.679,small,cycle,long,cycle,very_small,normal,0,1,6,0,beta,0
251,252,Y,C,94.3,-85.4,47.3,106.5,86.8,13.0,13.7,0.748,0.223,0.029,0.719,small,long,cycle,very_small,normal,normal,0,1,6,0,other,0
252,253,R,C,117.8,-81.6,8.3,104.0,113.4,9.1,17.0,0.72,0.234,0.046,0.766,cycle,cycle,very_small,normal,normal,very_small,0,0,6,0,beta,0
253,254,F,C,69.8,-87.5,49.8,106.6,87.9,13.6,15.1,0.698,0.248,0.054,0.79,long,very_small,normal,normal,very_small,small,0,0,5,0,other,0
254,255,V,C,63.4,-95.4,110.3,111.6,152.8,12.0,15.7,0.702,0.256,0.042,0.803,cycle,normal,normal,very_small,small,small,0,0,5,0,alpha,0
255,256,Q,C,100.4,-89.0,73.4,108.2,-178.9,8.7,15.6,0.775,0.2,0.024,0.805,very_small,normal,very_small,small,small,normal,1,0,5,0,other,0
256,257,N,C,94.1,-93.2,81.9,107.9,80.0,6.7,17.1,0.863,0.112,0.025,0.8,normal,very_small,small,small,normal,small,1,0,5,0,other,0
257,258,V,C,42.8,-96.7,128.3,115.6,166.5,16.7,13.7,0.924,0.049,0.027,0.811,normal,small,small,normal,small,normal,1,1,5,0,alpha,0
258,259,T,C,55.4,-88.1,155.8,114.6,-145.1,10.4,17.2,0.868,0.119,0.012,0.825,very_small,small,normal,small,normal,small,1,1,5,0,alpha,0
259,260,S,C,67.5,-69.2,-26.8,98.2,-117.6,6.9,16.7,0.573,0.424,0.003,0.817,small,normal,small,normal,small,very_small,1,1,4,0,beta,0
260,261,D,H,69.7,-71.6,-29.2,97.4,56.1,9.0,17.5,0.43,0.569,0.002,0.822,small,small,normal,small,very_small,very_small,1,0,3,0,beta,0
261,262,L,H,42.9,-66.5,-36.1,94.0,57.7,16.8,15.1,0.221,0.778,0.001,0.811,normal,normal,small,very_small,very_small,normal,0,0,2,0,beta,0
262,263,Q,H,94.4,-65.6,-37.7,93.7,56.3,7.3,19.5,0.197,0.801,0.001,0.816,small,small,very_small,very_small,normal,cycle,1,0,2,0,beta,0
263,264,L,H,70.7,-67.2,-38.5,94.0,51.6,7.8,20.5,0.188,0.81,0.002,0.807,normal,very_small,very_small,normal,cycle,very_small,1,0,3,0,beta,0
264,265,A,H,20.4,-66.3,-40.5,94.1,52.1,16.4,17.4,0.168,0.832,0.001,0.819,small,very_small,normal,cycle,very_small,very_small,2,0,3,0,beta,0
265,266,A,H,30.9,-64.8,-39.8,93.8,52.7,13.7,18.9,0.139,0.86,0.001,0.828,very_small,normal,cycle,very_small,very_small,long,2,0,3,0,beta,0
266,267,E,H,105.1,-66.5,-38.2,93.1,50.8,4.3,22.8,0.145,0.854,0.001,0.826,very_small,cycle,very_small,very_small,long,very_small,3,0,3,0,beta,0
267,268,F,H,52.0,-68.0,-38.8,94.1,50.7,12.7,18.9,0.152,0.846,0.002,0.814,normal,very_small,very_small,long,very_small,very_small,2,0,3,0,beta,0
268,269,A,H,21.1,-66.2,-39.5,94.2,52.3,17.4,16.2,0.155,0.843,0.001,0.796,cycle,very_small,long,very_small,very_small,small,1,0,3,0,beta,0
269,270,A,H,55.9,-66.5,-37.4,94.0,52.7,8.3,19.8,0.174,0.825,0.001,0.771,very_small,long,very_small,very_small,small,normal,1,0,2,0,beta,0
270,271,K,H,112.1,-69.3,-33.9,93.8,51.5,4.8,19.8,0.227,0.771,0.002,0.753,very_small,very_small,very_small,small,normal,normal,2,0,2,0,beta,0
271,272,A,H,29.8,-71.5,-32.8,96.7,56.2,14.6,14.9,0.298,0.701,0.001,0.734,long,very_small,small,normal,normal,normal,2,0,2,0,beta,0
272,273,A,H,40.0,-70.7,-29.3,97.3,58.1,13.3,15.5,0.422,0.574,0.004,0.711,very_small,small,normal,normal,normal,very_small,2,0,2,0,beta,0
273,274,S,C,62.9,-72.4,-25.1,98.9,64.3,6.9,16.0,0.506,0.487,0.007,0.693,very_small,normal,normal,normal,very_small,normal,2,0,2,0,beta,0
274,275,E,C,106.2,-71.2,-27.4,97.2,58.6,6.2,16.2,0.505,0.485,0.01,0.679,small,normal,normal,very_small,normal,very_small,2,0,3,0,beta,0
275,276,Q,C,83.9,-75.9,-21.7,98.9,58.6,9.7,14.6,0.551,0.433,0.016,0.667,normal,normal,very_small,normal,very_small,small,1,1,3,0,beta,0
276,277,Q,C,88.5,-75.0,-15.0,100.4,70.7,10.3,14.1,0.592,0.372,0.035,0.652,normal,very_small,normal,very_small,small,gly,0,1,3,0,beta,0
277,278,A,C,63.8,-71.5,-26.1,98.4,69.9,6.8,15.1,0.651,0.316,0.033,0.646,normal,normal,very_small,small,gly,gly,0,1,3,0,beta,0
278,279,D,C,84.9,-84.4,6.8,101.3,55.1,7.2,16.0,0.746,0.224,0.03,0.635,very_small,very_small,small,gly,gly,normal,1,0,3,0,beta,0
279,280,A,C,48.0,-77.8,-12.5,101.5,91.7,12.5,12.1,0.754,0.216,0.03,0.587,normal,small,gly,gly,normal,small,1,0,4,0,beta,0
280,281,S,C,69.4,-86.1,21.7,104.3,73.6,6.6,14.2,0.819,0.143,0.037,0.534,very_small,gly,gly,normal,small,pro,2,0,4,0,other,0
281,282,G,C,50.6,78.6,3.6,102.1,-86.9,5.4,15.3,0.913,0.065,0.022,0.511,small,gly,normal,small,pro,long,1,0,4,0,other,0
282,283,G,C,46.0,-75.4,33.7,107.7,70.0,6.5,14.4,0.933,0.041,0.026,0.511,gly,normal,small,pro,long,normal,1,0,4,0,other,0
283,284,D,C,92.6,-89.9,67.8,107.2,78.9,6.5,14.7,0.95,0.021,0.029,0.529,gly,small,pro,long,normal,normal,0,0,4,0,other,0
284,285,S,C,45.3,-92.9,139.2,118.6,172.8,10.5,14.3,0.967,0.004,0.029,0.532,normal,pro,long,normal,normal,small,0,0,4,1,alpha,0
285,286,P,C,61.5,-69.4,146.6,110.1,-104.7,11.5,15.2,0.947,0.043,0.009,0.543,small,long,normal,normal,small,long,0,0,4,0,alpha,0
286,287,K,C,121.1,-82.7,84.0,107.0,-123.4,7.4,16.0,0.87,0.114,0.015,0.571,pro,normal,normal,small,long,pro,1,0,4,0,other,0
287,288,D,C,88.1,-86.9,64.8,107.1,-157.2,7.6,14.7,0.802,0.177,0.021,0.597,long,normal,small,long,pro,pro,1,0,4,0,other,0
288,289,E,C,115.4,-84.7,8.1,102.4,134.5,7.2,14.9,0.823,0.162,0.015,0.606,normal,small,long,pro,pro,cycle,1,0,4,0,beta,0
289,290,S,C,51.0,-94.6,133.8,116.3,117.1,10.6,15.6,0.89,0.073,0.038,0.606,normal,long,pro,pro,cycle,small,0,0,4,0,alpha,0
290,291,K,C,92.1,-101.8,135.2,119.5,-147.6,11.0,19.8,0.971,0.002,0.027,0.62,small,pro,pro,cycle,small,cycle,0,0,4,1,alpha,0
291,292,P,C,15.0,-71.2,147.1,115.6,-107.0,22.0,17.1,0.991,0.003,0.006,0.649,long,pro,cycle,small,cycle,very_small,0,1,3,1,alpha,0
292,293,P,C,49.6,-74.0,5.4,101.8,-124.7,13.2,24.5,0.971,0.025,0.004,0.687,pro,cycle,small,cycle,very_small,normal,1,1,3,0,beta,0
293,294,Y,C,24.2,-124.4,146.7,129.2,67.5,22.2,22.3,0.911,0.048,0.041,0.717,pro,small,cycle,very_small,normal,small,2,1,3,0,alpha,0
294,295,S,C,13.5,-92.6,149.3,120.9,-130.3,19.9,26.8,0.838,0.088,0.074,0.752,cycle,cycle,very_small,normal,small,small,2,0,4,0,alpha,0
295,296,Y,H,6.0,-65.0,-35.7,94.4,-107.5,26.1,25.1,0.061,0.939,0.0,0.78,small,very_small,normal,small,small,very_small,1,1,4,0,beta,0
296,297,A,H,3.3,-64.7,-42.4,93.9,54.0,25.3,27.5,0.01,0.99,0.0,0.804,cycle,normal,small,small,very_small,normal,0,1,4,0,beta,0
297,298,Q,H,19.1,-65.4,-41.9,94.0,52.6,21.1,28.8,0.001,0.999,0.0,0.827,very_small,small,small,very_small,normal,very_small,1,1,4,0,beta,0
298,299,L,H,3.1,-65.1,-43.6,94.2,50.5,25.1,29.2,0.001,0.999,0.0,0.844,normal,small,very_small,normal,very_small,small,1,0,4,0,beta,0
299,300,I,H,0.7,-64.3,-44.4,93.9,50.4,28.6,29.7,0.001,0.999,0.0,0.859,small,very_small,normal,very_small,small,small,2,0,4,0,beta,0
300,301,V,H,6.3,-64.4,-43.2,93.9,51.6,24.0,28.8,0.0,1.0,0.0,0.863,small,normal,very_small,small,small,small,2,0,3,0,beta,0
301,302,Q,H,26.0,-64.8,-41.9,92.8,50.7,17.2,29.7,0.001,0.999,0.0,0.856,very_small,very_small,small,small,small,very_small,3,0,3,0,beta,0
302,303,A,H,1.3,-64.1,-44.4,93.5,50.2,25.6,27.0,0.001,0.999,0.0,0.844,normal,small,small,small,very_small,normal,2,0,4,0,beta,0
303,304,I,H,2.8,-65.3,-43.2,94.4,50.7,26.1,26.7,0.003,0.997,0.0,0.812,very_small,small,small,very_small,normal,normal,2,0,4,0,beta,0
304,305,S,H,36.7,-68.6,-32.4,92.8,53.0,15.1,25.0,0.046,0.954,0.0,0.79,small,small,very_small,normal,normal,long,2,0,5,0,beta,0
305,306,S,H,37.7,-88.5,-9.7,95.2,51.2,13.9,22.5,0.404,0.595,0.001,0.766,small,very_small,normal,normal,long,normal,2,0,4,0,beta,0
306,307,A,C,11.6,-77.5,140.0,114.6,98.7,23.1,12.3,0.945,0.042,0.013,0.763,small,normal,normal,long,normal,small,1,0,4,0,alpha,0
307,308,Q,C,102.4,-72.7,-23.2,98.2,-139.0,7.7,19.9,0.946,0.046,0.008,0.78,very_small,normal,long,normal,small,small,1,0,4,0,beta,0
308,309,D,C,84.1,-90.9,0.8,98.0,46.7,5.7,17.0,0.964,0.031,0.004,0.803,normal,long,normal,small,small,small,1,0,4,0,beta,0
309,310,R,C,109.3,62.4,27.9,95.7,-115.7,12.4,17.8,0.974,0.018,0.008,0.803,normal,normal,small,small,small,small,1,0,4,0,other,0
310,311,Q,C,62.2,-111.9,145.1,125.9,126.8,9.7,23.4,0.732,0.016,0.252,0.801,long,small,small,small,small,gly,0,0,4,0,alpha,0
311,312,L,E,10.0,-112.8,138.2,124.3,-155.6,24.1,20.4,0.433,0.003,0.564,0.802,normal,small,small,small,gly,small,0,0,5,0,alpha,0
312,313,T,E,18.1,-87.0,151.4,121.9,-130.9,14.5,27.7,0.405,0.002,0.593,0.806,small,small,small,gly,small,cycle,1,0,5,0,alpha,0
313,314,L,H,3.9,-62.1,-37.1,92.7,-109.0,26.7,21.9,0.031,0.969,0.0,0.801,small,small,gly,small,cycle,very_small,1,0,5,0,beta,0
314,315,S,H,27.0,-64.0,-40.9,93.2,55.7,15.9,25.6,0.011,0.989,0.0,0.782,small,gly,small,cycle,very_small,cycle,2,1,5,0,beta,0
315,316,G,H,18.9,-65.9,-39.6,92.8,50.3,11.3,26.1,0.008,0.992,0.0,0.772,small,small,cycle,very_small,cycle,small,1,1,4,0,beta,0
316,317,I,H,2.5,-65.6,-43.8,94.3,50.0,25.6,22.8,0.009,0.991,0.0,0.799,gly,cycle,very_small,cycle,small,small,1,1,3,0,beta,0
317,318,Y,H,11.8,-63.8,-42.9,93.9,51.6,24.0,23.5,0.005,0.995,0.0,0.825,small,very_small,cycle,small,small,long,1,0,3,0,beta,0
318,319,A,H,42.7,-64.1,-40.9,92.3,51.2,7.5,26.4,0.002,0.998,0.0,0.837,cycle,cycle,small,small,long,cycle,1,0,3,0,beta,0
319,320,H,H,35.4,-65.9,-42.0,93.3,50.3,13.1,23.0,0.002,0.998,0.0,0.835,very_small,small,small,long,cycle,cycle,2,0,4,0,beta,0
320,321,I,H,2.9,-65.7,-42.9,94.1,49.9,25.8,18.7,0.003,0.997,0.0,0.841,cycle,small,long,cycle,cycle,pro,1,0,4,0,beta,0
321,322,T,H,33.5,-65.7,-38.1,93.3,51.5,16.1,18.5,0.012,0.988,0.0,0.828,small,long,cycle,cycle,pro,cycle,2,0,4,0,beta,0
322,323,K,H,127.9,-70.4,-32.7,92.8,50.4,3.3,21.0,0.116,0.884,0.0,0.834,small,cycle,cycle,pro,cycle,cycle,1,0,4,0,beta,0
323,324,H,H,73.0,-98.5,-17.1,100.6,35.5,11.4,17.2,0.399,0.601,0.0,0.853,long,cycle,pro,cycle,cycle,long,1,0,3,0,beta,0
324,325,Y,C,16.2,-122.8,85.0,113.1,33.1,22.9,13.2,0.972,0.025,0.003,0.85,cycle,pro,cycle,cycle,long,small,0,1,3,1,other,0
325,326,P,C,65.6,-67.3,-28.1,93.8,-169.5,8.8,20.5,0.63,0.368,0.001,0.844,cycle,cycle,cycle,long,small,very_small,0,1,2,0,beta,0
326,327,Y,H,50.0,-68.5,-32.2,93.3,58.6,15.4,19.8,0.405,0.593,0.003,0.853,pro,cycle,long,small,very_small,normal,1,1,2,0,beta,0
327,328,Y,H,10.4,-74.0,-25.7,94.8,55.5,24.4,15.7,0.279,0.717,0.004,0.859,cycle,long,small,very_small,normal,long,1,1,3,0,beta,0
328,329,R,H,102.1,-69.0,-26.9,93.6,62.9,12.4,19.4,0.311,0.685,0.004,0.846,cycle,small,very_small,normal,long,gly,1,2,3,0,beta,0
329,330,T,H,73.8,-94.3,-3.6,98.3,48.3,6.5,21.8,0.395,0.602,0.003,0.834,long,very_small,normal,long,gly,cycle,0,2,3,0,beta,0
330,331,A,C,18.8,-79.0,139.2,114.4,101.9,20.0,10.5,0.936,0.055,0.008,0.809,small,normal,long,gly,cycle,normal,0,1,3,0,alpha,0
331,332,D,C,89.9,-76.2,-23.9,101.9,-139.5,6.6,18.6,0.884,0.109,0.007,0.788,very_small,long,gly,cycle,normal,normal,1,0,3,0,beta,0
332,333,K,C,127.2,-71.9,-21.3,98.6,35.5,4.8,18.1,0.835,0.158,0.007,0.763,normal,gly,cycle,normal,normal,small,1,0,2,0,beta,0
333,334,G,C,25.0,-41.7,-24.1,99.0,43.7,11.7,18.1,0.769,0.22,0.012,0.747,long,cycle,normal,normal,small,small,1,1,3,0,other,0
334,335,W,C,28.7,-73.1,-25.1,96.8,62.9,22.6,16.1,0.555,0.413,0.032,0.758,gly,normal,normal,small,small,long,0,1,3,0,beta,0
335,336,Q,C,69.9,-69.7,-29.1,95.8,63.7,14.0,20.4,0.507,0.445,0.048,0.783,cycle,normal,small,small,long,cycle,0,1,3,0,beta,0
336,337,N,C,62.7,-92.1,11.7,102.8,52.8,10.9,21.9,0.59,0.359,0.051,0.801,normal,small,small,long,cycle,normal,0,0,3,0,beta,0
337,338,S,C,23.8,-93.0,130.4,113.8,113.0,17.3,20.6,0.583,0.267,0.149,0.811,normal,small,long,cycle,normal,small,0,1,3,0,alpha,0
338,339,I,C,16.7,-95.9,127.4,115.1,-140.7,23.3,22.9,0.51,0.296,0.194,0.819,small,long,cycle,normal,small,small,0,1,3,0,alpha,0
339,340,R,C,35.7,-106.8,128.9,117.3,-164.9,19.8,26.8,0.536,0.304,0.161,0.825,small,cycle,normal,small,small,small,1,1,3,0,alpha,0
340,341,H,C,15.6,-107.5,136.1,120.8,-150.3,23.4,25.9,0.574,0.294,0.132,0.841,long,normal,small,small,small,normal,1,0,2,0,alpha,0
341,342,N,C,13.6,-95.0,122.9,113.4,-145.1,22.9,26.4,0.635,0.269,0.095,0.833,cycle,small,small,small,normal,long,1,0,2,0,alpha,0
342,343,L,C,20.8,-77.4,-15.2,101.9,-148.3,22.6,24.3,0.631,0.282,0.087,0.819,normal,small,small,normal,long,cycle,0,0,2,0,beta,0
343,344,S,C,21.0,-75.8,-19.0,98.8,68.3,19.0,25.1,0.62,0.29,0.09,0.802,small,small,normal,long,cycle,cycle,1,0,2,0,beta,0
344,345,L,C,11.5,-82.7,-9.5,100.3,72.2,23.7,21.9,0.563,0.397,0.04,0.815,small,normal,long,cycle,cycle,small,1,1,3,0,beta,0
345,346,N,C,34.1,-71.2,-28.7,99.4,79.7,20.5,20.5,0.648,0.317,0.035,0.836,small,long,cycle,cycle,small,long,2,2,3,0,beta,0
346,347,R,C,110.4,-72.3,-23.4,94.9,71.7,9.9,25.2,0.608,0.335,0.057,0.858,normal,cycle,cycle,small,long,very_small,1,2,3,0,beta,0
347,348,Y,C,22.9,-91.6,-13.1,100.5,48.4,21.4,21.7,0.584,0.314,0.102,0.88,long,cycle,small,long,very_small,pro,1,1,3,0,beta,0
348,349,F,E,6.7,-110.7,133.3,123.2,70.5,25.9,17.8,0.388,0.023,0.589,0.887,cycle,small,long,very_small,pro,long,0,0,2,0,alpha,0
349,350,I,E,46.2,-116.6,134.3,123.4,-166.8,13.9,25.1,0.156,0.002,0.842,0.876,cycle,long,very_small,pro,long,small,0,0,2,0,alpha,0
350,351,K,E,72.3,-84.2,127.7,113.5,-125.4,16.8,20.5,0.218,0.002,0.78,0.854,small,very_small,pro,long,small,normal,1,0,2,0,alpha,0
351,352,V,C,20.5,-120.6,141.4,126.9,-172.3,19.5,18.4,0.669,0.002,0.329,0.822,long,pro,long,small,normal,normal,1,1,2,1,alpha,0
352,353,P,C,64.1,-69.5,144.7,113.9,-104.6,8.8,23.5,0.864,0.003,0.133,0.759,very_small,long,small,normal,normal,normal,2,1,3,0,alpha,0
353,354,R,C,64.8,-84.8,125.4,111.4,-128.8,19.1,14.4,0.928,0.003,0.069,0.721,pro,small,normal,normal,normal,pro,2,1,3,0,alpha,0
354,355,S,C,45.4,-104.5,150.3,122.6,-156.5,8.7,18.4,0.954,0.002,0.044,0.689,long,normal,normal,normal,pro,gly,2,0,2,0,alpha,0
355,356,Q,C,127.4,-68.5,-22.5,95.4,-119.9,5.3,14.3,0.992,0.004,0.003,0.66,small,normal,normal,pro,gly,long,1,1,2,0,beta,0
356,357,E,C,137.2,-81.7,-10.5,97.4,57.7,2.5,16.3,0.991,0.005,0.004,0.65,normal,normal,pro,gly,long,gly,0,1,2,0,beta,0
357,358,E,C,82.5,-102.5,126.5,118.1,77.0,9.3,15.7,0.977,0.002,0.021,0.645,normal,pro,gly,long,gly,small,0,1,2,1,alpha,0
358,359,P,C,59.5,-68.9,137.3,109.3,-111.4,13.3,18.3,0.942,0.033,0.026,0.616,normal,gly,long,gly,small,cycle,0,1,2,0,alpha,0
359,360,G,C,19.6,92.8,-6.7,108.3,26.1,15.7,20.1,0.866,0.047,0.088,0.598,pro,long,gly,small,cycle,cycle,1,1,2,0,other,0
360,361,K,C,70.6,-100.1,132.2,116.2,144.0,12.8,23.1,0.797,0.05,0.153,0.599,gly,gly,small,cycle,cycle,long,1,1,3,0,alpha,0
361,362,G,C,12.3,145.9,-177.1,120.9,109.9,19.7,22.3,0.785,0.05,0.165,0.643,long,small,cycle,cycle,long,small,1,0,3,0,other,0
362,363,S,C,21.6,-92.4,63.8,108.2,-155.3,19.7,24.9,0.731,0.06,0.208,0.693,gly,cycle,cycle,long,small,normal,0,0,3,0,other,0
363,364,F,C,34.2,-90.8,30.9,106.3,153.5,19.9,25.0,0.605,0.079,0.316,0.737,small,cycle,long,small,normal,pro,0,0,3,0,other,0
364,365,W,C,17.3,-100.6,134.5,118.5,145.2,24.1,21.1,0.564,0.081,0.356,0.779,cycle,long,small,normal,pro,very_small,0,0,3,0,alpha,0
365,366,R,C,58.5,-127.4,143.7,129.3,-177.2,14.0,28.2,0.547,0.052,0.401,0.821,cycle,small,normal,pro,very_small,small,0,1,2,0,alpha,0
366,367,I,C,14.4,-78.2,128.9,112.3,-120.3,23.8,18.1,0.743,0.011,0.246,0.829,long,normal,pro,very_small,small,normal,0,1,2,0,alpha,0
367,368,D,C,34.3,-92.9,110.3,109.5,-139.8,13.3,19.3,0.993,0.001,0.006,0.838,small,pro,very_small,small,normal,very_small,1,1,2,1,alpha,0
368,369,P,H,83.6,-62.8,-32.7,92.5,-145.4,7.9,17.0,0.138,0.862,0.0,0.793,normal,very_small,small,normal,very_small,long,1,0,2,0,beta,0
369,370,A,H,71.2,-66.0,-37.1,91.9,53.6,2.3,21.2,0.103,0.897,0.0,0.779,pro,small,normal,very_small,long,small,2,0,2,0,beta,0
370,371,S,H,16.9,-70.2,-34.8,93.9,49.5,16.4,15.4,0.039,0.961,0.0,0.765,very_small,normal,very_small,long,small,very_small,2,1,2,0,beta,0
371,372,E,H,42.1,-62.7,-41.2,93.1,55.4,17.3,17.3,0.012,0.988,0.0,0.764,small,very_small,long,small,very_small,normal,2,1,2,0,beta,0
372,373,A,H,61.0,-64.0,-39.8,92.2,51.3,4.2,22.0,0.015,0.985,0.0,0.776,normal,long,small,very_small,normal,normal,1,1,2,0,beta,0
373,374,K,H,95.9,-66.7,-39.5,92.9,49.9,5.4,22.0,0.014,0.986,0.0,0.788,very_small,small,very_small,normal,normal,very_small,1,0,1,0,beta,0
374,375,L,H,22.2,-66.4,-41.5,94.0,49.5,16.7,17.9,0.016,0.984,0.0,0.81,long,very_small,normal,normal,very_small,cycle,1,0,1,0,beta,0
375,376,V,H,31.0,-65.0,-40.8,93.9,51.5,16.2,18.7,0.028,0.972,0.0,0.822,small,normal,normal,very_small,cycle,long,2,0,1,0,beta,0
376,377,E,H,97.7,-65.4,-39.7,93.2,50.4,5.3,22.1,0.047,0.952,0.0,0.842,very_small,normal,very_small,cycle,long,long,2,0,1,0,beta,0
377,378,Q,H,75.4,-66.9,-39.3,93.6,50.2,7.3,21.1,0.099,0.901,0.0,0.83,normal,very_small,cycle,long,long,long,2,0,1,0,beta,0
378,379,A,H,20.9,-66.9,-40.5,94.3,50.6,14.6,17.9,0.194,0.805,0.001,0.82,normal,cycle,long,long,long,long,1,1,2,0,beta,0
379,380,F,H,48.2,-67.4,-38.2,94.5,51.2,15.3,17.4,0.347,0.636,0.017,0.823,very_small,long,long,long,long,normal,1,1,2,0,beta,0
380,381,R,H,115.9,-66.8,-36.4,94.0,54.0,6.8,18.3,0.459,0.51,0.031,0.818,cycle,long,long,long,normal,long,1,1,2,0,beta,0
381,382,K,C,100.6,-69.3,-35.0,94.1,51.6,6.3,17.1,0.497,0.47,0.033,0.805,long,long,long,normal,long,gly,1,0,1,0,beta,0
382,383,R,C,84.3,-71.8,-31.5,95.7,51.8,11.3,13.3,0.536,0.419,0.045,0.781,long,long,normal,long,gly,very_small,0,0,2,0,beta,0
383,384,R,C,121.6,-67.7,-34.9,94.7,56.3,7.1,13.7,0.583,0.367,0.05,0.768,long,normal,long,gly,very_small,small,0,0,2,0,beta,0
384,385,Q,C,125.9,-72.0,-24.4,95.4,54.2,2.5,12.9,0.627,0.312,0.061,0.744,long,long,gly,very_small,small,small,0,0,2,0,beta,0
385,386,R,C,130.4,-87.2,-1.7,97.8,50.1,5.5,11.1,0.796,0.164,0.04,0.72,normal,gly,very_small,small,small,cycle,0,1,2,0,beta,0
386,387,G,C,55.9,78.6,7.0,98.7,-105.7,2.6,15.2,0.959,0.027,0.013,0.703,long,very_small,small,small,cycle,long,0,2,2,0,other,0
387,388,V,C,70.8,-100.4,139.5,120.7,117.4,8.4,12.7,0.933,0.021,0.046,0.716,gly,small,small,cycle,long,small,0,3,2,0,alpha,0
388,389,S,C,67.1,-84.3,136.7,113.5,-122.7,6.9,17.2,0.904,0.033,0.063,0.731,very_small,small,cycle,long,small,pro,1,3,3,0,alpha,0
389,390,C,C,46.6,-103.2,133.5,117.0,-155.0,15.4,13.5,0.848,0.038,0.113,0.741,small,cycle,long,small,pro,cycle,1,2,4,0,alpha,0
390,391,F,C,98.1,-106.5,130.5,117.8,-158.6,9.8,17.8,0.816,0.036,0.147,0.74,small,long,small,pro,cycle,gly,1,2,4,0,alpha,0
391,392,R,C,96.9,-105.6,135.3,118.9,-155.6,12.3,16.1,0.9,0.01,0.09,0.737,cycle,small,pro,cycle,gly,pro,0,1,5,0,alpha,0
392,393,T,C,48.9,-101.7,147.3,122.4,-146.6,11.7,16.1,0.949,0.004,0.047,0.716,long,pro,cycle,gly,pro,small,0,1,5,1,alpha,0
393,394,P,C,75.2,-69.0,-21.4,98.1,-112.9,9.2,17.1,0.956,0.032,0.012,0.689,small,cycle,gly,pro,small,small,0,0,5,0,beta,0
394,395,F,C,90.3,-87.7,-2.2,100.8,50.5,10.9,15.4,0.949,0.032,0.019,0.67,pro,gly,pro,small,small,small,1,0,5,0,beta,0
395,396,G,C,27.4,116.0,-169.3,123.5,-173.5,9.2,17.7,0.952,0.02,0.028,0.646,cycle,pro,small,small,small,long,1,0,6,1,other,0
396,397,P,C,75.5,-69.4,-24.4,96.4,-23.3,8.4,17.4,0.923,0.065,0.012,0.63,gly,small,small,small,long,small,1,1,6,0,beta,0
397,398,L,C,67.9,-83.1,-7.8,97.9,55.3,12.3,14.4,0.845,0.125,0.029,0.621,pro,small,small,long,small,very_small,1,1,7,0,beta,0
398,399,S,C,50.6,-73.2,-21.9,100.6,82.2,12.1,13.6,0.836,0.122,0.042,0.604,small,small,long,small,very_small,pro,2,1,7,0,beta,0
399,400,S,C,65.8,-76.9,-12.0,99.9,68.0,7.4,15.5,0.841,0.113,0.046,0.59,small,long,small,very_small,pro,very_small,2,0,6,0,beta,0
400,401,R,C,122.7,-84.3,1.4,102.2,69.1,9.0,13.0,0.904,0.064,0.032,0.571,small,small,very_small,pro,very_small,small,1,0,6,0,beta,0
401,402,S,C,66.1,-85.8,27.7,105.2,87.7,7.8,14.3,0.954,0.012,0.034,0.548,long,very_small,pro,very_small,small,pro,0,0,6,0,other,0
402,403,A,C,49.8,-91.2,135.6,117.1,123.9,10.5,13.7,0.982,0.001,0.017,0.545,small,pro,very_small,small,pro,small,0,0,6,1,alpha,0
403,404,P,C,69.1,-70.8,143.9,110.3,-102.6,10.3,16.5,0.987,0.003,0.01,0.528,very_small,very_small,small,pro,small,cycle,1,0,6,0,alpha,0
404,405,A,C,52.7,-78.5,136.8,111.4,-116.8,12.0,16.7,0.984,0.001,0.015,0.522,pro,small,pro,small,cycle,pro,2,0,6,0,alpha,0
405,406,S,C,29.3,-90.9,140.3,118.0,-128.5,16.1,15.9,0.987,0.0,0.013,0.525,very_small,pro,small,cycle,pro,gly,3,1,6,1,alpha,0
406,407,P,C,67.4,-70.1,-19.9,97.3,-132.7,11.2,17.2,0.991,0.007,0.002,0.529,small,small,cycle,pro,gly,small,2,1,7,0,beta,0
407,408,T,C,76.5,-87.6,-0.9,101.8,57.5,8.1,17.7,0.985,0.006,0.009,0.556,pro,cycle,pro,gly,small,normal,2,1,8,0,beta,0
408,409,H,C,53.5,-94.5,119.4,113.7,94.7,15.1,14.1,0.979,0.002,0.019,0.581,small,pro,gly,small,normal,small,1,0,8,1,alpha,0
409,410,P,C,77.9,-67.2,-21.5,97.2,-138.0,8.9,16.8,0.943,0.051,0.006,0.567,cycle,gly,small,normal,small,pro,1,0,7,0,beta,0
410,411,G,C,31.8,-75.6,-20.1,96.5,52.7,9.6,16.5,0.922,0.058,0.02,0.568,pro,small,normal,small,pro,long,1,0,6,0,beta,0
411,412,L,C,56.7,-82.3,2.1,103.2,71.5,13.7,15.0,0.874,0.063,0.063,0.573,gly,normal,small,pro,long,small,1,0,7,0,beta,0
412,413,M,C,72.9,-88.8,45.0,106.7,82.6,11.2,16.8,0.894,0.016,0.09,0.573,small,small,pro,long,small,small,2,0,6,0,other,0
413,414,S,C,37.1,-99.7,130.6,117.1,146.5,12.1,16.3,0.959,0.001,0.04,0.572,normal,pro,long,small,small,gly,1,1,6,1,alpha,0
414,415,P,C,76.9,-69.0,-20.0,97.4,-133.8,9.6,15.6,0.952,0.042,0.006,0.574,small,long,small,small,gly,small,1,1,6,0,beta,0
415,416,R,C,132.1,-80.6,-9.6,99.9,59.7,6.6,15.4,0.912,0.073,0.014,0.576,pro,small,small,gly,small,normal,1,1,6,0,beta,0
416,417,S,C,51.0,-84.5,37.9,105.7,79.3,11.3,13.1,0.878,0.089,0.033,0.557,long,small,gly,small,normal,small,1,0,6,0,other,0
417,418,S,C,62.3,-76.8,-5.6,100.6,107.4,9.3,15.2,0.899,0.079,0.023,0.541,small,gly,small,normal,small,pro,1,0,6,0,beta,0
418,419,G,C,43.2,76.2,-1.4,102.7,-49.5,7.4,17.5,0.927,0.044,0.029,0.541,small,small,normal,small,pro,normal,0,0,5,0,other,0
419,420,L,C,69.2,-94.8,97.8,110.7,93.1,11.4,16.0,0.892,0.026,0.082,0.575,gly,normal,small,pro,normal,small,0,0,5,0,other,0
420,421,Q,C,60.3,-96.3,133.1,117.4,-174.8,14.8,16.1,0.901,0.005,0.094,0.609,small,small,pro,normal,small,small,1,1,6,0,alpha,0
421,422,T,C,43.7,-100.8,150.7,122.7,-153.0,11.4,19.3,0.977,0.001,0.022,0.637,normal,pro,normal,small,small,small,1,1,6,1,alpha,0
422,423,P,H,63.9,-64.7,-26.5,94.4,-106.1,13.8,16.6,0.477,0.522,0.001,0.645,small,normal,small,small,small,long,1,1,6,0,beta,0
423,424,E,H,101.6,-73.4,-19.8,95.1,61.3,8.1,18.5,0.404,0.592,0.004,0.674,pro,small,small,small,long,normal,1,0,6,0,beta,0
424,425,C,H,37.0,-84.8,8.5,102.8,66.7,15.1,15.8,0.39,0.599,0.011,0.668,normal,small,small,long,normal,gly,1,0,5,0,beta,0
425,426,L,C,52.9,-74.6,-18.8,98.5,87.1,14.1,16.2,0.534,0.403,0.063,0.649,small,small,long,normal,gly,small,1,0,5,0,beta,0
426,427,S,C,39.6,-84.8,119.7,110.5,105.5,13.5,16.3,0.786,0.087,0.127,0.632,small,long,normal,gly,small,pro,1,0,5,0,alpha,0
427,428,R,C,87.4,-97.8,135.3,116.4,-175.8,12.5,15.4,0.885,0.021,0.094,0.591,small,normal,gly,small,pro,small,1,0,4,0,alpha,0
428,429,E,C,132.0,-75.1,133.9,110.7,-99.3,4.8,17.7,0.93,0.009,0.061,0.563,long,gly,small,pro,small,pro,1,0,3,0,alpha,0
429,430,G,C,42.9,89.3,-12.3,107.8,18.3,6.3,17.4,0.949,0.003,0.048,0.551,normal,small,pro,small,pro,cycle,0,0,3,0,other,0
430,431,S,C,33.6,-92.6,139.5,119.3,-161.6,15.3,15.1,0.958,0.0,0.041,0.549,gly,pro,small,pro,cycle,normal,0,0,4,1,alpha,0
431,432,P,C,51.5,-70.1,137.7,107.5,-106.5,12.7,17.4,0.98,0.002,0.018,0.568,small,small,pro,cycle,normal,pro,0,0,4,0,alpha,0
432,433,I,C,61.6,-96.0,136.3,118.1,-133.9,13.2,17.3,0.954,0.003,0.043,0.592,pro,pro,cycle,normal,pro,normal,1,1,3,1,alpha,0
433,434,P,C,61.6,-69.8,140.8,109.3,-105.9,12.0,17.2,0.971,0.014,0.015,0.609,small,cycle,normal,pro,normal,small,2,1,3,0,alpha,0
434,435,H,C,89.1,-84.9,31.2,106.1,-141.0,12.1,15.9,0.969,0.013,0.018,0.645,pro,normal,pro,normal,small,gly,3,1,4,0,other,0
435,436,D,C,66.5,-99.2,122.3,115.1,163.1,10.1,16.9,0.973,0.005,0.021,0.677,cycle,pro,normal,small,gly,small,2,0,4,1,alpha,0
436,437,P,C,71.0,-67.3,-20.8,97.5,-141.2,11.6,14.9,0.877,0.117,0.006,0.666,normal,normal,small,gly,small,long,1,0,4,0,beta,0
437,438,D,C,90.1,-74.8,-15.4,98.4,62.3,5.9,16.8,0.855,0.133,0.012,0.654,pro,small,gly,small,long,small,1,0,3,0,beta,0
438,439,L,C,61.9,-76.2,-17.4,98.0,72.2,13.7,12.7,0.799,0.185,0.016,0.625,normal,gly,small,long,small,very_small,1,0,3,0,beta,0
439,440,G,C,39.9,-69.0,-23.7,99.8,62.8,9.4,15.2,0.82,0.167,0.013,0.62,small,small,long,small,very_small,small,2,1,3,0,beta,0
440,441,S,C,66.8,-77.6,-9.9,100.3,67.8,7.0,15.2,0.778,0.199,0.023,0.632,gly,long,small,very_small,small,very_small,1,1,3,0,beta,0
441,442,K,C,112.2,-84.3,1.3,101.1,65.3,7.6,15.8,0.752,0.198,0.05,0.652,small,small,very_small,small,very_small,pro,1,1,3,0,beta,0
442,443,L,C,66.9,-85.3,96.5,108.6,95.9,12.4,14.4,0.77,0.16,0.071,0.68,long,very_small,small,very_small,pro,normal,0,0,3,0,other,0
443,444,A,C,47.0,-82.1,117.0,108.9,-168.0,12.4,15.2,0.86,0.061,0.079,0.703,small,small,very_small,pro,normal,cycle,1,0,4,0,alpha,0
444,445,S,C,58.5,-95.7,125.9,113.3,-156.5,9.4,17.7,0.854,0.017,0.129,0.693,very_small,very_small,pro,normal,cycle,long,2,0,4,0,alpha,0
445,446,V,C,53.0,-94.4,126.6,113.9,-145.6,13.8,15.6,0.928,0.013,0.059,0.695,small,pro,normal,cycle,long,cycle,2,0,4,1,alpha,0
446,447,P,C,68.3,-68.1,-15.3,101.4,-127.8,10.5,16.8,0.867,0.118,0.016,0.704,very_small,normal,cycle,long,cycle,small,2,1,4,0,beta,0
447,448,E,C,94.5,-70.8,-27.5,97.9,72.6,9.7,17.4,0.701,0.231,0.068,0.708,pro,cycle,long,cycle,small,normal,2,1,5,0,beta,0
448,449,Y,C,76.5,-76.0,-22.5,98.9,63.5,15.2,14.8,0.612,0.241,0.147,0.709,normal,long,cycle,small,normal,small,2,1,5,0,beta,0
449,450,R,C,102.9,-73.2,-25.8,98.0,65.1,11.8,17.1,0.683,0.121,0.196,0.704,cycle,cycle,small,normal,small,very_small,1,0,5,0,beta,0
450,451,Y,C,101.7,-79.8,-12.5,100.1,61.0,11.2,17.2,0.722,0.096,0.182,0.689,long,small,normal,small,very_small,pro,0,0,6,0,beta,0
451,452,S,C,53.4,-79.3,-8.8,100.6,67.0,10.8,15.9,0.845,0.043,0.112,0.653,cycle,normal,small,very_small,pro,gly,0,0,5,0,beta,0
452,453,Q,C,78.6,-86.5,69.4,107.1,90.8,12.8,14.6,0.882,0.013,0.105,0.631,small,small,very_small,pro,gly,small,0,0,5,0,other,0
453,454,S,C,55.4,-88.8,106.2,109.9,119.3,10.1,17.0,0.906,0.006,0.089,0.595,normal,very_small,pro,gly,small,pro,0,0,5,0,alpha,0
454,455,A,C,37.3,-89.6,135.1,116.8,-144.8,14.2,15.5,0.963,0.001,0.036,0.562,small,pro,gly,small,pro,very_small,0,1,5,1,alpha,0
455,456,P,C,68.0,-66.8,141.8,108.9,-102.2,11.2,17.0,0.979,0.002,0.018,0.538,very_small,gly,small,pro,very_small,small,1,1,4,0,alpha,0
456,457,G,C,42.5,81.6,-1.5,102.8,18.5,7.1,18.6,0.954,0.005,0.041,0.542,pro,small,pro,very_small,small,very_small,2,1,4,0,other,0
457,458,S,C,38.1,-92.1,136.2,117.8,153.8,13.0,14.8,0.942,0.002,0.056,0.577,gly,pro,very_small,small,very_small,normal,2,0,4,1,alpha,0
458,459,P,C,79.9,-68.0,-16.2,98.5,-124.1,8.7,15.0,0.965,0.025,0.01,0.6,small,very_small,small,very_small,normal,pro,1,0,4,0,beta,0
459,460,V,C,92.3,-88.3,19.5,105.4,70.1,6.6,14.4,0.903,0.054,0.043,0.632,pro,small,very_small,normal,pro,very_small,1,0,4,0,beta,0
460,461,S,C,62.5,-92.7,124.5,112.7,89.3,7.2,14.1,0.906,0.039,0.056,0.657,very_small,very_small,normal,pro,very_small,small,2,0,4,0,alpha,0
461,462,A,C,69.7,-80.8,3.2,103.4,-147.8,6.6,14.7,0.931,0.026,0.043,0.686,small,normal,pro,very_small,small,normal,2,0,4,0,beta,0
462,463,Q,C,72.9,-97.4,127.9,116.9,116.5,11.3,13.3,0.918,0.007,0.075,0.718,very_small,pro,very_small,small,normal,very_small,2,0,3,1,alpha,0
463,464,P,C,58.9,-69.4,142.7,110.3,-112.2,11.2,17.1,0.923,0.035,0.042,0.747,normal,very_small,small,normal,very_small,very_small,1,0,4,0,alpha,0
464,465,V,C,59.0,-84.4,125.9,111.1,-130.0,13.1,17.3,0.653,0.086,0.261,0.757,pro,small,normal,very_small,very_small,pro,2,0,3,0,alpha,0
465,466,I,C,62.5,-91.7,108.4,110.3,-152.7,14.4,16.7,0.512,0.065,0.423,0.756,very_small,normal,very_small,very_small,pro,pro,2,0,3,0,alpha,0
466,467,M,C,78.6,-103.3,130.3,116.9,-169.4,11.5,18.6,0.492,0.036,0.472,0.75,small,very_small,very_small,pro,pro,long,3,0,3,0,alpha,0
467,468,A,C,42.0,-87.2,134.0,114.1,-136.1,14.2,16.2,0.669,0.022,0.31,0.741,normal,very_small,pro,pro,long,pro,2,0,3,0,alpha,0
468,469,V,C,59.7,-104.4,133.6,119.7,-152.2,12.8,16.0,0.822,0.002,0.176,0.727,very_small,pro,pro,long,pro,small,2,0,2,1,alpha,0
469,470,P,C,72.2,-73.0,146.0,114.1,-108.9,8.4,16.1,0.963,0.0,0.037,0.709,very_small,pro,long,pro,small,normal,2,0,2,1,alpha,0
470,471,P,C,77.0,-70.3,145.8,111.5,-101.9,9.1,15.6,0.96,0.003,0.036,0.701,pro,long,pro,small,normal,small,3,0,2,0,alpha,0
471,472,R,C,130.9,-88.8,129.9,114.7,-118.8,8.2,14.5,0.971,0.0,0.028,0.699,pro,pro,small,normal,small,very_small,3,0,1,1,alpha,0
472,473,P,C,65.1,-67.9,147.2,110.5,-103.7,11.4,12.0,0.98,0.012,0.008,0.695,long,small,normal,small,very_small,very_small,2,0,1,0,alpha,0
473,474,S,C,83.1,-78.1,12.7,103.3,-117.7,4.0,14.4,0.945,0.045,0.01,0.697,pro,normal,small,very_small,very_small,long,2,0,1,0,beta,0
474,475,N,C,96.7,-89.0,91.8,108.5,-139.6,6.9,13.2,0.886,0.08,0.035,0.704,small,small,very_small,very_small,long,pro,1,0,1,0,other,0
475,476,L,C,99.7,-81.1,13.5,104.1,-177.4,7.9,12.7,0.862,0.08,0.059,0.731,normal,very_small,very_small,long,pro,very_small,1,0,1,0,beta,0
476,477,V,C,91.1,-89.9,83.7,108.6,108.4,6.3,14.8,0.86,0.047,0.093,0.754,small,very_small,long,pro,very_small,very_small,1,1,2,0,other,0
477,478,A,C,49.1,-87.4,126.2,112.2,156.1,12.5,12.9,0.859,0.024,0.117,0.765,very_small,long,pro,very_small,very_small,cycle,2,1,2,0,alpha,0
478,479,K,C,109.1,-100.6,127.8,116.9,-142.0,8.0,17.4,0.924,0.006,0.069,0.777,very_small,pro,very_small,very_small,cycle,normal,3,1,2,1,alpha,0
479,480,P,C,52.9,-69.7,143.9,111.6,-106.3,15.2,14.6,0.926,0.035,0.039,0.787,long,very_small,very_small,cycle,normal,pro,2,0,3,0,alpha,0
480,481,V,C,63.4,-99.3,131.2,116.2,-142.7,12.1,16.7,0.72,0.066,0.214,0.789,pro,very_small,cycle,normal,pro,very_small,2,0,4,0,alpha,0
481,482,A,C,55.3,-95.6,124.2,112.8,-146.7,11.0,17.1,0.727,0.082,0.191,0.782,very_small,cycle,normal,pro,very_small,small,2,0,4,0,alpha,0
482,483,Y,C,89.8,-102.2,131.8,117.5,-151.9,13.3,16.6,0.81,0.038,0.153,0.777,very_small,normal,pro,very_small,small,small,3,0,4,0,alpha,0
483,484,M,C,69.4,-97.5,134.1,117.9,-144.1,12.6,16.0,0.934,0.002,0.064,0.777,cycle,pro,very_small,small,small,very_small,2,1,4,1,alpha,0
484,485,P,C,66.0,-67.9,146.4,110.1,-102.3,10.8,15.3,0.945,0.026,0.029,0.76,normal,very_small,small,small,very_small,small,1,1,4,0,alpha,0
485,486,A,C,66.1,-78.2,130.2,109.2,-113.1,8.1,15.5,0.917,0.041,0.043,0.756,pro,small,small,very_small,small,small,1,1,4,0,alpha,0
486,487,S,C,58.6,-95.4,137.8,116.8,-132.9,10.1,14.9,0.909,0.024,0.067,0.742,very_small,small,very_small,small,small,normal,2,0,4,0,alpha,0
487,488,I,C,90.7,-86.9,65.5,107.1,-140.8,9.8,16.1,0.896,0.037,0.067,0.746,small,very_small,small,small,normal,normal,2,0,4,0,other,0
488,489,V,C,77.9,-94.3,126.1,114.1,153.0,9.7,14.1,0.861,0.02,0.119,0.753,small,small,small,normal,normal,pro,2,0,4,0,alpha,0
489,490,T,C,71.7,-104.5,139.9,117.2,-168.4,8.8,15.0,0.834,0.018,0.149,0.737,very_small,small,normal,normal,pro,small,2,0,4,0,alpha,0
490,491,S,C,72.7,-91.2,114.7,110.3,-138.6,6.6,14.7,0.826,0.019,0.155,0.703,small,normal,normal,pro,small,gly,2,0,4,0,alpha,0
491,492,Q,C,97.3,-98.1,135.5,117.8,-151.6,8.9,13.6,0.813,0.011,0.176,0.665,small,normal,pro,small,gly,cycle,1,0,4,0,alpha,0
492,493,Q,C,88.5,-100.6,137.4,119.9,-143.4,9.7,15.5,0.905,0.001,0.094,0.645,normal,pro,small,gly,cycle,very_small,0,0,4,1,alpha,0
493,494,P,C,55.0,-68.6,150.8,113.8,-104.1,11.8,14.4,0.957,0.003,0.039,0.628,normal,small,gly,cycle,very_small,small,0,0,4,0,alpha,0
494,495,S,C,67.9,-74.9,141.5,111.7,-104.3,7.6,15.9,0.911,0.015,0.074,0.625,pro,gly,cycle,very_small,small,cycle,1,0,4,0,alpha,0
495,496,G,C,42.8,-114.8,140.8,114.6,-143.0,8.7,15.9,0.82,0.027,0.153,0.641,small,cycle,very_small,small,cycle,very_small,1,0,4,0,alpha,0
496,497,H,C,95.2,-107.7,135.6,119.9,-154.9,9.5,17.1,0.676,0.029,0.295,0.684,gly,very_small,small,cycle,very_small,very_small,1,0,5,0,alpha,0
497,498,A,C,48.8,-95.5,138.5,117.7,-141.7,11.6,19.1,0.581,0.021,0.398,0.739,cycle,small,cycle,very_small,very_small,normal,0,0,4,0,alpha,0
498,499,I,E,50.2,-107.7,134.3,120.6,-150.8,16.0,17.2,0.397,0.014,0.589,0.785,very_small,cycle,very_small,very_small,normal,normal,1,0,5,0,alpha,0
499,500,H,E,62.8,-103.9,134.9,118.9,-150.9,12.9,19.8,0.325,0.013,0.662,0.82,small,very_small,very_small,normal,normal,very_small,2,0,5,0,alpha,0
500,501,V,E,55.1,-98.4,128.2,115.7,-145.3,14.3,17.5,0.31,0.013,0.678,0.833,cycle,very_small,normal,normal,very_small,pro,2,0,4,0,alpha,0
501,502,V,E,64.0,-103.1,127.0,115.6,-161.6,11.6,16.2,0.317,0.011,0.672,0.827,very_small,normal,normal,very_small,pro,small,2,1,3,0,alpha,0
502,503,Q,E,90.8,-107.1,133.1,118.1,-157.4,9.7,16.6,0.466,0.013,0.521,0.808,very_small,normal,very_small,pro,small,very_small,2,1,3,0,alpha,0
503,504,Q,C,97.9,-92.5,126.0,112.9,-144.7,9.5,15.2,0.633,0.006,0.361,0.793,normal,very_small,pro,small,very_small,small,2,1,3,0,alpha,0
504,505,A,C,48.1,-96.3,138.5,118.9,-142.9,11.6,14.9,0.875,0.001,0.124,0.792,normal,pro,small,very_small,small,normal,1,1,4,1,alpha,0
505,506,P,C,69.3,-69.8,149.8,114.5,-99.3,8.2,16.4,0.966,0.001,0.034,0.797,very_small,small,very_small,small,normal,very_small,1,1,4,0,alpha,0
506,507,T,C,78.4,-82.5,135.4,112.4,-114.2,9.2,16.9,0.935,0.009,0.057,0.812,pro,very_small,small,normal,very_small,long,2,1,5,0,alpha,0
507,508,V,C,51.4,-110.1,137.9,122.5,-156.0,14.8,14.4,0.756,0.028,0.216,0.838,small,small,normal,very_small,long,very_small,2,0,5,0,alpha,0
508,509,T,C,71.0,-111.6,137.8,121.4,-156.4,8.6,19.2,0.624,0.017,0.36,0.857,very_small,normal,very_small,long,very_small,very_small,2,0,5,0,alpha,0
509,510,M,E,62.9,-104.4,133.1,119.6,-144.9,15.6,14.9,0.465,0.013,0.522,0.873,small,very_small,long,very_small,very_small,small,1,0,6,0,alpha,0
510,511,V,E,69.4,-113.4,136.4,122.7,-162.8,8.6,19.2,0.43,0.008,0.562,0.884,normal,long,very_small,very_small,small,small,1,0,6,0,alpha,0
511,512,R,E,113.1,-93.5,131.2,116.4,-132.3,10.8,17.2,0.357,0.005,0.638,0.885,very_small,very_small,very_small,small,small,small,1,0,6,0,alpha,0
512,513,V,E,55.9,-111.3,132.6,120.9,-159.1,12.5,16.0,0.362,0.008,0.629,0.891,long,very_small,small,small,small,very_small,1,0,6,0,alpha,0
513,514,V,E,69.3,-108.1,130.7,119.3,-156.6,9.7,17.3,0.458,0.008,0.534,0.892,very_small,small,small,small,very_small,normal,2,0,6,0,alpha,0
514,515,T,C,52.4,-108.8,140.3,120.5,-159.1,12.6,15.3,0.731,0.012,0.257,0.869,very_small,small,small,very_small,normal,small,2,0,6,0,alpha,0
515,516,T,C,84.2,-85.5,9.2,104.6,-141.8,7.3,16.2,0.871,0.014,0.115,0.842,small,small,very_small,normal,small,very_small,2,0,6,0,beta,0
516,517,S,C,56.5,-98.7,138.2,117.3,-26.1,8.8,16.1,0.898,0.03,0.071,0.801,small,very_small,normal,small,very_small,normal,1,1,6,0,alpha,0
517,518,A,C,66.3,-74.9,-12.8,99.7,-129.5,9.0,14.8,0.915,0.058,0.026,0.774,small,normal,small,very_small,normal,gly,0,1,6,0,beta,0
518,519,N,C,102.1,-85.1,7.5,103.0,68.0,5.3,14.7,0.915,0.06,0.025,0.759,very_small,small,very_small,normal,gly,cycle,1,1,6,0,beta,0
519,520,S,C,47.6,-91.6,133.2,115.0,110.0,10.9,13.5,0.839,0.13,0.031,0.743,normal,very_small,normal,gly,cycle,small,1,0,5,0,alpha,0
520,521,A,C,66.5,-71.8,-19.4,98.4,-130.5,7.7,16.5,0.794,0.17,0.035,0.739,small,normal,gly,cycle,small,small,1,0,6,0,beta,0
521,522,N,C,70.4,-91.9,15.3,103.1,54.4,10.7,16.5,0.846,0.106,0.047,0.75,very_small,gly,cycle,small,small,very_small,1,0,7,0,beta,0
522,523,G,C,25.3,-167.1,163.7,116.9,-137.5,13.4,19.9,0.711,0.025,0.264,0.779,normal,cycle,small,small,very_small,small,1,0,7,0,other,0
523,524,Y,E,45.9,-111.1,138.2,123.2,-151.7,18.4,18.1,0.33,0.011,0.659,0.793,gly,small,small,very_small,small,normal,1,0,8,0,alpha,0
524,525,I,E,52.6,-109.2,131.9,119.8,-156.8,12.9,23.8,0.113,0.003,0.884,0.808,cycle,small,very_small,small,normal,gly,0,0,9,0,alpha,0
525,526,L,E,30.1,-100.1,129.8,116.9,-151.2,19.9,18.7,0.139,0.003,0.858,0.793,small,very_small,small,normal,gly,small,1,0,8,0,alpha,0
526,527,A,E,35.9,-101.6,135.1,116.6,-158.6,13.4,20.3,0.28,0.008,0.712,0.76,small,small,normal,gly,small,small,2,0,7,0,alpha,0
527,528,S,E,32.7,-109.3,140.9,121.0,-152.7,15.1,18.6,0.474,0.014,0.512,0.712,very_small,normal,gly,small,small,gly,3,0,7,0,alpha,0
528,529,Q,C,70.9,-89.7,51.8,107.5,-149.4,13.4,17.6,0.661,0.022,0.317,0.656,small,gly,small,small,gly,small,2,0,7,0,other,0
529,530,G,C,33.0,-146.0,176.5,115.5,-129.5,11.6,17.5,0.822,0.024,0.154,0.62,normal,small,small,gly,small,small,1,0,7,0,alpha,0
530,531,S,C,67.9,-94.3,124.6,112.8,-102.3,7.5,17.7,0.806,0.038,0.156,0.596,gly,small,gly,small,small,cycle,0,0,7,0,alpha,0
531,532,T,C,73.7,-89.9,115.8,110.8,-135.3,10.5,16.0,0.868,0.047,0.085,0.58,small,gly,small,small,cycle,normal,0,0,7,0,alpha,0
532,533,G,C,38.7,116.2,178.1,115.0,-108.2,8.9,16.9,0.891,0.048,0.061,0.582,small,small,small,cycle,normal,small,0,0,7,0,other,0
533,534,T,C,76.0,-93.5,119.6,111.9,-119.4,8.7,16.5,0.855,0.059,0.086,0.603,gly,small,cycle,normal,small,very_small,0,0,7,0,alpha,0
534,535,S,C,54.4,-88.2,75.2,107.6,-165.7,11.0,15.4,0.841,0.081,0.078,0.636,small,cycle,normal,small,very_small,gly,0,0,7,0,other,0
535,536,H,C,100.9,-84.9,28.8,105.9,142.8,10.1,14.4,0.777,0.111,0.111,0.691,small,normal,small,very_small,gly,small,0,0,7,0,other,0
536,537,D,C,94.3,-85.5,41.7,105.6,100.7,5.5,15.2,0.673,0.118,0.209,0.72,cycle,small,very_small,gly,small,very_small,0,0,7,0,other,0
537,538,T,C,67.9,-86.3,42.7,106.1,123.8,11.3,12.5,0.679,0.128,0.192,0.731,normal,very_small,gly,small,very_small,very_small,0,0,7,0,other,0
538,539,A,C,67.6,-89.0,91.6,108.6,114.6,7.0,13.5,0.799,0.07,0.132,0.727,small,gly,small,very_small,very_small,small,0,0,6,0,other,0
539,540,G,C,43.5,91.7,-172.0,112.9,-17.4,6.4,16.1,0.862,0.042,0.096,0.725,very_small,small,very_small,very_small,small,normal,1,0,6,0,other,0
540,541,T,C,81.5,-93.8,129.0,114.2,-111.7,7.2,15.2,0.744,0.081,0.175,0.756,gly,very_small,very_small,small,normal,small,1,1,6,0,alpha,0
541,542,A,C,53.4,-91.1,133.7,114.2,-145.6,11.4,13.6,0.606,0.085,0.309,0.788,small,very_small,small,normal,small,gly,1,1,5,0,alpha,0
542,543,V,E,83.4,-104.4,132.7,117.8,-151.1,7.8,16.3,0.462,0.048,0.49,0.82,very_small,small,normal,small,gly,normal,1,1,4,0,alpha,0
543,544,L,C,66.5,-99.0,133.2,116.0,-155.4,13.2,13.1,0.679,0.053,0.268,0.823,very_small,normal,small,gly,normal,normal,2,0,4,0,alpha,0
544,545,D,C,92.3,-89.6,116.8,110.7,-132.0,5.9,15.8,0.745,0.061,0.194,0.828,small,small,gly,normal,normal,very_small,3,0,3,0,alpha,0
545,546,L,C,87.0,-83.5,-4.4,100.4,-169.8,10.0,11.9,0.802,0.101,0.098,0.787,normal,gly,normal,normal,very_small,long,2,0,2,0,beta,0
546,547,G,C,53.6,69.8,-18.5,102.9,-15.6,3.1,14.1,0.894,0.076,0.03,0.757,small,normal,normal,very_small,long,gly,2,0,2,0,other,0
547,548,N,C,112.9,-87.1,11.3,103.7,42.5,3.8,12.8,0.813,0.127,0.06,0.754,gly,normal,very_small,long,gly,small,1,0,3,0,beta,0
548,549,E,C,117.3,-92.5,115.1,111.3,107.1,5.5,13.5,0.644,0.163,0.193,0.751,normal,very_small,long,gly,small,normal,1,0,2,0,alpha,0
549,550,A,C,49.9,-89.8,132.9,114.4,-166.8,11.9,12.0,0.553,0.121,0.327,0.755,normal,long,gly,small,normal,normal,0,0,2,0,alpha,0
550,551,R,E,122.8,-104.0,131.2,116.7,-163.7,8.0,16.1,0.467,0.063,0.47,0.744,very_small,gly,small,normal,normal,long,1,0,2,0,alpha,0
551,552,G,C,35.6,-144.4,163.1,124.0,-114.9,8.8,18.3,0.545,0.045,0.409,0.742,long,small,normal,normal,long,pro,1,0,1,0,alpha,0
552,553,L,C,67.9,-94.9,134.4,117.0,-118.4,14.9,13.6,0.504,0.034,0.462,0.753,gly,normal,normal,long,pro,small,1,0,2,0,alpha,0
553,554,E,C,90.6,-112.3,139.7,123.0,-161.6,8.6,17.8,0.615,0.027,0.358,0.776,small,normal,long,pro,small,small,1,0,2,0,alpha,0
554,555,E,C,117.7,-78.9,137.4,114.2,-110.9,7.1,16.0,0.781,0.015,0.204,0.791,normal,long,pro,small,small,very_small,1,0,2,0,alpha,0
555,556,K,C,101.6,-99.0,128.4,116.8,-139.3,10.8,15.5,0.875,0.008,0.118,0.802,normal,pro,small,small,very_small,cycle,1,1,2,1,alpha,0
556,557,P,C,40.6,-68.1,148.4,114.5,-107.4,13.8,13.3,0.932,0.04,0.028,0.828,long,small,small,very_small,cycle,very_small,0,1,2,0,alpha,0
557,558,T,C,87.5,-83.9,98.7,107.4,-124.9,5.6,20.3,0.744,0.105,0.151,0.837,pro,small,very_small,cycle,very_small,small,1,1,3,0,other,0
558,559,I,C,53.3,-101.2,132.7,118.1,-153.2,16.9,11.7,0.521,0.239,0.24,0.847,small,very_small,cycle,very_small,small,small,1,0,3,0,alpha,0
559,560,A,C,61.1,-105.7,138.1,119.1,-158.9,6.8,20.3,0.514,0.217,0.269,0.856,small,cycle,very_small,small,small,pro,2,0,3,0,alpha,0
560,561,F,C,84.5,-101.6,130.9,116.3,-146.3,14.1,13.6,0.523,0.175,0.303,0.851,very_small,very_small,small,small,pro,very_small,2,1,3,0,alpha,0
561,562,A,C,55.3,-99.2,143.4,116.5,-160.6,9.7,15.5,0.733,0.058,0.209,0.854,cycle,small,small,pro,very_small,very_small,2,1,3,0,alpha,0
562,563,T,C,90.7,-94.9,129.2,115.2,-127.7,5.3,18.8,0.763,0.018,0.219,0.845,very_small,small,pro,very_small,very_small,small,2,1,4,0,alpha,0
563,564,I,C,41.2,-92.2,132.9,116.8,-141.0,19.0,10.7,0.918,0.005,0.077,0.833,small,pro,very_small,very_small,small,long,1,0,4,1,alpha,0
564,565,P,C,68.4,-70.0,154.4,114.3,-105.2,6.5,17.4,0.905,0.068,0.027,0.825,small,very_small,very_small,small,long,very_small,2,0,4,0,alpha,0
565,566,A,C,75.7,-65.6,-28.8,96.6,-103.0,5.6,16.2,0.748,0.212,0.039,0.81,pro,very_small,small,long,very_small,small,2,0,5,0,beta,0
566,567,A,C,59.4,-72.5,-21.9,96.6,60.3,7.8,15.1,0.628,0.275,0.097,0.796,very_small,small,long,very_small,small,normal,3,0,5,0,beta,0
567,568,S,C,46.6,-75.9,-22.5,99.8,70.0,12.4,13.3,0.608,0.206,0.187,0.809,very_small,long,very_small,small,normal,small,3,0,5,0,beta,0
568,569,R,C,105.5,-74.0,-23.6,98.9,65.3,10.3,16.1,0.544,0.131,0.325,0.812,small,very_small,small,normal,small,very_small,2,0,4,0,beta,0
569,570,V,E,48.1,-81.9,7.7,105.4,74.9,12.1,15.4,0.404,0.047,0.549,0.821,long,small,normal,small,very_small,very_small,1,0,4,0,beta,0
570,571,I,E,64.6,-88.0,54.5,107.6,93.3,11.4,15.0,0.446,0.042,0.511,0.837,very_small,normal,small,very_small,very_small,small,1,0,4,0,other,0
571,572,Q,C,72.6,-93.0,128.9,113.8,157.5,11.5,14.6,0.569,0.019,0.412,0.833,small,small,very_small,very_small,small,normal,2,0,4,0,alpha,0
572,573,T,C,70.0,-82.8,137.4,111.7,-132.4,9.0,15.8,0.779,0.023,0.198,0.829,normal,very_small,very_small,small,normal,normal,2,0,4,0,alpha,0
573,574,V,C,86.1,-82.7,68.3,107.2,-138.0,9.1,14.4,0.854,0.043,0.102,0.823,small,very_small,small,normal,normal,very_small,1,1,3,0,other,0
574,575,A,C,71.2,-84.2,49.5,106.2,-165.9,6.5,13.2,0.84,0.088,0.072,0.793,very_small,small,normal,normal,very_small,pro,1,1,3,0,other,0
575,576,S,C,71.7,-85.7,51.3,106.4,145.7,6.6,12.2,0.844,0.09,0.066,0.753,very_small,normal,normal,very_small,pro,gly,2,1,4,0,other,0
576,577,Q,C,120.7,-86.7,71.0,107.0,161.9,5.0,12.1,0.805,0.112,0.084,0.723,small,normal,very_small,pro,gly,very_small,2,0,4,0,other,0
577,578,M,C,114.8,-89.2,117.6,110.8,169.9,6.9,11.9,0.88,0.051,0.07,0.691,normal,very_small,pro,gly,very_small,pro,1,0,5,0,alpha,0
578,579,A,C,66.9,-92.1,137.8,116.9,-140.3,6.4,13.1,0.937,0.006,0.057,0.66,normal,pro,gly,very_small,pro,gly,0,0,4,1,alpha,0
579,580,P,C,93.7,-72.1,140.6,109.8,-106.3,6.1,12.6,0.961,0.006,0.033,0.636,very_small,gly,very_small,pro,gly,cycle,1,0,4,0,alpha,0
580,581,G,C,44.7,-115.8,175.9,115.1,-128.3,6.2,14.5,0.936,0.003,0.06,0.617,pro,very_small,pro,gly,cycle,small,2,0,4,0,alpha,0
581,582,V,C,84.7,-95.1,133.0,117.2,-94.8,7.5,15.6,0.949,0.001,0.05,0.64,gly,pro,gly,cycle,small,very_small,2,0,4,1,alpha,0
582,583,P,C,63.6,-67.8,147.6,111.4,-99.6,13.0,13.3,0.958,0.009,0.033,0.658,very_small,gly,cycle,small,very_small,small,2,0,4,0,alpha,0
583,584,G,C,45.1,-97.8,117.6,111.9,-150.2,7.9,16.0,0.8,0.027,0.174,0.687,pro,cycle,small,very_small,small,small,2,0,4,0,alpha,0
584,585,H,C,87.0,-108.3,136.5,121.1,170.7,10.9,15.2,0.613,0.032,0.355,0.724,gly,small,very_small,small,small,small,2,0,4,0,alpha,0
585,586,T,E,68.7,-105.1,136.6,119.9,-148.0,8.7,20.2,0.486,0.01,0.504,0.775,cycle,very_small,small,small,small,normal,1,0,4,0,alpha,0
586,587,V,E,28.4,-109.9,135.6,122.2,-154.7,19.2,14.4,0.278,0.004,0.719,0.81,small,small,small,small,normal,pro,0,0,4,0,alpha,0
587,588,T,E,61.4,-110.2,135.2,121.3,-158.6,8.4,23.1,0.264,0.006,0.729,0.815,very_small,small,small,normal,pro,very_small,1,0,4,0,alpha,0
588,589,I,E,53.5,-92.1,127.7,114.3,-136.8,17.0,15.6,0.231,0.007,0.762,0.813,small,small,normal,pro,very_small,small,1,0,4,0,alpha,0
589,590,L,E,75.5,-105.2,131.2,116.7,-163.0,10.5,16.2,0.335,0.006,0.659,0.799,small,normal,pro,very_small,small,pro,2,1,4,0,alpha,0
590,591,Q,C,87.0,-106.4,135.3,120.5,-149.7,10.0,15.2,0.635,0.006,0.358,0.784,small,pro,very_small,small,pro,very_small,2,1,4,1,alpha,0
591,592,P,C,76.6,-71.7,143.9,112.0,-108.1,8.5,15.7,0.889,0.004,0.107,0.759,normal,very_small,small,pro,very_small,small,2,1,4,0,alpha,0
592,593,A,C,60.2,-82.9,138.1,111.3,-124.5,10.0,13.9,0.945,0.002,0.053,0.743,pro,small,pro,very_small,small,small,2,0,4,0,alpha,0
593,594,T,C,84.9,-98.9,137.6,119.1,-119.7,5.7,16.7,0.964,0.0,0.035,0.738,very_small,pro,very_small,small,small,gly,2,0,4,1,alpha,0
594,595,P,C,78.7,-69.4,144.1,111.8,-98.7,10.0,15.8,0.951,0.006,0.043,0.733,small,very_small,small,small,gly,normal,2,0,4,0,alpha,0
595,596,V,C,51.4,-90.8,139.2,117.0,-122.7,15.6,13.2,0.928,0.005,0.067,0.725,pro,small,small,gly,normal,cycle,2,0,4,0,alpha,0
596,597,T,C,70.9,-85.5,148.1,117.6,-124.3,7.0,19.7,0.944,0.009,0.047,0.718,very_small,small,gly,normal,cycle,cycle,2,0,3,0,alpha,0
597,598,I,C,81.3,-70.3,107.2,105.1,-106.0,13.4,16.3,0.93,0.033,0.037,0.725,small,gly,normal,cycle,cycle,small,2,0,3,0,alpha,0
598,599,G,C,28.5,123.5,-170.4,116.8,40.7,11.7,18.8,0.825,0.028,0.147,0.721,small,normal,cycle,cycle,small,pro,2,0,3,0,other,0
599,600,Q,C,56.9,-97.7,130.7,115.4,-140.9,14.2,18.9,0.675,0.043,0.283,0.736,gly,cycle,cycle,small,pro,very_small,1,0,3,0,alpha,0
600,601,H,C,48.6,-107.6,133.5,117.9,-163.8,15.7,20.2,0.5,0.029,0.471,0.774,normal,cycle,small,pro,very_small,long,1,0,3,0,alpha,0
601,602,H,C,54.1,-105.7,131.2,118.5,-152.9,15.8,20.7,0.524,0.02,0.456,0.8,cycle,small,pro,very_small,long,very_small,0,0,3,0,alpha,0
602,603,L,C,24.6,-90.4,139.6,118.7,-132.9,20.6,17.7,0.815,0.004,0.181,0.815,cycle,pro,very_small,long,very_small,very_small,0,0,3,1,alpha,0
603,604,P,C,41.6,-71.0,140.7,111.3,-108.3,13.2,21.4,0.854,0.011,0.135,0.813,small,very_small,long,very_small,very_small,small,1,0,3,0,alpha,0
604,605,V,C,38.0,-103.7,131.8,118.8,-147.3,19.0,16.4,0.566,0.037,0.397,0.81,pro,long,very_small,very_small,small,normal,2,0,2,0,alpha,0
605,606,R,C,101.1,-120.1,141.5,126.0,-171.7,9.2,21.4,0.562,0.038,0.4,0.789,very_small,very_small,very_small,small,normal,normal,3,1,2,0,alpha,0
606,607,A,C,42.2,-73.1,139.3,113.4,-111.4,15.1,19.8,0.593,0.055,0.352,0.771,long,very_small,small,normal,normal,gly,2,2,2,0,alpha,0
607,608,V,E,30.5,-98.5,132.5,117.6,-141.5,19.1,15.2,0.459,0.052,0.489,0.748,very_small,small,normal,normal,gly,long,2,2,2,0,alpha,0
608,609,T,C,49.5,-101.8,147.9,121.2,-149.6,10.8,20.0,0.578,0.074,0.348,0.725,very_small,normal,normal,gly,long,cycle,2,1,2,0,alpha,0
609,610,Q,C,81.2,-82.3,1.3,104.3,-136.7,13.5,14.7,0.62,0.078,0.302,0.689,small,normal,gly,long,cycle,very_small,2,0,3,0,beta,0
610,611,N,C,94.0,-84.2,7.4,99.2,36.1,6.5,16.6,0.896,0.027,0.077,0.665,normal,gly,long,cycle,very_small,very_small,1,1,3,0,beta,0
611,612,G,C,40.9,85.2,-0.3,100.8,-88.1,7.3,15.0,0.894,0.021,0.085,0.664,normal,long,cycle,very_small,very_small,pro,0,1,4,0,other,0
612,613,K,C,114.2,-103.2,138.6,119.4,118.6,5.2,18.5,0.65,0.025,0.325,0.68,gly,cycle,very_small,very_small,pro,small,0,1,4,0,alpha,0
613,614,H,E,60.8,-108.2,134.3,120.8,-153.3,16.1,15.2,0.258,0.012,0.731,0.711,long,very_small,very_small,pro,small,normal,0,0,4,0,alpha,0
614,615,A,E,46.5,-93.7,128.8,114.0,-147.8,12.2,18.6,0.291,0.008,0.701,0.718,cycle,very_small,pro,small,normal,small,0,0,4,0,alpha,0
615,616,V,C,43.1,-111.7,134.6,122.5,-157.2,15.9,17.3,0.499,0.009,0.492,0.737,very_small,pro,small,normal,small,small,1,0,4,1,alpha,0
616,617,P,C,70.1,-71.6,140.9,111.8,-108.2,9.6,18.2,0.783,0.022,0.195,0.742,very_small,small,normal,small,small,small,2,0,4,0,alpha,0
617,618,T,C,61.5,-104.5,127.0,115.3,-154.2,12.2,14.1,0.754,0.115,0.131,0.739,pro,normal,small,small,small,gly,3,1,4,0,alpha,0
618,619,N,C,109.5,-90.5,55.0,107.1,-160.5,5.1,15.0,0.764,0.143,0.094,0.725,small,small,small,small,gly,normal,2,2,5,0,other,0
619,620,S,C,76.8,-92.7,110.4,110.6,165.2,5.5,13.5,0.746,0.163,0.091,0.714,normal,small,small,gly,normal,very_small,1,2,5,0,alpha,0
620,621,L,C,92.1,-92.8,123.4,112.8,-165.4,9.7,12.6,0.803,0.107,0.089,0.72,small,small,gly,normal,very_small,cycle,0,1,5,0,alpha,0
621,622,T,C,85.8,-103.2,130.1,115.6,-166.2,6.3,14.3,0.853,0.04,0.107,0.723,small,gly,normal,very_small,cycle,very_small,1,0,5,0,alpha,0
622,623,G,C,48.8,98.9,-172.5,114.0,2.2,4.7,14.3,0.896,0.044,0.06,0.736,small,normal,very_small,cycle,very_small,small,1,0,5,0,other,0
623,624,N,C,100.0,-90.4,111.1,110.3,-65.6,6.7,14.5,0.849,0.103,0.047,0.743,gly,very_small,cycle,very_small,small,small,1,0,5,0,alpha,0
624,625,A,C,66.6,-84.8,24.2,105.3,-164.1,8.4,14.8,0.658,0.294,0.049,0.774,normal,cycle,very_small,small,small,small,0,0,5,0,other,0
625,626,Y,C,115.7,-92.2,82.1,109.0,106.7,10.0,16.1,0.581,0.331,0.087,0.803,very_small,very_small,small,small,small,pro,1,0,5,0,other,0
626,627,A,C,46.5,-97.0,124.9,114.1,154.7,12.3,16.7,0.495,0.327,0.178,0.806,cycle,small,small,small,pro,small,1,0,5,0,alpha,0
627,628,L,C,60.1,-99.5,128.8,115.8,-165.3,14.4,16.7,0.513,0.271,0.216,0.816,very_small,small,small,pro,small,normal,2,0,5,0,alpha,0
628,629,S,C,51.8,-102.5,122.2,114.2,-166.0,12.0,19.2,0.602,0.215,0.183,0.816,small,small,pro,small,normal,small,2,0,4,0,alpha,0
629,630,S,C,31.7,-108.6,132.1,120.4,-146.2,15.4,20.0,0.746,0.171,0.082,0.811,small,pro,small,normal,small,small,2,0,5,1,alpha,0
630,631,P,C,37.7,-73.7,-10.0,101.3,-135.9,16.8,21.8,0.545,0.423,0.032,0.801,small,small,normal,small,small,very_small,1,0,5,0,beta,0
631,632,L,H,23.9,-76.8,-13.1,103.3,69.8,21.9,20.4,0.34,0.517,0.143,0.816,pro,normal,small,small,very_small,very_small,1,0,6,0,beta,0
632,633,Q,H,55.6,-75.4,-30.6,102.3,71.0,12.7,23.3,0.201,0.494,0.304,0.809,small,small,small,very_small,very_small,normal,2,0,6,0,beta,0
633,634,L,H,41.2,-78.5,-35.1,104.2,67.3,12.9,23.5,0.132,0.489,0.379,0.8,normal,small,very_small,very_small,normal,very_small,2,0,6,0,beta,0
634,635,L,H,18.2,-73.5,-37.1,100.2,55.4,21.4,24.2,0.12,0.525,0.355,0.792,small,very_small,very_small,normal,very_small,small,2,0,6,0,beta,0
635,636,A,H,10.2,-72.9,-37.3,99.9,53.3,22.5,23.6,0.13,0.54,0.33,0.778,small,very_small,normal,very_small,small,small,2,0,6,0,beta,0
636,637,A,H,29.7,-76.6,-36.4,101.5,59.7,13.8,24.5,0.148,0.55,0.303,0.753,very_small,normal,very_small,small,small,small,3,0,6,0,beta,0
637,638,Q,H,59.0,-88.2,-13.8,105.4,50.3,11.3,26.2,0.191,0.473,0.337,0.72,very_small,very_small,small,small,small,small,3,0,7,0,beta,0
638,639,A,H,10.8,-83.5,-30.8,106.9,76.0,22.0,19.9,0.303,0.457,0.24,0.696,normal,small,small,small,small,pro,2,0,7,0,beta,0
639,640,S,C,21.2,-93.4,108.7,111.5,81.5,18.2,19.1,0.499,0.28,0.222,0.676,very_small,small,small,small,pro,very_small,2,0,6,0,alpha,0
640,641,S,C,58.6,-94.3,10.1,104.2,-173.7,10.3,21.1,0.677,0.191,0.131,0.674,small,small,small,pro,very_small,very_small,1,0,5,0,beta,0
641,642,S,C,30.6,-96.4,143.7,121.4,104.6,17.1,15.0,0.911,0.006,0.083,0.682,small,small,pro,very_small,very_small,small,1,0,5,0,alpha,0
642,643,T,C,66.5,-78.5,137.5,113.3,-111.2,9.6,23.2,0.971,0.003,0.025,0.724,small,pro,very_small,very_small,small,small,0,0,5,1,alpha,0
643,644,P,C,43.9,-71.2,140.2,111.6,-112.3,17.9,18.4,0.946,0.007,0.047,0.758,small,very_small,very_small,small,small,long,0,0,5,0,alpha,0
644,645,V,C,34.0,-104.5,135.0,119.8,-146.2,17.6,19.0,0.689,0.015,0.296,0.804,pro,very_small,small,small,long,very_small,1,0,5,0,alpha,0
645,646,V,C,50.0,-81.3,133.7,113.6,-124.7,13.7,20.9,0.577,0.011,0.412,0.843,very_small,small,small,long,very_small,small,2,0,5,0,alpha,0
646,647,I,C,32.4,-111.1,137.3,122.0,-160.7,19.6,16.1,0.493,0.018,0.489,0.857,very_small,small,long,very_small,small,normal,3,0,5,0,alpha,0
647,648,T,E,70.5,-107.8,131.9,118.8,-152.9,8.0,21.9,0.443,0.015,0.542,0.866,small,long,very_small,small,normal,very_small,3,0,5,0,alpha,0
648,649,R,C,65.5,-108.6,134.5,120.7,-157.9,16.4,16.5,0.538,0.018,0.443,0.858,small,very_small,small,normal,very_small,gly,2,0,5,0,alpha,0
649,650,V,C,54.2,-98.5,131.1,115.6,-152.7,11.5,19.1,0.626,0.019,0.355,0.853,long,small,normal,very_small,gly,pro,1,0,5,0,alpha,0
650,651,C,C,41.8,-86.4,60.0,107.7,-145.4,15.2,14.9,0.819,0.025,0.156,0.831,very_small,normal,very_small,gly,pro,normal,1,0,4,0,other,0
651,652,E,C,118.2,-82.4,-6.7,102.5,109.1,6.0,15.7,0.881,0.028,0.091,0.784,small,very_small,gly,pro,normal,normal,1,0,3,0,beta,0
652,653,V,C,100.7,-96.5,119.0,112.6,88.5,4.7,14.6,0.917,0.02,0.062,0.743,normal,gly,pro,normal,normal,pro,1,0,3,0,alpha,0
653,654,G,C,31.6,162.6,178.6,128.4,-124.8,7.5,16.3,0.914,0.012,0.074,0.712,very_small,pro,normal,normal,pro,very_small,1,1,2,1,other,0
654,655,P,C,77.6,-71.4,145.4,111.5,-67.0,8.3,15.9,0.918,0.032,0.05,0.712,gly,normal,normal,pro,very_small,very_small,1,1,2,0,alpha,0
655,656,E,C,118.7,-83.0,136.7,113.0,-109.1,6.7,16.9,0.876,0.023,0.102,0.725,pro,normal,pro,very_small,very_small,very_small,2,1,2,0,alpha,0
656,657,E,C,77.9,-90.8,135.4,117.1,-128.0,13.5,13.9,0.844,0.011,0.145,0.739,normal,pro,very_small,very_small,very_small,very_small,1,0,2,1,alpha,0
657,658,P,C,46.7,-68.3,151.3,114.0,-106.7,12.8,15.1,0.893,0.054,0.053,0.737,normal,very_small,very_small,very_small,very_small,small,1,0,2,0,alpha,0
658,659,A,C,62.4,-68.9,-20.5,99.9,-107.6,9.0,19.2,0.764,0.172,0.064,0.757,pro,very_small,very_small,very_small,small,very_small,1,0,1,0,beta,0
659,660,A,C,35.4,-95.8,130.8,114.9,-157.8,13.3,18.2,0.662,0.184,0.154,0.766,very_small,very_small,very_small,small,very_small,very_small,2,0,1,0,alpha,0
660,661,A,C,32.1,-84.2,133.4,113.3,-125.9,15.3,17.5,0.649,0.161,0.191,0.771,very_small,very_small,small,very_small,very_small,very_small,3,0,2,0,alpha,0
661,662,V,C,50.1,-101.2,134.2,117.6,-150.9,14.1,18.4,0.48,0.095,0.425,0.781,very_small,small,very_small,very_small,very_small,normal,3,0,2,0,alpha,0
662,663,S,C,57.8,-99.2,130.9,116.7,-139.3,10.1,20.1,0.469,0.072,0.458,0.78,very_small,very_small,very_small,very_small,normal,very_small,3,0,2,0,alpha,1
663,664,V,C,51.9,-105.4,135.8,119.8,-154.9,14.7,15.6,0.522,0.077,0.401,0.771,small,very_small,very_small,normal,very_small,very_small,2,0,2,0,alpha,0
664,665,A,C,55.8,-90.3,134.8,114.6,-140.4,9.2,19.3,0.663,0.124,0.213,0.742,very_small,very_small,normal,very_small,very_small,pro,2,0,3,0,alpha,0
665,666,A,C,54.8,-75.9,102.2,106.5,-125.7,12.6,15.2,0.765,0.122,0.113,0.714,very_small,normal,very_small,very_small,pro,small,2,0,4,0,alpha,0
666,667,N,C,108.5,-89.4,27.6,103.8,153.5,4.3,18.0,0.801,0.079,0.12,0.678,very_small,very_small,very_small,pro,small,pro,3,0,5,0,other,0
667,668,A,C,47.5,-94.8,137.0,116.6,135.3,11.8,13.6,0.855,0.042,0.103,0.66,normal,very_small,pro,small,pro,very_small,2,0,6,0,alpha,0
668,669,A,C,66.9,-92.2,136.8,117.7,-125.5,6.2,18.9,0.92,0.005,0.075,0.654,very_small,pro,small,pro,very_small,very_small,2,0,7,1,alpha,0
669,670,P,C,60.4,-70.1,144.4,112.9,-104.6,14.9,13.8,0.947,0.005,0.048,0.65,very_small,small,pro,very_small,very_small,small,2,0,7,0,alpha,0
670,671,T,C,57.6,-94.7,137.2,117.6,-135.9,11.2,18.1,0.901,0.008,0.091,0.646,pro,pro,very_small,very_small,small,small,3,0,8,1,alpha,0
671,672,P,C,68.5,-75.4,141.9,113.0,-110.4,10.3,19.5,0.853,0.031,0.116,0.632,small,very_small,very_small,small,small,small,2,0,9,0,alpha,0
672,673,A,C,39.3,-80.4,134.7,112.5,-121.8,14.6,15.7,0.786,0.06,0.154,0.631,pro,very_small,small,small,small,small,2,0,10,0,alpha,0
673,674,A,C,48.8,-99.0,139.2,116.6,-151.5,11.3,17.9,0.707,0.056,0.237,0.623,very_small,small,small,small,small,small,2,0,9,0,alpha,0
674,675,S,C,63.3,-101.9,131.9,117.1,-144.0,8.5,19.5,0.613,0.043,0.344,0.629,very_small,small,small,small,small,very_small,3,0,9,0,alpha,0
675,676,T,C,48.4,-106.5,138.1,119.9,-157.5,14.4,15.7,0.621,0.044,0.336,0.636,small,small,small,small,very_small,small,2,0,9,0,alpha,0
676,677,T,C,67.5,-110.5,133.2,120.2,-159.9,8.9,20.7,0.63,0.035,0.335,0.63,small,small,small,very_small,small,small,1,0,9,0,alpha,0
677,678,T,C,50.1,-100.8,128.8,115.9,-152.6,14.5,15.5,0.765,0.04,0.196,0.621,small,small,very_small,small,small,small,0,0,9,0,alpha,0
678,679,S,C,58.3,-102.8,123.6,115.2,-159.4,8.5,21.1,0.792,0.037,0.171,0.586,small,very_small,small,small,small,gly,0,0,9,0,alpha,0
679,680,A,C,42.8,-91.5,130.4,113.9,-145.4,14.0,15.6,0.819,0.052,0.129,0.559,small,small,small,small,gly,normal,0,0,9,0,alpha,0
680,681,S,C,54.2,-105.2,132.4,117.4,-158.9,10.1,19.2,0.791,0.038,0.171,0.537,very_small,small,small,gly,normal,pro,1,0,10,0,alpha,0
681,682,S,C,44.5,-98.1,122.1,113.2,-157.9,14.0,14.6,0.797,0.034,0.168,0.512,small,small,gly,normal,pro,normal,1,0,9,0,alpha,0
682,683,S,C,75.8,-94.5,43.8,107.0,-178.3,5.1,17.8,0.863,0.021,0.116,0.513,small,gly,normal,pro,normal,very_small,1,0,9,0,other,0
683,684,G,C,36.8,117.7,-171.9,123.0,12.9,6.4,16.8,0.912,0.006,0.082,0.527,small,normal,pro,normal,very_small,long,0,0,9,0,other,0
684,685,E,C,102.4,-93.0,128.8,115.4,-68.3,8.5,20.2,0.926,0.003,0.071,0.565,gly,pro,normal,very_small,long,long,0,0,9,1,alpha,0
685,686,P,C,33.6,-69.9,147.6,114.0,-109.1,18.7,14.1,0.872,0.053,0.075,0.597,normal,normal,very_small,long,long,small,0,0,8,0,alpha,0
686,687,E,C,106.6,-93.9,128.5,113.7,-133.1,8.0,20.3,0.536,0.08,0.384,0.632,pro,very_small,long,long,small,long,1,0,7,0,alpha,0
687,688,V,C,65.5,-100.8,130.7,117.5,-141.6,13.5,14.6,0.487,0.042,0.471,0.647,normal,long,long,small,long,very_small,1,0,6,0,alpha,0
688,689,K,E,100.5,-110.8,136.1,120.3,-166.3,8.6,18.3,0.441,0.042,0.517,0.664,very_small,long,small,long,very_small,normal,2,0,6,0,alpha,0
689,690,R,C,105.8,-106.6,135.5,120.7,-147.8,11.6,18.2,0.485,0.043,0.473,0.656,long,small,long,very_small,normal,normal,1,0,5,0,alpha,0
690,691,S,C,33.7,-88.3,142.8,117.5,-134.1,15.2,16.3,0.505,0.042,0.453,0.647,long,long,very_small,normal,normal,pro,1,0,6,0,alpha,0
691,692,R,C,106.0,-97.6,130.2,116.3,-137.3,11.0,19.5,0.489,0.032,0.479,0.639,small,very_small,normal,normal,pro,gly,0,0,6,0,alpha,0
692,693,V,C,40.1,-109.0,135.7,121.6,-159.9,16.7,15.1,0.643,0.02,0.337,0.642,long,normal,normal,pro,gly,gly,0,0,5,0,alpha,0
693,694,E,C,101.9,-90.2,134.4,115.7,-135.9,7.9,19.1,0.725,0.027,0.249,0.625,very_small,normal,pro,gly,gly,small,1,1,4,0,alpha,0
694,695,E,C,62.9,-93.0,139.3,118.0,-139.6,15.0,12.4,0.81,0.018,0.172,0.596,normal,pro,gly,gly,small,very_small,1,2,5,1,alpha,0
695,696,P,C,93.5,-68.6,7.2,101.6,-107.5,5.5,15.8,0.878,0.045,0.076,0.549,normal,gly,gly,small,very_small,small,1,2,5,0,beta,0
696,697,G,C,54.2,-80.8,3.9,101.0,26.4,3.1,15.0,0.91,0.031,0.059,0.531,pro,gly,small,very_small,small,small,1,2,5,0,beta,0
697,698,G,C,33.8,114.5,-176.9,122.2,-80.4,6.6,14.0,0.855,0.031,0.114,0.538,gly,small,very_small,small,small,normal,1,1,5,0,other,0
698,699,T,C,75.9,-101.1,137.2,118.7,-84.8,7.3,19.4,0.798,0.04,0.162,0.572,gly,very_small,small,small,normal,pro,1,1,5,0,alpha,0
699,700,A,C,36.1,-97.3,142.4,120.2,-144.3,15.7,14.1,0.692,0.035,0.272,0.614,small,small,small,normal,pro,small,0,0,6,0,alpha,0
700,701,T,C,64.6,-109.9,140.5,121.7,-156.1,9.5,20.1,0.639,0.052,0.309,0.647,very_small,small,normal,pro,small,very_small,1,0,6,0,alpha,0
701,702,T,C,51.8,-112.5,138.7,122.2,-159.3,14.2,16.1,0.643,0.059,0.298,0.665,small,normal,pro,small,very_small,normal,1,0,5,0,alpha,0
702,703,Q,C,98.5,-107.0,130.8,119.2,-152.8,6.8,21.6,0.836,0.023,0.141,0.681,small,pro,small,very_small,normal,very_small,1,0,5,1,alpha,0
703,704,P,C,39.7,-73.3,142.6,113.5,-113.4,16.7,15.8,0.92,0.032,0.048,0.679,normal,small,very_small,normal,very_small,very_small,0,0,5,0,alpha,0
704,705,T,C,59.1,-111.2,135.1,120.9,-157.2,10.1,22.8,0.701,0.047,0.252,0.684,pro,very_small,normal,very_small,very_small,small,1,0,5,0,alpha,0
705,706,A,C,32.5,-107.8,133.6,120.2,-154.0,16.7,17.5,0.497,0.046,0.457,0.674,small,normal,very_small,very_small,small,gly,1,0,5,0,alpha,0
706,707,M,C,60.4,-114.6,134.1,121.8,-165.8,12.4,20.5,0.487,0.047,0.465,0.651,very_small,very_small,very_small,small,gly,pro,2,0,6,0,alpha,0
707,708,A,C,42.7,-107.6,135.1,120.6,-152.0,12.3,20.1,0.551,0.031,0.417,0.626,normal,very_small,small,gly,pro,normal,1,0,6,0,alpha,0
708,709,A,C,26.3,-106.0,138.8,121.8,-156.0,17.5,16.1,0.666,0.021,0.313,0.595,very_small,small,gly,pro,normal,gly,2,0,6,0,alpha,0
709,710,T,C,73.0,-110.3,132.4,118.9,-155.4,8.1,21.6,0.724,0.014,0.262,0.556,very_small,gly,pro,normal,gly,pro,2,0,5,0,alpha,0
710,711,G,C,24.1,-131.3,173.7,129.6,-165.1,12.7,17.7,0.813,0.01,0.177,0.514,small,pro,normal,gly,pro,gly,2,0,5,1,alpha,0
711,712,P,C,69.3,-70.9,144.4,111.5,-61.5,10.4,18.2,0.858,0.03,0.113,0.471,gly,normal,gly,pro,gly,small,1,0,4,0,alpha,0
712,713,Q,C,91.6,-96.1,130.9,115.6,-131.4,11.1,17.0,0.78,0.03,0.19,0.437,pro,gly,pro,gly,small,gly,1,0,3,0,alpha,0
713,714,G,C,24.9,-93.5,168.7,125.7,-122.9,12.6,15.8,0.866,0.014,0.12,0.402,normal,pro,gly,small,gly,normal,1,0,3,1,alpha,0
714,715,P,C,87.2,-72.2,136.9,109.5,-67.4,7.1,16.7,0.874,0.042,0.084,0.377,gly,gly,small,gly,normal,None,1,0,3,0,alpha,0
715,716,G,C,37.5,127.5,179.7,117.5,-3.8,8.9,15.9,0.875,0.021,0.103,0.355,pro,small,gly,normal,None,None,1,0,2,0,other,0
716,717,T,C,80.2,-99.4,120.5,112.8,-88.8,7.4,16.1,0.838,0.032,0.13,0.318,gly,gly,normal,None,None,None,1,0,2,0,alpha,0
717,718,G,C,49.3,92.0,-174.2,112.4,-44.4,4.8,13.0,0.889,0.017,0.094,0.304,small,normal,None,None,None,None,1,0,2,0,other,0
718,719,E,C,147.2,-87.9,131.1,111.4,-77.9,4.0,12.1,0.964,0.013,0.023,0.317,gly,None,None,None,None,None,0,0,2,0,alpha,0
