P28033,#,SEQ,SS,ASA,Phi,Psi,Theta(i-1=>i+1),Tau(i-2=>i+2),HSE_alpha_up,HSE_alpha_down,P(C),P(H),P(E),flexibility,side_-1,side_1,side_2,side_3,side_4,side_5,nAli,nPos,nS/nT,Proline,phi_psi,positivity
0,1,M,C,119.1,-93.2,127.7,113.7,144.4,8.3,9.3,0.991,0.006,0.002,0.538,None,cycle,long,small,small,very_small,0,0,0,0,alpha,0
1,2,H,C,127.4,-93.8,124.0,112.7,-166.2,6.5,11.3,0.953,0.01,0.037,0.569,normal,long,small,small,very_small,cycle,0,0,0,0,alpha,0
2,3,R,C,126.4,-94.8,126.3,113.6,-160.5,8.4,15.2,0.767,0.046,0.187,0.609,cycle,small,small,very_small,cycle,normal,0,0,0,0,alpha,0
3,4,L,C,71.0,-84.7,105.8,108.6,-148.5,13.0,14.5,0.662,0.124,0.214,0.656,long,small,very_small,cycle,normal,very_small,0,0,0,0,alpha,0
4,5,L,C,52.3,-100.2,130.3,117.0,-173.0,16.9,14.2,0.572,0.188,0.24,0.688,small,very_small,cycle,normal,very_small,very_small,1,0,0,0,alpha,0
5,6,A,C,64.3,-90.5,121.0,111.7,-142.8,7.5,19.4,0.682,0.18,0.138,0.713,small,cycle,normal,very_small,very_small,small,2,0,0,0,alpha,0
6,7,W,C,78.4,-86.1,124.2,112.1,-138.6,17.6,13.1,0.807,0.133,0.059,0.726,very_small,normal,very_small,very_small,small,small,3,1,0,0,alpha,0
7,8,D,C,65.3,-88.2,107.7,108.3,-129.2,8.8,16.3,0.933,0.052,0.015,0.748,cycle,very_small,very_small,small,small,pro,2,2,0,0,alpha,0
8,9,A,H,78.2,-64.7,-27.6,92.4,-154.8,4.2,14.1,0.491,0.504,0.005,0.741,normal,very_small,small,small,pro,pro,1,2,0,0,beta,0
9,10,A,C,71.0,-72.4,-21.9,93.2,59.3,4.3,16.5,0.508,0.485,0.008,0.736,very_small,small,small,pro,pro,pro,1,1,0,0,beta,0
10,11,C,C,34.6,-87.5,-8.7,99.5,54.0,14.7,13.7,0.608,0.38,0.012,0.736,very_small,small,pro,pro,pro,pro,2,0,0,0,beta,0
11,12,L,C,49.1,-90.3,133.6,116.9,104.7,14.1,13.6,0.962,0.005,0.033,0.721,small,pro,pro,pro,pro,very_small,2,0,0,1,alpha,0
12,13,P,C,74.3,-70.3,149.6,113.8,-104.6,6.9,18.8,0.99,0.0,0.009,0.717,small,pro,pro,pro,very_small,very_small,2,0,0,1,alpha,0
13,14,P,C,63.7,-70.8,147.7,112.6,-99.1,13.6,15.1,0.996,0.0,0.004,0.71,pro,pro,pro,very_small,very_small,cycle,2,0,0,1,alpha,0
14,15,P,C,54.3,-72.2,149.4,114.1,-102.9,13.9,14.6,0.995,0.002,0.003,0.712,pro,pro,very_small,very_small,cycle,long,3,0,0,1,alpha,0
15,16,P,C,65.8,-70.8,148.8,111.8,-98.7,9.6,16.8,0.959,0.039,0.002,0.722,pro,very_small,very_small,cycle,long,pro,3,0,0,0,alpha,0
16,17,A,C,71.1,-66.3,-26.1,97.9,-105.7,6.8,16.3,0.906,0.09,0.004,0.722,pro,very_small,cycle,long,pro,normal,3,0,0,0,beta,0
17,18,A,C,50.7,-71.2,-24.6,96.4,57.4,10.3,16.0,0.861,0.128,0.011,0.748,very_small,cycle,long,pro,normal,normal,3,0,0,0,beta,0
18,19,F,C,76.0,-89.3,13.8,102.9,60.5,13.6,14.8,0.831,0.151,0.018,0.772,very_small,long,pro,normal,normal,very_small,3,0,0,0,beta,0
19,20,R,C,92.6,-97.0,135.6,115.5,118.2,10.6,18.9,0.817,0.153,0.029,0.787,cycle,pro,normal,normal,very_small,very_small,2,0,0,1,alpha,0
20,21,P,C,45.3,-79.1,88.0,106.7,-130.8,13.0,18.6,0.789,0.179,0.032,0.79,long,normal,normal,very_small,very_small,normal,1,0,0,0,other,0
21,22,M,C,52.8,-91.6,20.0,104.9,173.9,15.7,19.9,0.779,0.187,0.035,0.802,pro,normal,very_small,very_small,normal,cycle,1,0,0,0,other,0
22,23,E,C,35.2,-101.2,129.9,118.7,107.2,20.0,18.9,0.729,0.205,0.066,0.808,normal,very_small,very_small,normal,cycle,cycle,1,0,0,0,alpha,0
23,24,V,C,42.3,-89.0,131.7,114.1,-144.5,14.8,21.8,0.594,0.258,0.148,0.825,normal,very_small,normal,cycle,cycle,cycle,1,0,0,0,alpha,0
24,25,A,C,22.4,-87.0,135.9,114.9,-133.2,19.3,20.4,0.65,0.256,0.094,0.833,very_small,normal,cycle,cycle,cycle,normal,1,1,0,0,alpha,0
25,26,N,C,32.3,-95.7,113.8,112.0,-145.2,18.5,24.5,0.67,0.221,0.11,0.837,very_small,cycle,cycle,cycle,normal,pro,2,1,0,0,alpha,0
26,27,F,C,19.2,-106.5,131.3,118.0,-162.3,22.6,23.8,0.62,0.178,0.201,0.84,normal,cycle,cycle,normal,pro,normal,2,1,0,0,alpha,0
27,28,Y,C,41.6,-102.8,119.8,114.5,-158.9,18.4,22.9,0.657,0.146,0.197,0.858,cycle,cycle,normal,pro,normal,small,1,0,0,0,alpha,0
28,29,Y,C,58.3,-99.5,113.7,112.7,-163.7,14.9,19.8,0.712,0.106,0.182,0.873,cycle,normal,pro,normal,small,small,0,0,0,0,alpha,0
29,30,E,C,59.7,-95.9,107.1,110.6,-167.4,13.1,17.2,0.814,0.097,0.089,0.891,cycle,pro,normal,small,small,very_small,0,0,0,1,alpha,0
30,31,P,C,81.2,-67.4,-22.7,96.5,-153.7,9.1,14.5,0.664,0.304,0.033,0.88,normal,normal,small,small,very_small,cycle,0,0,0,0,beta,0
31,32,D,C,105.6,-81.2,-6.2,97.6,54.1,2.9,16.5,0.675,0.299,0.027,0.878,pro,small,small,very_small,cycle,gly,1,0,0,0,beta,0
32,33,C,C,55.4,-81.1,8.4,103.7,80.9,12.1,12.8,0.616,0.338,0.045,0.861,normal,small,very_small,cycle,gly,very_small,1,0,0,0,beta,0
33,34,L,C,67.4,-81.3,9.4,104.7,89.5,12.7,13.6,0.619,0.322,0.058,0.833,small,very_small,cycle,gly,very_small,long,1,0,0,0,beta,0
34,35,A,C,56.2,-73.6,-12.9,101.4,92.3,8.8,15.3,0.672,0.283,0.045,0.818,small,cycle,gly,very_small,long,very_small,1,0,0,0,beta,0
35,36,Y,C,117.0,-77.3,-3.0,100.3,56.7,9.3,14.5,0.715,0.253,0.031,0.806,very_small,gly,very_small,long,very_small,very_small,2,0,0,0,beta,0
36,37,G,C,45.8,67.2,-3.6,101.5,-24.1,6.3,16.2,0.795,0.182,0.024,0.782,cycle,very_small,long,very_small,very_small,long,2,0,0,0,other,0
37,38,A,C,56.3,-84.0,80.1,107.4,97.8,9.5,10.5,0.752,0.216,0.033,0.784,gly,long,very_small,very_small,long,very_small,1,0,0,0,other,0
38,39,K,C,122.0,-84.1,89.1,107.6,162.3,6.0,13.2,0.719,0.251,0.031,0.776,very_small,very_small,very_small,long,very_small,very_small,1,0,0,0,other,0
39,40,A,C,69.8,-79.3,54.2,105.6,-160.1,6.6,12.5,0.744,0.238,0.017,0.77,long,very_small,long,very_small,very_small,pro,1,0,0,0,other,0
40,41,A,C,73.5,-79.6,10.8,103.5,144.9,6.2,12.4,0.769,0.204,0.028,0.764,very_small,long,very_small,very_small,pro,long,2,0,0,0,beta,0
41,42,R,C,145.0,-87.3,48.6,106.2,74.4,5.0,13.5,0.802,0.155,0.043,0.753,very_small,very_small,very_small,pro,long,very_small,2,0,0,0,other,0
42,43,A,C,58.9,-88.7,127.6,112.8,165.5,9.8,13.0,0.848,0.104,0.049,0.728,long,very_small,pro,long,very_small,pro,2,0,0,0,alpha,0
43,44,A,C,52.3,-83.6,137.7,115.4,-120.3,10.4,14.7,0.934,0.028,0.038,0.705,very_small,pro,long,very_small,pro,very_small,2,1,0,1,alpha,0
44,45,P,C,77.8,-67.9,145.4,108.6,-101.9,9.1,14.4,0.925,0.054,0.021,0.686,very_small,long,very_small,pro,very_small,very_small,2,1,0,0,alpha,0
45,46,R,C,153.0,-83.9,107.2,108.0,-113.0,5.6,15.8,0.927,0.046,0.027,0.696,pro,very_small,pro,very_small,very_small,normal,3,1,0,0,alpha,0
46,47,A,C,43.7,-91.9,143.4,119.2,-148.4,13.1,13.4,0.938,0.036,0.026,0.695,long,pro,very_small,very_small,normal,pro,2,1,0,1,alpha,0
47,48,P,C,73.3,-70.5,128.0,105.5,-106.7,9.0,16.8,0.865,0.122,0.013,0.681,very_small,very_small,very_small,normal,pro,very_small,2,1,0,0,alpha,0
48,49,A,C,60.5,-72.6,-12.4,100.2,-109.1,10.8,15.7,0.756,0.232,0.012,0.693,pro,very_small,normal,pro,very_small,small,2,1,0,0,beta,0
49,50,A,C,60.7,-81.8,8.0,102.8,71.1,8.6,16.5,0.686,0.285,0.029,0.68,very_small,normal,pro,very_small,small,gly,3,0,0,0,beta,0
50,51,E,C,69.6,-94.1,121.6,113.2,104.6,12.4,16.6,0.661,0.315,0.024,0.685,very_small,pro,very_small,small,gly,normal,3,1,0,1,alpha,0
51,52,P,C,39.3,-72.6,139.6,109.1,-120.3,16.7,16.4,0.676,0.29,0.033,0.68,normal,very_small,small,gly,normal,cycle,2,1,0,0,alpha,0
52,53,A,C,46.8,-76.9,5.9,103.3,-135.0,11.0,21.1,0.65,0.288,0.062,0.67,pro,small,gly,normal,cycle,normal,2,1,0,0,beta,0
53,54,I,C,36.2,-73.7,-28.1,98.8,148.7,20.1,16.7,0.564,0.306,0.13,0.665,very_small,gly,normal,cycle,normal,long,2,0,1,0,beta,0
54,55,G,C,25.1,-67.9,-27.8,98.2,56.2,15.3,18.1,0.633,0.284,0.082,0.674,small,normal,cycle,normal,long,very_small,3,0,1,0,beta,0
55,56,E,C,100.6,-74.4,-20.9,98.8,66.7,8.1,17.9,0.598,0.347,0.055,0.701,gly,cycle,normal,long,very_small,small,2,0,1,0,beta,0
56,57,H,C,76.8,-80.5,-7.2,100.0,59.1,12.2,15.8,0.585,0.375,0.04,0.728,normal,normal,long,very_small,small,normal,1,0,1,0,beta,0
57,58,E,C,84.5,-76.0,-12.6,99.8,82.5,13.0,14.6,0.505,0.434,0.062,0.753,cycle,long,very_small,small,normal,cycle,0,0,1,0,beta,0
58,59,R,C,134.3,-78.6,-10.7,98.9,63.0,6.5,19.0,0.527,0.389,0.084,0.751,normal,very_small,small,normal,cycle,small,0,0,1,0,beta,0
59,60,A,C,28.9,-81.1,7.1,106.1,88.9,13.6,16.9,0.594,0.291,0.115,0.751,long,small,normal,cycle,small,pro,0,0,1,0,beta,0
60,61,I,C,39.0,-93.0,113.3,111.6,136.0,18.3,16.6,0.689,0.143,0.167,0.762,very_small,normal,cycle,small,pro,cycle,1,0,1,0,alpha,0
61,62,D,C,60.4,-95.9,108.0,110.9,-155.4,11.6,22.5,0.829,0.087,0.084,0.767,small,cycle,small,pro,cycle,small,2,1,1,0,alpha,0
62,63,F,C,28.2,-96.8,74.1,108.6,-167.0,21.9,18.1,0.705,0.27,0.026,0.756,normal,small,pro,cycle,small,normal,2,1,1,0,other,0
63,64,S,H,29.7,-82.7,153.1,115.1,-171.7,15.4,19.0,0.458,0.531,0.011,0.746,cycle,pro,cycle,small,normal,pro,1,2,1,1,alpha,0
64,65,P,H,71.7,-68.0,-29.3,95.5,-126.7,8.7,20.1,0.35,0.645,0.006,0.728,small,cycle,small,normal,pro,small,0,1,1,0,beta,0
65,66,Y,H,57.9,-76.4,-23.7,95.8,58.0,16.3,16.8,0.384,0.604,0.012,0.74,pro,small,normal,pro,small,very_small,1,1,1,0,beta,0
66,67,L,C,19.2,-84.9,29.0,105.9,67.6,23.0,15.2,0.487,0.449,0.064,0.76,cycle,normal,pro,small,very_small,pro,1,0,1,0,other,0
67,68,E,C,71.8,-88.5,125.0,112.6,149.9,12.0,17.5,0.773,0.194,0.034,0.757,small,pro,small,very_small,pro,very_small,2,0,1,1,alpha,0
68,69,P,C,72.8,-69.0,-23.5,99.0,-148.1,8.5,18.0,0.676,0.304,0.02,0.747,normal,small,very_small,pro,very_small,very_small,1,0,1,0,beta,0
69,70,L,C,64.4,-73.8,-26.4,96.3,53.6,11.4,16.1,0.719,0.27,0.01,0.738,pro,very_small,pro,very_small,very_small,normal,2,0,1,0,beta,0
70,71,A,C,32.2,-81.7,122.8,109.6,91.6,14.5,13.5,0.741,0.251,0.008,0.736,small,pro,very_small,very_small,normal,cycle,2,0,1,1,alpha,0
71,72,P,H,72.7,-66.8,-28.0,97.8,-123.9,8.7,16.5,0.47,0.527,0.003,0.733,very_small,very_small,very_small,normal,cycle,very_small,3,0,1,0,beta,0
72,73,A,H,62.1,-68.0,-31.7,94.9,55.9,6.5,15.2,0.405,0.592,0.003,0.742,pro,very_small,normal,cycle,very_small,very_small,3,0,1,0,beta,0
73,74,A,H,55.7,-70.0,-31.9,95.3,54.9,8.7,13.6,0.389,0.605,0.007,0.741,very_small,normal,cycle,very_small,very_small,pro,3,0,1,0,beta,0
74,75,D,C,94.2,-73.0,-24.2,96.1,55.1,4.6,13.8,0.528,0.463,0.009,0.746,very_small,cycle,very_small,very_small,pro,very_small,3,0,0,0,beta,0
75,76,F,C,142.0,-81.3,-10.1,98.6,52.9,3.3,12.0,0.622,0.372,0.006,0.726,normal,very_small,very_small,pro,very_small,pro,2,0,0,0,beta,0
76,77,A,C,75.3,-85.4,52.2,106.0,77.3,4.5,9.3,0.789,0.202,0.009,0.695,cycle,very_small,pro,very_small,pro,very_small,1,0,0,0,other,0
77,78,A,C,68.1,-87.5,129.1,114.4,-123.4,6.1,11.9,0.939,0.052,0.009,0.671,very_small,pro,very_small,pro,very_small,cycle,1,0,1,1,alpha,0
78,79,P,C,79.5,-69.4,134.9,106.6,-107.1,9.0,13.9,0.937,0.054,0.008,0.646,very_small,very_small,pro,very_small,cycle,cycle,2,0,1,0,alpha,0
79,80,A,C,54.5,-81.3,142.4,114.3,-112.4,10.1,15.2,0.921,0.07,0.01,0.641,pro,pro,very_small,cycle,cycle,normal,3,0,1,1,alpha,0
80,81,P,C,76.5,-68.7,110.2,104.1,-107.3,9.0,16.1,0.831,0.162,0.007,0.644,very_small,very_small,cycle,cycle,normal,cycle,3,0,1,0,alpha,0
81,82,A,C,47.4,-76.8,4.7,103.5,-143.9,11.7,16.3,0.77,0.221,0.009,0.678,pro,cycle,cycle,normal,cycle,small,3,0,1,0,beta,0
82,83,H,C,57.4,-84.1,1.7,101.7,61.8,15.2,15.4,0.711,0.279,0.01,0.728,very_small,cycle,normal,cycle,small,small,3,0,1,0,beta,0
83,84,H,H,84.4,-68.4,-28.5,96.0,75.5,12.1,17.6,0.484,0.512,0.004,0.778,cycle,normal,cycle,small,small,normal,2,0,1,0,beta,0
84,85,D,H,73.9,-68.4,-33.4,94.8,56.2,7.5,20.5,0.417,0.58,0.003,0.819,cycle,cycle,small,small,normal,small,1,0,1,0,beta,0
85,86,F,H,33.0,-65.9,-39.2,94.0,60.6,18.1,18.4,0.304,0.689,0.007,0.819,normal,small,small,normal,small,cycle,0,0,1,0,beta,0
86,87,L,H,16.5,-65.0,-40.4,94.0,52.6,22.3,19.4,0.203,0.792,0.005,0.817,cycle,small,normal,small,cycle,very_small,0,0,1,0,beta,0
87,88,S,H,39.7,-66.1,-36.0,93.3,54.2,12.8,21.1,0.196,0.796,0.008,0.81,small,normal,small,cycle,very_small,normal,1,1,1,0,beta,0
88,89,D,H,55.3,-68.5,-35.2,93.6,52.0,9.3,23.1,0.204,0.785,0.01,0.807,small,small,cycle,very_small,normal,normal,1,2,1,0,beta,0
89,90,L,H,11.5,-69.4,-38.0,95.0,50.6,21.8,19.5,0.29,0.696,0.014,0.798,normal,cycle,very_small,normal,normal,cycle,1,2,2,0,beta,0
90,91,F,C,24.0,-84.6,-16.2,98.9,47.0,21.8,18.0,0.48,0.467,0.053,0.806,small,very_small,normal,normal,cycle,gly,1,1,2,0,beta,0
91,92,A,C,50.4,-70.1,-28.7,96.2,61.3,10.4,17.7,0.722,0.225,0.052,0.798,cycle,normal,normal,cycle,gly,very_small,1,0,2,0,beta,0
92,93,D,C,81.4,-73.5,-22.9,98.0,62.2,7.5,16.0,0.737,0.217,0.046,0.796,very_small,normal,cycle,gly,very_small,long,2,0,2,0,beta,0
93,94,D,C,87.4,-81.6,-8.8,99.5,58.5,6.6,14.9,0.761,0.201,0.038,0.781,normal,cycle,gly,very_small,long,pro,1,0,2,0,beta,0
94,95,Y,C,103.0,-86.5,0.6,101.4,64.1,11.0,11.4,0.789,0.178,0.032,0.726,normal,gly,very_small,long,pro,small,1,0,2,0,beta,0
95,96,G,C,48.0,-11.0,2.8,103.9,33.1,6.2,14.3,0.899,0.075,0.025,0.686,cycle,very_small,long,pro,small,long,0,0,2,0,other,0
96,97,A,C,68.7,-86.7,100.5,109.0,106.3,5.8,12.6,0.896,0.048,0.056,0.669,gly,long,pro,small,long,long,0,0,2,0,alpha,0
97,98,K,C,123.7,-98.0,128.6,116.3,-125.3,5.8,15.3,0.913,0.022,0.064,0.676,very_small,pro,small,long,long,pro,1,0,2,1,alpha,0
98,99,P,C,72.4,-69.7,142.1,109.1,-107.8,11.1,13.0,0.893,0.059,0.049,0.672,long,small,long,long,pro,very_small,1,0,1,0,alpha,0
99,100,S,C,70.2,-85.3,125.0,109.5,-125.9,7.3,12.7,0.904,0.053,0.043,0.671,pro,long,long,pro,very_small,normal,2,0,2,0,alpha,0
100,101,K,C,141.7,-86.7,93.7,107.8,-94.3,4.3,14.3,0.921,0.036,0.043,0.669,small,long,pro,very_small,normal,cycle,1,0,2,0,other,0
101,102,K,C,105.0,-96.8,137.8,118.6,-144.9,8.3,14.3,0.959,0.013,0.028,0.667,long,pro,very_small,normal,cycle,gly,1,0,2,1,alpha,0
102,103,P,C,65.1,-70.0,149.9,111.8,-103.0,10.1,14.7,0.886,0.096,0.018,0.676,long,very_small,normal,cycle,gly,cycle,0,1,2,0,alpha,0
103,104,A,C,68.8,-68.9,-23.7,98.2,-108.3,7.7,15.7,0.798,0.183,0.019,0.697,pro,normal,cycle,gly,cycle,very_small,1,1,2,0,beta,0
104,105,D,C,88.4,-86.0,10.2,101.3,50.0,6.5,17.4,0.796,0.176,0.028,0.724,very_small,cycle,gly,cycle,very_small,small,2,1,2,0,beta,0
105,106,Y,C,60.0,-91.4,113.5,111.8,128.5,17.2,14.4,0.794,0.165,0.041,0.739,normal,gly,cycle,very_small,small,small,2,1,2,0,alpha,0
106,107,G,C,29.7,-94.0,125.9,112.6,-158.7,10.3,20.5,0.831,0.106,0.064,0.746,cycle,cycle,very_small,small,small,gly,1,2,2,0,alpha,0
107,108,Y,C,67.8,-74.3,-21.0,99.1,175.4,17.3,15.1,0.74,0.149,0.111,0.759,gly,very_small,small,small,gly,long,0,2,2,0,beta,0
108,109,V,C,73.6,-70.2,-30.3,96.6,62.9,10.1,17.5,0.726,0.157,0.117,0.772,cycle,small,small,gly,long,very_small,0,1,2,0,beta,0
109,110,S,C,51.1,-69.6,-33.8,95.6,54.5,8.2,17.8,0.766,0.134,0.1,0.747,very_small,small,gly,long,very_small,gly,1,0,2,0,beta,0
110,111,L,C,58.4,-68.9,-31.7,94.7,56.2,12.9,15.3,0.791,0.159,0.051,0.715,small,gly,long,very_small,gly,very_small,1,0,1,0,beta,0
111,112,G,C,37.3,-69.0,-30.3,96.4,55.1,9.0,16.1,0.832,0.111,0.057,0.686,small,long,very_small,gly,very_small,long,2,0,1,0,beta,0
112,113,R,C,134.3,-75.4,-18.8,97.7,55.5,5.2,15.7,0.835,0.112,0.053,0.676,gly,very_small,gly,very_small,long,very_small,1,0,1,0,beta,0
113,114,A,C,52.6,-77.9,-14.0,99.8,64.9,10.6,12.4,0.858,0.086,0.056,0.652,long,gly,very_small,long,very_small,very_small,1,0,1,0,beta,0
114,115,G,C,45.1,58.3,-17.9,104.0,-21.4,6.8,14.5,0.871,0.084,0.044,0.64,very_small,very_small,long,very_small,very_small,pro,1,0,1,0,other,0
115,116,A,C,69.9,-77.4,-11.5,101.2,68.0,6.3,13.1,0.867,0.097,0.035,0.646,gly,long,very_small,very_small,pro,pro,1,0,1,0,beta,0
116,117,K,C,129.5,-85.7,26.8,104.6,67.4,5.1,13.7,0.888,0.069,0.043,0.638,very_small,very_small,very_small,pro,pro,very_small,2,0,1,0,other,0
117,118,A,C,53.6,-87.7,125.7,112.1,131.3,10.9,13.1,0.926,0.02,0.054,0.642,long,very_small,pro,pro,very_small,small,1,1,1,0,alpha,0
118,119,A,C,49.1,-87.7,137.2,116.9,-130.5,11.4,15.5,0.959,0.004,0.037,0.642,very_small,pro,pro,very_small,small,cycle,2,1,1,1,alpha,0
119,120,P,C,54.9,-69.2,145.7,112.6,-104.3,11.8,16.5,0.962,0.024,0.014,0.643,very_small,pro,very_small,small,cycle,pro,2,1,1,1,alpha,0
120,121,P,C,67.5,-69.9,138.8,106.3,-104.6,11.7,15.5,0.894,0.091,0.015,0.642,pro,very_small,small,cycle,pro,pro,3,0,0,0,alpha,0
121,122,A,C,67.5,-75.2,-0.5,102.7,-114.0,7.3,17.0,0.864,0.102,0.034,0.642,pro,small,cycle,pro,pro,pro,3,1,0,0,beta,0
122,123,C,C,52.2,-82.1,10.5,105.0,73.4,10.6,16.6,0.896,0.042,0.062,0.643,very_small,cycle,pro,pro,pro,pro,3,1,0,0,beta,0
123,124,F,C,57.8,-98.9,130.8,118.0,170.5,17.2,13.9,0.961,0.001,0.037,0.654,small,pro,pro,pro,pro,pro,2,1,0,1,alpha,0
124,125,P,C,71.5,-72.9,148.1,114.6,-107.9,7.8,18.4,0.984,0.0,0.016,0.637,cycle,pro,pro,pro,pro,very_small,1,0,0,1,alpha,0
125,126,P,C,60.6,-68.0,145.9,113.9,-101.2,13.6,15.8,0.991,0.0,0.009,0.636,pro,pro,pro,pro,very_small,very_small,1,0,0,1,alpha,0
126,127,P,C,39.7,-68.0,149.3,113.8,-102.7,15.5,14.6,0.997,0.0,0.003,0.637,pro,pro,pro,very_small,very_small,small,2,0,0,1,alpha,0
127,128,P,C,65.3,-72.4,150.7,115.1,-104.9,7.9,19.2,0.99,0.007,0.003,0.655,pro,pro,very_small,very_small,small,long,3,0,0,1,alpha,0
128,129,P,C,70.3,-64.8,-21.3,99.1,-101.9,11.3,16.2,0.745,0.249,0.005,0.66,pro,very_small,very_small,small,long,very_small,3,0,0,0,beta,0
129,130,A,C,46.4,-70.6,-28.1,96.6,57.1,11.3,16.6,0.503,0.472,0.025,0.666,pro,very_small,small,long,very_small,normal,3,0,0,0,beta,0
130,131,A,C,44.3,-75.5,-9.6,101.6,67.7,11.1,16.7,0.51,0.438,0.052,0.672,very_small,small,long,very_small,normal,pro,3,0,0,0,beta,0
131,132,L,C,59.8,-89.3,101.9,109.8,111.1,14.1,14.1,0.556,0.334,0.11,0.668,very_small,long,very_small,normal,pro,gly,3,0,0,0,alpha,0
132,133,K,C,107.8,-91.7,120.1,111.9,171.1,8.3,17.5,0.686,0.153,0.161,0.677,small,very_small,normal,pro,gly,cycle,3,0,0,0,alpha,0
133,134,A,C,44.7,-87.7,134.6,114.2,-138.8,13.6,15.6,0.79,0.056,0.154,0.672,long,normal,pro,gly,cycle,normal,2,0,0,0,alpha,0
134,135,E,C,67.6,-92.4,131.6,116.0,-138.0,13.2,15.7,0.886,0.015,0.099,0.656,very_small,pro,gly,cycle,normal,pro,2,0,0,1,alpha,0
135,136,P,C,71.3,-69.2,125.5,105.6,-113.7,10.9,15.8,0.832,0.101,0.067,0.632,normal,gly,cycle,normal,pro,very_small,1,0,0,0,alpha,0
136,137,G,C,39.1,99.3,14.4,110.4,13.4,8.8,17.7,0.788,0.078,0.134,0.633,pro,cycle,normal,pro,very_small,normal,2,0,0,0,other,0
137,138,F,C,86.5,-99.5,127.5,115.5,160.1,11.9,15.3,0.811,0.045,0.144,0.654,gly,normal,pro,very_small,normal,small,1,1,0,0,alpha,0
138,139,E,C,74.2,-93.4,140.3,117.9,-145.4,11.3,15.3,0.915,0.006,0.08,0.679,cycle,pro,very_small,normal,small,long,1,1,0,1,alpha,0
139,140,P,C,73.7,-68.2,141.0,107.0,-105.6,7.9,15.8,0.891,0.074,0.035,0.703,normal,very_small,normal,small,long,long,0,1,0,0,alpha,0
140,141,A,C,62.3,-70.1,-25.1,99.2,-117.9,9.5,14.0,0.747,0.235,0.018,0.729,pro,normal,small,long,long,very_small,1,0,0,0,beta,0
141,142,D,C,83.0,-79.2,6.5,102.2,64.6,7.0,15.6,0.706,0.269,0.025,0.757,very_small,small,long,long,very_small,normal,2,0,0,0,beta,0
142,143,C,C,68.0,-73.8,-18.4,98.0,99.7,9.9,11.4,0.68,0.284,0.035,0.766,normal,long,long,very_small,normal,normal,2,0,0,0,beta,0
143,144,K,C,126.7,-78.0,-14.4,99.2,63.8,4.7,13.1,0.725,0.239,0.037,0.755,small,long,very_small,normal,normal,very_small,1,0,0,0,beta,0
144,145,R,C,132.0,-86.2,28.7,105.2,73.9,6.4,11.6,0.771,0.179,0.051,0.745,long,very_small,normal,normal,very_small,pro,0,0,0,0,other,0
145,146,A,C,65.2,-82.1,122.3,109.0,154.0,6.8,11.3,0.863,0.114,0.023,0.757,long,normal,normal,very_small,pro,very_small,0,0,0,0,alpha,0
146,147,D,C,99.4,-83.8,87.8,107.1,-120.8,4.7,13.3,0.88,0.093,0.027,0.776,very_small,normal,very_small,pro,very_small,normal,1,0,0,0,other,0
147,148,D,C,86.1,-74.4,-13.4,102.2,-117.2,7.2,13.9,0.891,0.084,0.026,0.781,normal,very_small,pro,very_small,normal,very_small,1,0,0,0,beta,0
148,149,A,C,70.4,-66.7,-32.0,95.6,65.3,4.0,12.9,0.838,0.148,0.014,0.761,normal,pro,very_small,normal,very_small,very_small,1,1,0,1,beta,0
149,150,P,C,81.3,-66.8,-33.1,94.5,54.5,4.5,15.2,0.717,0.263,0.02,0.738,very_small,very_small,normal,very_small,very_small,gly,1,2,0,0,beta,0
150,151,A,C,55.1,-69.0,-34.0,94.5,54.6,7.1,13.9,0.637,0.334,0.029,0.739,pro,normal,very_small,very_small,gly,cycle,2,2,0,0,beta,0
151,152,M,C,89.7,-69.7,-32.9,95.3,56.0,7.9,13.8,0.665,0.297,0.037,0.744,very_small,very_small,very_small,gly,cycle,pro,3,1,0,0,beta,0
152,153,A,C,68.3,-72.7,-27.0,97.0,58.9,4.4,13.7,0.741,0.231,0.028,0.754,normal,very_small,gly,cycle,pro,cycle,2,0,0,0,beta,0
153,154,A,C,66.4,-80.1,-9.6,100.4,60.7,6.3,12.2,0.863,0.119,0.019,0.761,very_small,gly,cycle,pro,cycle,very_small,2,0,0,0,beta,0
154,155,G,C,46.5,72.4,-3.1,104.0,-41.4,5.6,15.3,0.941,0.039,0.02,0.785,very_small,cycle,pro,cycle,very_small,small,2,0,0,0,other,0
155,156,F,C,83.6,-95.0,131.5,115.7,124.0,11.0,12.9,0.969,0.016,0.014,0.825,gly,pro,cycle,very_small,small,long,2,0,0,1,alpha,0
156,157,P,C,75.9,-67.2,-24.6,97.1,-130.7,8.5,15.0,0.762,0.234,0.004,0.849,cycle,cycle,very_small,small,long,very_small,1,0,0,0,beta,0
157,158,F,C,102.1,-70.4,-30.5,96.5,62.8,8.5,13.8,0.522,0.47,0.008,0.868,pro,very_small,small,long,very_small,cycle,1,0,0,0,beta,0
158,159,A,H,59.4,-69.9,-31.1,95.8,58.1,6.4,15.2,0.492,0.495,0.012,0.868,cycle,small,long,very_small,cycle,small,1,0,1,0,beta,0
159,160,L,H,69.7,-75.8,-24.7,98.3,60.8,10.7,12.7,0.478,0.501,0.021,0.865,very_small,long,very_small,cycle,small,gly,2,0,1,0,beta,0
160,161,R,C,94.1,-78.1,9.5,105.2,86.6,11.4,13.2,0.576,0.398,0.026,0.859,small,very_small,cycle,small,gly,cycle,2,0,2,0,beta,0
161,162,A,C,62.4,-72.1,-23.0,99.0,95.3,7.4,15.9,0.629,0.348,0.023,0.847,long,cycle,small,gly,cycle,normal,2,0,2,0,beta,0
162,163,Y,C,121.6,-85.4,1.3,101.9,60.0,8.3,13.9,0.671,0.306,0.023,0.818,very_small,small,gly,cycle,normal,very_small,2,0,3,0,beta,0
163,164,L,C,78.5,-84.5,-1.1,102.2,77.2,10.8,12.1,0.77,0.204,0.026,0.781,cycle,gly,cycle,normal,very_small,small,1,0,4,0,beta,0
164,165,G,C,41.4,-40.3,3.8,105.9,-130.5,7.4,15.1,0.922,0.05,0.028,0.756,small,cycle,normal,very_small,small,pro,2,0,4,0,other,0
165,166,Y,C,129.5,-79.9,13.3,104.4,-174.4,7.9,13.4,0.895,0.059,0.046,0.725,gly,normal,very_small,small,pro,small,1,1,5,0,beta,0
166,167,Q,C,103.1,-79.1,-2.1,102.6,100.5,7.6,11.6,0.913,0.021,0.066,0.7,cycle,very_small,small,pro,small,gly,1,1,5,0,beta,0
167,168,A,C,61.2,-78.2,-10.8,102.2,87.6,9.0,12.5,0.913,0.01,0.077,0.68,normal,small,pro,small,gly,small,0,1,6,0,beta,0
168,169,T,C,72.7,-89.7,112.8,110.8,98.2,8.0,13.6,0.976,0.001,0.023,0.646,very_small,pro,small,gly,small,small,1,0,7,1,alpha,0
169,170,P,C,69.8,-70.6,38.6,103.9,-119.7,9.7,13.3,0.974,0.013,0.013,0.601,small,small,gly,small,small,gly,1,0,8,0,other,0
170,171,S,C,65.4,-72.1,-15.6,99.4,72.0,7.5,13.7,0.97,0.015,0.015,0.565,pro,gly,small,small,gly,small,2,0,9,0,beta,0
171,172,G,C,49.1,-76.7,-8.5,99.7,48.6,4.6,13.2,0.959,0.022,0.019,0.532,small,small,small,gly,small,small,1,0,10,0,beta,0
172,173,S,C,69.0,-84.2,15.9,104.4,77.0,6.6,10.2,0.973,0.009,0.018,0.515,gly,small,gly,small,small,small,1,0,11,0,beta,0
173,174,S,C,75.8,-77.5,-13.5,101.1,103.1,5.0,11.7,0.975,0.012,0.013,0.514,small,gly,small,small,small,small,0,0,12,0,beta,0
174,175,G,C,53.6,-73.7,-14.6,99.2,56.3,3.4,11.7,0.964,0.025,0.012,0.508,small,small,small,small,small,small,0,0,12,0,beta,0
175,176,S,C,71.1,-84.7,1.1,101.7,68.2,4.9,10.9,0.958,0.029,0.013,0.516,gly,small,small,small,small,small,0,0,12,0,beta,0
176,177,L,C,91.1,-78.5,-11.8,99.9,79.5,8.3,9.6,0.962,0.027,0.012,0.538,small,small,small,small,small,small,0,0,12,0,beta,0
177,178,S,C,76.2,-78.6,-13.3,101.8,75.4,3.8,11.5,0.975,0.015,0.01,0.545,small,small,small,small,small,small,1,0,13,0,beta,0
178,179,T,C,88.2,-81.6,-9.2,101.0,68.5,5.0,10.4,0.975,0.015,0.01,0.55,small,small,small,small,small,small,1,0,13,0,beta,0
179,180,S,C,78.3,-78.4,-10.7,100.5,75.0,4.1,9.2,0.976,0.015,0.009,0.525,small,small,small,small,small,pro,1,0,13,0,beta,1
180,181,S,C,83.7,-81.5,-4.5,99.9,63.6,2.8,9.7,0.967,0.017,0.016,0.484,small,small,small,small,pro,pro,0,0,13,0,beta,0
181,182,S,C,77.0,-85.9,40.8,105.5,83.4,4.1,8.2,0.979,0.007,0.014,0.457,small,small,small,pro,pro,gly,0,0,12,0,other,0
182,183,S,C,83.4,-84.1,-0.7,101.2,123.6,3.2,10.1,0.985,0.002,0.013,0.445,small,small,pro,pro,gly,small,0,0,12,0,beta,0
183,184,S,C,64.1,-93.4,139.0,118.5,108.9,4.9,10.1,0.991,0.0,0.009,0.427,small,pro,pro,gly,small,pro,0,0,11,1,alpha,0
184,185,P,C,83.0,-68.1,151.9,113.7,-102.2,5.5,11.2,0.997,0.0,0.003,0.424,small,pro,gly,small,pro,small,0,0,10,1,alpha,0
185,186,P,C,98.9,-70.5,143.7,109.7,-96.4,4.6,11.4,0.996,0.001,0.003,0.423,pro,gly,small,pro,small,pro,1,0,10,0,alpha,0
186,187,G,C,58.2,64.9,176.5,109.9,-25.4,2.6,11.2,0.992,0.001,0.008,0.441,pro,small,pro,small,pro,very_small,2,0,9,0,other,0
187,188,T,C,89.7,-93.8,139.3,118.2,-112.5,4.2,10.6,0.99,0.0,0.01,0.473,gly,pro,small,pro,very_small,normal,2,0,9,1,alpha,0
188,189,P,C,84.9,-68.2,150.5,110.8,-97.6,6.4,11.7,0.997,0.0,0.003,0.496,small,small,pro,very_small,normal,very_small,1,0,8,0,alpha,0
189,190,S,C,73.7,-79.6,150.7,117.4,-105.3,3.9,12.6,0.997,0.0,0.003,0.527,pro,pro,very_small,normal,very_small,long,1,0,7,1,alpha,0
190,191,P,C,76.5,-67.2,149.6,110.9,-99.2,8.3,11.8,0.992,0.006,0.002,0.544,small,very_small,normal,very_small,long,very_small,1,0,6,0,alpha,0
191,192,A,C,67.9,-68.4,-23.5,98.3,-111.9,7.2,13.3,0.982,0.015,0.003,0.578,pro,normal,very_small,long,very_small,very_small,2,0,5,0,beta,0
192,193,D,C,93.6,-84.4,10.0,103.1,57.1,4.6,13.9,0.955,0.038,0.006,0.62,very_small,very_small,long,very_small,very_small,pro,2,0,4,0,beta,0
193,194,A,C,68.9,-70.1,-20.4,96.6,132.1,6.7,10.3,0.952,0.045,0.003,0.629,normal,long,very_small,very_small,pro,very_small,2,0,3,0,beta,0
194,195,K,C,141.6,-76.0,-16.9,98.0,65.2,2.7,11.6,0.954,0.041,0.005,0.641,very_small,very_small,very_small,pro,very_small,very_small,2,0,2,0,beta,0
195,196,A,C,71.4,-82.8,-2.7,102.2,64.8,4.3,11.7,0.963,0.029,0.009,0.653,long,very_small,pro,very_small,very_small,small,1,0,2,0,beta,0
196,197,A,C,53.8,-85.3,139.0,115.9,121.4,7.9,8.4,0.986,0.01,0.005,0.675,very_small,pro,very_small,very_small,small,cycle,2,0,2,1,alpha,0
197,198,P,C,76.6,-67.6,149.3,107.6,-107.0,6.3,13.1,0.942,0.056,0.002,0.679,very_small,very_small,very_small,small,cycle,very_small,2,0,2,0,alpha,0
198,199,A,C,77.4,-66.4,-27.9,95.8,-120.3,4.1,12.1,0.893,0.1,0.007,0.692,pro,very_small,small,cycle,very_small,gly,3,0,1,0,beta,0
199,200,A,C,74.9,-71.8,-27.8,96.0,59.1,3.1,10.7,0.879,0.111,0.01,0.711,very_small,small,cycle,very_small,gly,pro,3,1,1,0,beta,0
200,201,C,C,85.9,-74.2,-23.0,96.9,60.0,3.6,9.8,0.907,0.079,0.014,0.715,very_small,cycle,very_small,gly,pro,pro,3,1,0,0,beta,0
201,202,F,C,140.0,-74.8,-23.2,98.0,64.1,2.9,10.3,0.931,0.055,0.014,0.695,small,very_small,gly,pro,pro,very_small,2,1,0,0,beta,0
202,203,A,C,84.6,-79.8,-11.2,99.5,62.0,2.1,10.4,0.959,0.029,0.012,0.659,cycle,gly,pro,pro,very_small,very_small,1,0,0,0,beta,0
203,204,G,C,44.7,-103.0,163.2,121.9,104.8,4.2,10.3,0.981,0.005,0.014,0.632,very_small,pro,pro,very_small,very_small,pro,1,0,0,1,alpha,0
204,205,P,C,91.8,-72.7,152.8,115.5,-88.6,4.0,11.2,0.993,0.002,0.004,0.615,gly,pro,very_small,very_small,pro,very_small,1,0,0,1,alpha,0
205,206,P,C,94.5,-67.4,149.7,111.9,-96.6,4.3,11.7,0.986,0.011,0.003,0.62,pro,very_small,very_small,pro,very_small,long,2,0,0,0,alpha,0
206,207,A,C,82.5,-75.0,60.3,104.8,-102.0,4.2,11.6,0.972,0.019,0.009,0.629,pro,very_small,pro,very_small,long,very_small,2,0,1,0,other,0
207,208,A,C,68.8,-88.0,144.4,117.7,-117.8,4.7,11.6,0.978,0.016,0.006,0.642,very_small,pro,very_small,long,very_small,long,3,0,1,1,alpha,0
208,209,P,C,83.3,-68.7,149.8,110.3,-99.0,6.3,12.1,0.908,0.09,0.002,0.645,very_small,very_small,long,very_small,long,very_small,3,0,1,0,alpha,0
209,210,A,C,79.1,-68.9,-27.6,99.5,-105.5,4.0,12.5,0.807,0.188,0.005,0.675,pro,long,very_small,long,very_small,long,3,0,1,0,beta,0
210,211,K,C,140.4,-79.7,-12.4,101.6,56.4,3.4,10.6,0.747,0.244,0.009,0.694,very_small,very_small,long,very_small,long,long,3,0,1,0,beta,0
211,212,A,C,77.4,-79.1,-8.5,103.1,77.2,3.4,9.7,0.763,0.227,0.01,0.702,long,long,very_small,long,long,small,2,0,2,0,beta,0
212,213,K,C,139.1,-87.9,105.2,109.0,129.4,4.0,10.2,0.816,0.17,0.013,0.701,very_small,very_small,long,long,small,very_small,2,0,2,0,alpha,0
213,214,A,C,74.4,-89.0,138.1,114.5,-143.6,5.3,9.6,0.87,0.119,0.01,0.709,long,long,long,small,very_small,normal,1,0,2,0,alpha,0
214,215,K,C,144.0,-88.4,133.4,113.2,-124.0,4.2,10.1,0.897,0.091,0.013,0.712,very_small,long,small,very_small,normal,long,2,0,2,0,alpha,0
215,216,K,C,129.4,-91.9,135.9,114.6,-140.5,5.8,10.8,0.92,0.068,0.012,0.718,long,small,very_small,normal,long,small,1,1,2,0,alpha,0
216,217,T,C,86.4,-90.5,135.9,115.0,-127.4,5.0,13.7,0.909,0.079,0.012,0.739,long,very_small,normal,long,small,small,1,1,2,0,alpha,0
217,218,V,C,83.0,-77.2,-15.1,101.2,-149.9,9.6,10.9,0.769,0.224,0.007,0.762,small,normal,long,small,small,normal,0,2,2,0,beta,0
218,219,D,C,98.0,-81.3,-3.1,101.6,69.4,4.5,13.7,0.741,0.253,0.006,0.774,very_small,long,small,small,normal,normal,1,1,2,0,beta,0
219,220,K,C,129.0,-83.0,-4.7,101.4,68.9,4.5,12.8,0.757,0.239,0.004,0.768,normal,small,small,normal,normal,cycle,1,2,2,0,beta,0
220,221,L,C,82.3,-88.9,120.5,111.4,101.7,9.2,10.5,0.9,0.098,0.001,0.766,long,small,normal,normal,cycle,long,1,2,2,0,alpha,0
221,222,S,C,56.4,-82.4,161.2,116.1,-133.2,5.9,15.1,0.91,0.088,0.001,0.771,small,normal,normal,cycle,long,normal,1,2,2,0,alpha,0
222,223,D,H,107.6,-62.2,-33.7,93.8,-105.3,3.2,13.9,0.168,0.832,0.0,0.789,small,normal,cycle,long,normal,long,1,1,2,0,beta,0
223,224,E,H,118.4,-66.5,-37.1,93.2,53.6,2.2,15.6,0.09,0.91,0.0,0.788,normal,cycle,long,normal,long,long,1,0,2,0,beta,0
224,225,Y,H,74.6,-66.6,-38.8,93.4,51.7,10.6,14.6,0.038,0.962,0.0,0.791,normal,long,normal,long,long,normal,0,1,2,0,beta,0
225,226,K,H,97.1,-64.8,-39.3,93.3,53.4,7.2,16.6,0.022,0.978,0.0,0.78,cycle,normal,long,long,normal,long,0,1,2,0,beta,0
226,227,M,H,105.9,-65.5,-39.3,92.6,51.3,2.6,18.5,0.021,0.979,0.0,0.774,long,long,long,normal,long,normal,0,1,2,0,beta,0
227,228,R,H,107.4,-66.7,-39.1,93.1,50.5,5.4,17.5,0.023,0.977,0.0,0.766,normal,long,normal,long,normal,normal,0,0,1,0,beta,0
228,229,R,H,77.6,-65.7,-39.5,93.6,52.0,11.9,15.3,0.031,0.969,0.0,0.757,long,normal,long,normal,normal,small,0,0,2,0,beta,0
229,230,E,H,109.1,-65.2,-38.8,92.9,51.8,3.7,19.4,0.042,0.958,0.0,0.75,long,long,normal,normal,small,very_small,0,0,2,0,beta,0
230,231,R,H,136.5,-66.6,-37.9,92.1,50.0,2.3,19.1,0.088,0.912,0.0,0.734,normal,normal,normal,small,very_small,very_small,0,1,2,0,beta,0
231,232,N,H,40.7,-70.3,-34.6,94.7,50.5,13.4,15.1,0.154,0.845,0.0,0.735,long,normal,small,very_small,very_small,long,0,1,2,0,beta,0
232,233,N,H,73.2,-64.5,-40.5,94.2,54.0,8.5,18.9,0.081,0.919,0.0,0.735,normal,small,very_small,very_small,long,long,0,2,1,0,beta,0
233,234,I,H,94.5,-64.9,-40.2,92.0,50.0,2.6,22.2,0.036,0.964,0.0,0.751,normal,very_small,very_small,long,long,small,0,2,1,0,beta,0
234,235,A,H,28.5,-66.0,-41.0,93.4,50.3,9.1,18.3,0.024,0.976,0.0,0.758,small,very_small,long,long,small,long,1,2,1,0,beta,0
235,236,V,H,33.0,-65.1,-40.7,93.8,51.9,15.4,16.8,0.019,0.981,0.0,0.771,very_small,long,long,small,long,normal,2,2,1,0,beta,0
236,237,R,H,130.0,-64.9,-39.4,92.8,51.2,3.8,21.5,0.019,0.981,0.0,0.756,very_small,long,small,long,normal,long,3,1,1,0,beta,0
237,238,K,H,112.5,-66.0,-39.3,92.2,49.5,2.7,21.6,0.031,0.969,0.0,0.74,long,small,long,normal,long,very_small,2,1,1,0,beta,0
238,239,S,H,22.7,-67.0,-40.2,94.0,50.7,13.9,15.6,0.056,0.944,0.0,0.735,long,long,normal,long,very_small,long,1,0,1,0,beta,0
239,240,R,H,101.6,-64.3,-40.0,93.6,52.4,10.4,18.3,0.036,0.964,0.0,0.724,small,normal,long,very_small,long,normal,0,0,2,0,beta,0
240,241,D,H,88.8,-65.4,-39.2,92.5,50.0,2.5,21.2,0.024,0.976,0.0,0.735,long,long,very_small,long,normal,long,0,0,2,0,beta,0
241,242,K,H,99.7,-66.8,-39.0,92.7,49.7,4.8,19.4,0.021,0.979,0.0,0.722,normal,very_small,long,normal,long,normal,0,1,2,0,beta,0
242,243,A,H,29.6,-65.9,-40.2,93.8,51.6,12.0,15.5,0.031,0.969,0.0,0.709,long,long,normal,long,normal,small,0,2,2,0,beta,0
243,244,K,H,110.0,-65.4,-38.8,93.3,51.2,4.7,18.6,0.051,0.949,0.0,0.687,very_small,normal,long,normal,small,normal,1,2,2,0,beta,0
244,245,M,H,101.4,-66.3,-39.0,92.9,50.4,3.3,19.1,0.054,0.946,0.0,0.688,long,long,normal,small,normal,small,1,2,2,0,beta,0
245,246,R,H,85.7,-67.1,-38.9,93.6,50.6,8.7,16.6,0.048,0.952,0.0,0.681,normal,normal,small,normal,small,normal,1,1,2,0,beta,0
246,247,N,H,65.4,-65.4,-39.6,93.8,51.4,9.2,17.6,0.056,0.944,0.0,0.685,long,small,normal,small,normal,cycle,0,2,2,0,beta,0
247,248,L,H,92.6,-66.0,-39.2,93.2,50.7,3.6,19.3,0.041,0.959,0.0,0.697,normal,normal,small,normal,cycle,long,0,1,3,0,beta,0
248,249,E,H,95.7,-67.1,-38.8,93.0,50.3,4.2,19.0,0.026,0.974,0.0,0.719,small,small,normal,cycle,long,very_small,1,2,3,0,beta,0
249,250,T,H,39.1,-67.0,-39.4,94.0,50.5,11.6,16.2,0.012,0.988,0.0,0.749,normal,normal,cycle,long,very_small,small,1,1,2,0,beta,0
250,251,Q,H,87.1,-64.7,-39.7,93.4,52.0,7.2,18.5,0.007,0.993,0.0,0.76,small,cycle,long,very_small,small,normal,1,2,2,0,beta,0
251,252,H,H,118.9,-66.0,-38.7,92.3,50.1,2.1,20.0,0.009,0.991,0.0,0.789,normal,long,very_small,small,normal,small,0,1,2,0,beta,0
252,253,K,H,77.7,-67.4,-38.9,93.3,49.9,7.9,18.0,0.009,0.991,0.0,0.804,cycle,very_small,small,normal,small,small,0,1,2,0,beta,0
253,254,V,H,30.9,-64.4,-41.0,93.3,51.6,16.0,15.8,0.005,0.995,0.0,0.814,long,small,normal,small,small,very_small,0,0,2,0,beta,0
254,255,L,H,93.7,-65.2,-39.0,92.8,51.3,4.0,20.1,0.004,0.996,0.0,0.812,very_small,normal,small,small,very_small,normal,1,0,2,0,beta,0
255,256,E,H,102.1,-66.8,-38.6,92.5,49.7,3.4,20.0,0.007,0.993,0.0,0.804,small,small,small,very_small,normal,normal,2,0,2,0,beta,0
256,257,L,H,31.1,-66.3,-40.7,93.8,50.6,15.2,15.4,0.009,0.991,0.0,0.798,normal,small,very_small,normal,normal,normal,2,1,2,0,beta,0
257,258,T,H,62.4,-64.0,-40.1,93.4,52.1,9.1,18.7,0.01,0.99,0.0,0.788,small,very_small,normal,normal,normal,long,2,2,2,0,beta,0
258,259,A,H,65.5,-65.3,-39.7,92.1,50.2,2.1,20.8,0.012,0.988,0.0,0.776,small,normal,normal,normal,long,small,1,2,2,0,beta,0
259,260,E,H,68.8,-67.5,-39.1,93.2,50.1,7.8,18.1,0.017,0.983,0.0,0.766,very_small,normal,normal,long,small,normal,2,1,2,0,beta,0
260,261,N,H,32.8,-65.0,-39.7,93.6,51.9,16.5,15.4,0.014,0.986,0.0,0.767,normal,normal,long,small,normal,long,1,0,1,0,beta,0
261,262,E,H,107.9,-64.6,-39.3,92.6,52.5,3.4,20.6,0.007,0.993,0.0,0.759,normal,long,small,normal,long,long,1,0,2,0,beta,0
262,263,R,H,123.5,-66.3,-38.9,92.3,49.8,3.1,20.4,0.005,0.995,0.0,0.763,normal,small,normal,long,long,very_small,0,0,2,0,beta,0
263,264,L,H,27.1,-65.7,-41.3,93.6,50.7,15.8,15.5,0.004,0.996,0.0,0.765,long,normal,long,long,very_small,normal,0,0,2,0,beta,0
264,265,Q,H,80.5,-64.0,-40.2,93.2,52.3,10.2,18.6,0.004,0.996,0.0,0.767,small,long,long,very_small,normal,normal,1,0,2,0,beta,0
265,266,K,H,127.6,-65.7,-38.5,91.9,50.3,1.9,21.1,0.006,0.994,0.0,0.787,normal,long,very_small,normal,normal,small,1,0,3,0,beta,0
266,267,K,H,77.5,-67.4,-39.1,93.1,49.8,8.0,18.7,0.011,0.989,0.0,0.802,long,very_small,normal,normal,small,small,1,0,4,0,beta,0
267,268,V,H,27.1,-64.4,-41.2,93.4,51.2,17.0,16.2,0.006,0.994,0.0,0.818,long,normal,normal,small,small,long,0,1,4,0,beta,0
268,269,E,H,111.7,-65.0,-39.0,92.3,51.3,3.1,21.1,0.006,0.994,0.0,0.817,very_small,normal,small,small,long,normal,1,1,3,0,beta,0
269,270,Q,H,93.2,-66.9,-38.5,92.6,49.7,4.1,20.3,0.008,0.992,0.0,0.809,normal,small,small,long,normal,small,1,1,3,0,beta,0
270,271,L,H,28.8,-65.8,-41.2,93.7,51.0,15.8,15.9,0.008,0.992,0.0,0.794,normal,small,long,normal,small,small,1,1,3,0,beta,0
271,272,S,H,49.4,-64.3,-39.9,93.2,52.3,9.0,19.1,0.015,0.985,0.0,0.795,small,long,normal,small,small,small,1,2,3,0,beta,0
272,273,R,H,141.6,-66.2,-38.0,92.1,50.3,2.0,21.4,0.017,0.983,0.0,0.799,small,normal,small,small,small,small,1,2,3,0,beta,0
273,274,E,H,50.1,-67.2,-39.5,93.4,50.3,11.4,17.9,0.011,0.989,0.0,0.803,long,small,small,small,small,long,1,1,3,0,beta,0
274,275,L,H,31.0,-63.9,-41.2,93.4,51.6,17.3,16.8,0.002,0.998,0.0,0.806,normal,small,small,small,long,normal,0,0,3,0,beta,0
275,276,S,H,62.1,-64.7,-39.5,92.4,51.5,3.8,21.8,0.002,0.998,0.0,0.798,small,small,small,long,normal,small,1,0,3,0,beta,0
276,277,T,H,60.2,-66.6,-39.6,92.9,50.2,5.6,20.8,0.003,0.997,0.0,0.807,small,small,long,normal,small,cycle,1,0,3,0,beta,0
277,278,L,H,20.6,-66.0,-41.2,93.8,50.1,18.4,15.7,0.002,0.998,0.0,0.804,small,long,normal,small,cycle,long,1,1,3,0,beta,0
278,279,R,H,94.1,-64.0,-39.7,93.2,52.8,11.9,18.4,0.003,0.997,0.0,0.809,small,normal,small,cycle,long,normal,1,1,3,0,beta,0
279,280,N,H,91.9,-66.2,-36.7,92.5,50.7,3.1,20.6,0.008,0.992,0.0,0.795,long,small,cycle,long,normal,small,1,1,3,0,beta,0
280,281,L,H,48.0,-66.7,-39.9,93.3,50.9,10.8,17.3,0.007,0.993,0.0,0.796,normal,cycle,long,normal,small,pro,1,0,3,0,beta,0
281,282,F,H,32.3,-67.9,-35.4,93.9,51.1,18.8,13.8,0.034,0.966,0.0,0.797,small,long,normal,small,pro,normal,1,0,4,0,beta,0
282,283,K,H,117.7,-69.9,-26.9,93.1,56.3,6.0,16.7,0.252,0.748,0.0,0.788,cycle,normal,small,pro,normal,pro,1,0,3,0,beta,0
283,284,Q,C,123.2,-87.4,-7.0,96.4,51.2,2.6,16.7,0.599,0.4,0.001,0.761,long,small,pro,normal,pro,small,1,1,3,0,beta,0
284,285,L,C,40.4,-85.6,139.0,117.9,102.7,18.0,7.0,0.99,0.007,0.002,0.748,normal,pro,normal,pro,small,small,0,1,3,1,alpha,0
285,286,P,C,76.7,-68.0,147.5,110.6,-108.5,5.8,17.4,0.966,0.033,0.001,0.739,small,normal,pro,small,small,very_small,1,1,3,0,alpha,0
286,287,E,C,115.6,-72.3,49.3,104.5,-110.6,7.5,14.9,0.642,0.357,0.001,0.719,pro,pro,small,small,very_small,small,2,0,2,1,other,0
287,288,P,H,84.1,-67.0,-24.3,95.3,51.2,4.9,16.0,0.289,0.709,0.002,0.681,normal,small,small,very_small,small,very_small,2,1,1,0,beta,0
288,289,L,H,60.2,-76.0,-21.0,96.7,61.3,12.3,12.7,0.233,0.764,0.003,0.651,pro,small,very_small,small,very_small,gly,2,1,1,0,beta,0
289,290,L,H,60.1,-79.3,-13.0,100.8,65.0,14.2,11.7,0.283,0.709,0.008,0.619,small,very_small,small,very_small,gly,cycle,2,1,1,0,beta,0
290,291,A,H,77.9,-76.8,-9.7,100.5,68.8,4.1,13.7,0.468,0.511,0.02,0.586,small,small,very_small,gly,cycle,small,3,0,1,0,beta,0
291,292,S,C,77.6,-84.4,-1.1,101.9,56.7,4.2,11.8,0.59,0.387,0.023,0.542,very_small,very_small,gly,cycle,small,None,3,0,1,0,beta,0
292,293,A,C,74.2,-86.9,15.6,104.1,65.4,6.0,10.8,0.79,0.187,0.023,0.495,small,gly,cycle,small,None,None,2,0,1,0,beta,0
293,294,G,C,50.1,76.9,1.8,105.3,-59.2,4.6,15.2,0.951,0.03,0.019,0.439,very_small,cycle,small,None,None,None,2,0,1,0,other,0
294,295,H,C,126.7,-89.4,48.0,105.6,72.4,5.1,13.8,0.941,0.025,0.034,0.423,gly,small,None,None,None,None,1,0,1,0,other,0
295,296,C,C,75.1,-94.0,110.4,111.5,122.9,10.7,9.4,0.989,0.002,0.009,0.427,cycle,None,None,None,None,None,1,0,1,0,alpha,0
