Q62381_2,#,SEQ,SS,ASA,Phi,Psi,Theta(i-1=>i+1),Tau(i-2=>i+2),HSE_alpha_up,HSE_alpha_down,P(C),P(H),P(E),flexibility,side_-1,side_1,side_2,side_3,side_4,side_5,nAli,nPos,nS/nT,Proline,phi_psi,positivity
0,1,M,C,145.0,-91.7,99.2,109.4,77.9,4.1,8.1,0.959,0.039,0.002,0.535,None,gly,small,normal,very_small,small,0,0,1,0,other,0
1,2,G,C,59.2,83.0,-158.0,109.4,-46.5,2.2,11.0,0.898,0.097,0.004,0.54,normal,small,normal,very_small,small,small,0,0,1,0,other,0
2,3,L,C,95.2,-87.0,114.3,109.8,-101.9,9.2,13.2,0.662,0.328,0.01,0.582,gly,normal,very_small,small,small,pro,0,0,1,0,alpha,0
3,4,Q,C,99.6,-85.5,110.5,109.1,-166.1,8.1,16.4,0.596,0.392,0.013,0.64,small,very_small,small,small,pro,long,1,0,1,0,alpha,0
4,5,A,C,40.5,-92.9,125.9,112.5,-166.2,12.6,17.3,0.601,0.386,0.012,0.703,normal,small,small,pro,long,normal,1,0,1,0,alpha,0
5,6,L,C,41.0,-98.9,135.2,118.2,179.8,18.2,14.0,0.781,0.208,0.01,0.745,very_small,small,pro,long,normal,small,2,0,1,0,alpha,0
6,7,S,C,40.6,-74.8,147.7,113.7,-108.6,9.8,19.7,0.944,0.056,0.001,0.773,small,pro,long,normal,small,small,2,0,2,1,alpha,0
7,8,P,H,82.2,-62.3,-34.2,94.1,-108.6,8.4,15.7,0.118,0.882,0.0,0.802,small,long,normal,small,small,cycle,2,0,2,0,beta,0
8,9,R,H,120.3,-67.2,-36.4,93.7,52.7,5.3,18.5,0.052,0.948,0.0,0.832,pro,normal,small,small,cycle,small,2,0,2,0,beta,0
9,10,M,H,39.1,-66.6,-38.9,93.8,52.1,15.6,16.5,0.012,0.988,0.0,0.875,long,small,small,cycle,small,very_small,1,0,2,0,beta,0
10,11,L,H,47.5,-64.9,-39.7,93.5,52.7,13.6,18.5,0.004,0.996,0.0,0.91,normal,small,cycle,small,very_small,very_small,1,0,2,0,beta,0
11,12,L,H,74.1,-66.2,-38.7,93.5,51.0,8.1,21.2,0.003,0.997,0.0,0.944,small,cycle,small,very_small,very_small,small,1,0,3,0,beta,0
12,13,W,H,73.5,-66.8,-39.2,94.0,51.2,11.9,19.9,0.003,0.997,0.0,0.967,small,small,very_small,very_small,small,gly,2,0,3,0,beta,0
13,14,L,H,36.3,-66.7,-39.4,94.2,51.3,15.9,19.3,0.004,0.996,0.0,0.987,cycle,very_small,very_small,small,gly,small,2,1,3,0,beta,0
14,15,V,H,44.3,-66.6,-38.4,93.9,51.3,13.5,20.4,0.017,0.983,0.0,0.997,small,very_small,small,gly,small,very_small,2,1,3,0,beta,0
15,16,V,H,48.0,-69.1,-37.1,94.5,50.4,11.5,21.5,0.054,0.946,0.0,0.984,very_small,small,gly,small,very_small,cycle,2,1,3,0,beta,0
16,17,S,H,20.5,-66.7,-40.0,94.6,53.2,17.6,21.4,0.059,0.941,0.0,0.95,very_small,gly,small,very_small,cycle,small,3,0,3,0,beta,0
17,18,G,H,14.8,-64.1,-41.5,94.1,52.6,17.6,22.4,0.031,0.969,0.0,0.926,small,small,very_small,cycle,small,long,2,0,2,0,beta,0
18,19,I,H,54.3,-65.6,-39.7,93.6,51.1,12.3,25.0,0.008,0.992,0.0,0.936,gly,very_small,cycle,small,long,very_small,1,0,2,0,beta,0
19,20,V,H,32.6,-66.2,-40.9,93.8,50.8,15.1,24.4,0.005,0.995,0.0,0.967,small,cycle,small,long,very_small,small,1,0,2,0,beta,0
20,21,F,H,15.1,-66.0,-42.0,94.7,50.5,22.8,24.0,0.009,0.991,0.0,0.978,very_small,small,long,very_small,small,cycle,2,0,2,0,beta,0
21,22,S,H,14.9,-64.0,-41.9,93.8,52.7,20.6,24.1,0.014,0.986,0.0,0.974,cycle,long,very_small,small,cycle,very_small,2,0,2,0,beta,0
22,23,R,H,83.2,-65.9,-39.3,93.3,51.2,11.3,26.0,0.019,0.981,0.0,0.981,small,very_small,small,cycle,very_small,small,1,0,2,0,beta,0
23,24,V,H,17.4,-66.3,-41.8,93.9,50.8,19.1,25.2,0.015,0.985,0.0,0.984,long,small,cycle,very_small,small,very_small,0,0,2,0,beta,0
24,25,L,H,4.7,-65.4,-42.8,94.5,51.0,25.3,24.7,0.018,0.982,0.0,1.008,very_small,cycle,very_small,small,very_small,gly,1,0,2,0,beta,0
25,26,W,H,59.9,-65.5,-40.0,93.6,51.7,17.0,25.2,0.029,0.971,0.0,1.012,small,very_small,small,very_small,gly,small,2,0,3,0,beta,0
26,27,V,H,39.0,-67.1,-38.6,93.4,50.8,13.5,25.5,0.054,0.945,0.001,1.01,cycle,small,very_small,gly,small,normal,2,0,3,0,beta,0
27,28,C,H,13.0,-74.0,-31.9,95.7,48.9,21.0,21.6,0.175,0.823,0.002,0.977,very_small,very_small,gly,small,normal,cycle,2,1,2,0,beta,0
28,29,A,H,22.2,-79.8,-17.8,98.3,55.6,20.5,19.7,0.444,0.547,0.009,0.937,small,gly,small,normal,cycle,normal,1,1,2,0,beta,0
29,30,G,C,40.7,-15.3,2.7,99.9,11.9,9.1,20.8,0.69,0.286,0.023,0.906,very_small,small,normal,cycle,normal,cycle,2,1,2,0,other,0
30,31,L,C,41.8,-90.4,133.4,115.3,108.5,18.9,12.2,0.794,0.17,0.036,0.906,gly,normal,cycle,normal,cycle,small,1,0,2,0,alpha,0
31,32,D,C,89.8,-84.6,64.6,105.2,-139.7,6.8,20.6,0.829,0.119,0.052,0.932,small,cycle,normal,cycle,small,cycle,2,0,2,0,other,0
32,33,Y,C,64.7,-91.6,66.4,108.3,177.8,18.1,15.0,0.798,0.152,0.05,0.942,normal,normal,cycle,small,cycle,normal,1,0,1,0,other,0
33,34,D,C,78.4,-95.5,90.5,109.5,144.0,8.8,19.4,0.786,0.143,0.071,0.95,cycle,cycle,small,cycle,normal,gly,1,0,1,0,other,0
34,35,Y,C,56.3,-94.5,115.3,112.5,-176.8,18.2,15.5,0.634,0.252,0.114,0.935,normal,small,cycle,normal,gly,normal,0,0,2,0,alpha,0
35,36,T,C,62.9,-100.3,117.5,113.2,-168.5,9.8,21.7,0.612,0.252,0.136,0.918,cycle,cycle,normal,gly,normal,normal,0,0,2,0,alpha,0
36,37,F,C,47.8,-88.6,46.2,106.6,-161.4,19.5,15.4,0.669,0.237,0.094,0.873,small,normal,gly,normal,normal,normal,0,0,2,0,other,0
37,38,D,C,71.3,-95.4,30.8,106.0,137.6,10.4,18.2,0.783,0.132,0.084,0.833,cycle,gly,normal,normal,normal,normal,0,0,2,0,other,0
38,39,G,C,40.7,78.9,0.2,103.3,-89.0,9.2,16.6,0.875,0.095,0.03,0.797,normal,normal,normal,normal,normal,long,0,0,2,0,other,0
39,40,N,C,90.6,-90.7,82.3,108.4,112.4,7.4,15.5,0.889,0.091,0.019,0.781,gly,normal,normal,normal,long,small,0,0,2,0,other,0
40,41,E,C,100.3,-79.5,20.5,104.2,-161.7,10.2,14.4,0.764,0.21,0.025,0.78,normal,normal,normal,long,small,normal,0,0,2,0,other,0
41,42,E,C,114.0,-81.1,-2.0,102.4,102.8,6.9,14.7,0.739,0.237,0.024,0.792,normal,normal,long,small,normal,pro,0,0,2,0,beta,0
42,43,D,C,91.3,-85.1,13.8,103.0,70.1,6.7,14.1,0.759,0.214,0.027,0.814,normal,long,small,normal,pro,small,0,0,2,0,beta,0
43,44,K,C,112.6,-88.2,27.6,104.7,91.7,8.2,14.2,0.789,0.165,0.047,0.82,normal,small,normal,pro,small,normal,0,0,2,0,other,0
44,45,T,C,60.5,-91.7,119.7,112.1,131.4,11.9,13.7,0.842,0.088,0.07,0.819,long,normal,pro,small,normal,cycle,0,0,2,0,alpha,0
45,46,E,C,88.2,-93.6,135.8,117.5,-145.3,9.7,16.7,0.861,0.059,0.08,0.824,small,pro,small,normal,cycle,long,0,0,2,1,alpha,0
46,47,P,C,67.7,-70.3,136.0,108.0,-107.7,10.3,18.0,0.82,0.14,0.04,0.832,normal,small,normal,cycle,long,normal,0,0,1,0,alpha,0
47,48,I,C,32.2,-93.2,127.4,114.7,-138.7,20.7,14.1,0.724,0.182,0.094,0.841,pro,normal,cycle,long,normal,pro,1,0,1,0,alpha,0
48,49,D,C,64.0,-97.0,97.9,109.6,-157.3,9.7,22.3,0.717,0.194,0.089,0.861,small,cycle,long,normal,pro,small,2,1,1,0,other,0
49,50,Y,C,58.9,-76.7,-7.2,98.6,-163.2,20.3,15.5,0.673,0.251,0.075,0.857,normal,long,normal,pro,small,long,2,1,1,0,beta,0
50,51,K,C,111.5,-78.8,-13.5,97.4,77.7,8.9,21.3,0.759,0.171,0.069,0.857,cycle,normal,pro,small,long,very_small,1,1,1,0,beta,0
51,52,D,C,34.5,-103.3,105.6,112.2,66.1,14.7,22.4,0.923,0.037,0.04,0.859,long,pro,small,long,very_small,very_small,0,0,1,1,alpha,0
52,53,P,C,13.4,-68.7,-26.8,95.5,-162.8,23.5,20.0,0.748,0.227,0.024,0.857,normal,small,long,very_small,very_small,very_small,0,0,1,0,beta,0
53,54,C,C,25.1,-73.7,-21.4,94.8,61.6,19.9,23.5,0.664,0.277,0.058,0.871,pro,long,very_small,very_small,very_small,cycle,1,0,1,0,beta,0
54,55,K,C,36.0,-75.4,-27.1,96.5,56.2,19.4,25.6,0.482,0.429,0.089,0.863,small,very_small,very_small,very_small,cycle,cycle,1,0,1,0,beta,0
55,56,A,H,4.6,-65.4,-41.1,95.3,61.8,24.9,23.7,0.348,0.612,0.04,0.866,long,very_small,very_small,cycle,cycle,gly,1,1,0,0,beta,0
56,57,A,H,23.9,-65.3,-38.9,93.6,56.0,18.2,26.9,0.237,0.712,0.051,0.881,very_small,very_small,cycle,cycle,gly,normal,1,1,0,0,beta,0
57,58,V,H,23.2,-70.0,-35.9,94.9,50.0,19.1,26.1,0.169,0.762,0.07,0.904,very_small,cycle,cycle,gly,normal,small,2,1,0,0,beta,0
58,59,F,H,4.9,-70.1,-39.0,95.8,49.4,25.3,24.4,0.117,0.785,0.098,0.915,very_small,cycle,gly,normal,small,very_small,3,0,0,0,beta,0
59,60,W,H,32.4,-66.6,-38.6,94.6,53.3,21.5,24.6,0.16,0.761,0.079,0.923,cycle,gly,normal,small,very_small,small,2,1,0,0,beta,0
60,61,G,H,22.2,-67.3,-30.9,93.9,51.4,13.9,25.4,0.318,0.646,0.036,0.918,cycle,normal,small,very_small,small,normal,1,1,0,0,beta,0
61,62,D,H,23.9,-71.7,-31.6,95.8,55.7,19.3,24.4,0.355,0.605,0.04,0.916,gly,small,very_small,small,normal,normal,0,1,0,0,beta,0
62,63,I,H,10.2,-79.3,-27.5,100.5,54.3,23.6,22.8,0.396,0.409,0.195,0.898,normal,very_small,small,normal,normal,normal,0,0,0,0,beta,0
63,64,A,C,31.3,-84.7,3.6,99.8,61.5,16.2,23.7,0.625,0.205,0.17,0.888,small,small,normal,normal,normal,normal,1,0,0,0,beta,0
64,65,L,C,13.4,-87.2,141.4,119.4,111.0,23.8,14.6,0.897,0.009,0.093,0.891,very_small,normal,normal,normal,normal,small,2,0,0,0,alpha,0
65,66,D,C,61.6,-77.8,155.2,118.7,-115.9,7.2,24.0,0.988,0.004,0.008,0.913,small,normal,normal,normal,small,normal,3,0,0,0,alpha,0
66,67,D,H,71.3,-60.3,-35.5,92.7,-108.6,13.9,15.2,0.096,0.904,0.0,0.921,normal,normal,normal,small,normal,small,2,0,0,0,beta,0
67,68,E,H,114.8,-66.3,-35.9,92.9,56.0,3.5,20.5,0.067,0.932,0.001,0.912,normal,normal,small,normal,small,cycle,1,0,1,0,beta,0
68,69,D,H,33.8,-68.5,-36.3,93.9,51.2,14.3,17.2,0.054,0.945,0.001,0.907,normal,small,normal,small,cycle,normal,0,0,1,0,beta,0
69,70,L,H,22.8,-65.7,-38.5,93.8,52.6,19.9,16.5,0.047,0.952,0.001,0.912,normal,normal,small,cycle,normal,small,0,0,1,0,beta,0
70,71,N,H,81.5,-67.3,-33.9,93.6,54.1,7.5,20.5,0.127,0.863,0.009,0.926,small,small,cycle,normal,small,normal,1,0,1,0,beta,0
71,72,I,H,60.1,-70.7,-34.5,95.0,51.2,9.7,20.0,0.157,0.805,0.038,0.946,normal,cycle,normal,small,normal,long,1,0,2,0,beta,0
72,73,F,H,36.0,-82.1,-25.5,102.5,52.0,17.8,16.3,0.203,0.676,0.122,0.961,small,normal,small,normal,long,small,2,0,2,0,beta,0
73,74,Q,H,55.4,-78.9,-18.5,103.1,70.1,12.8,17.8,0.248,0.559,0.193,0.965,cycle,small,normal,long,small,small,1,0,3,0,beta,0
74,75,I,H,68.6,-81.1,-22.2,102.7,78.4,9.9,17.6,0.266,0.499,0.235,0.964,normal,normal,long,small,small,normal,1,0,3,0,beta,0
75,76,D,H,64.3,-92.7,21.6,106.7,55.5,9.3,16.9,0.377,0.463,0.159,0.947,small,long,small,small,normal,small,1,0,3,0,other,0
76,77,R,H,106.0,-83.2,14.0,103.6,121.1,11.4,14.4,0.411,0.467,0.122,0.923,normal,small,small,normal,small,small,1,0,3,0,beta,0
77,78,T,C,74.3,-97.2,79.2,110.1,102.3,7.4,17.0,0.449,0.389,0.162,0.904,long,small,normal,small,small,normal,1,0,3,0,other,0
78,79,I,C,57.5,-100.8,134.4,117.1,158.5,14.7,13.0,0.553,0.277,0.17,0.877,small,normal,small,small,normal,small,0,0,3,0,alpha,0
79,80,D,C,77.3,-90.5,108.5,109.5,-131.5,7.4,19.1,0.721,0.199,0.08,0.865,small,small,small,normal,small,pro,1,0,3,0,alpha,0
80,81,L,C,65.4,-75.7,-12.8,98.1,-164.2,15.4,12.7,0.626,0.328,0.045,0.847,normal,small,normal,small,pro,cycle,1,0,3,0,beta,0
81,82,T,C,89.4,-84.4,-3.1,101.7,72.3,4.9,15.6,0.608,0.307,0.085,0.823,small,normal,small,pro,cycle,gly,2,1,3,0,beta,0
82,83,Q,C,98.3,-93.1,98.5,110.3,78.3,7.5,14.8,0.628,0.224,0.149,0.788,small,small,pro,cycle,gly,long,1,1,4,0,other,0
83,84,S,C,38.5,-93.1,139.9,119.0,178.4,11.5,14.5,0.723,0.081,0.195,0.762,normal,pro,cycle,gly,long,small,1,1,4,1,alpha,0
84,85,P,C,71.6,-70.5,132.3,106.0,-115.5,8.0,18.1,0.61,0.154,0.235,0.727,small,cycle,gly,long,small,gly,0,0,4,0,alpha,0
85,86,F,C,72.7,-83.1,6.9,104.4,-135.0,15.8,14.1,0.568,0.219,0.213,0.715,pro,gly,long,small,gly,cycle,1,0,4,0,beta,0
86,87,G,C,35.3,123.8,-172.8,113.2,-27.7,10.5,18.3,0.666,0.123,0.211,0.702,cycle,long,small,gly,cycle,small,1,0,4,0,other,0
87,88,K,C,111.8,-93.9,109.8,111.1,-135.0,8.0,16.6,0.65,0.119,0.231,0.701,gly,small,gly,cycle,small,small,1,0,4,0,alpha,0
88,89,L,C,75.6,-97.9,123.7,113.8,168.5,11.5,15.2,0.708,0.105,0.187,0.7,long,gly,cycle,small,small,gly,0,0,3,0,alpha,0
89,90,G,C,33.5,133.1,177.6,117.6,-31.8,9.8,18.4,0.795,0.051,0.154,0.708,small,cycle,small,small,gly,gly,1,0,3,0,other,0
90,91,H,C,61.9,-94.8,111.1,111.3,-140.3,15.7,16.6,0.746,0.057,0.198,0.711,gly,small,small,gly,gly,cycle,1,0,3,0,alpha,0
91,92,I,C,67.7,-100.6,122.4,113.8,171.2,11.8,18.1,0.754,0.052,0.195,0.702,cycle,small,gly,gly,cycle,gly,1,0,3,0,alpha,0
92,93,T,C,65.9,-99.4,107.3,112.0,-173.0,11.0,17.6,0.802,0.048,0.15,0.683,small,gly,gly,cycle,gly,normal,1,1,2,0,alpha,0
93,94,G,C,36.7,84.4,-0.5,107.8,-33.4,10.5,17.6,0.869,0.046,0.084,0.654,small,gly,cycle,gly,normal,cycle,1,1,2,0,other,0
94,95,G,C,31.5,114.8,175.1,116.0,-64.6,10.8,18.7,0.852,0.069,0.079,0.64,gly,cycle,gly,normal,cycle,gly,1,1,1,0,other,0
95,96,F,C,72.6,-94.8,90.9,109.9,-164.0,14.7,16.0,0.801,0.104,0.095,0.648,gly,gly,normal,cycle,gly,normal,0,1,1,0,other,0
96,97,G,C,32.3,-163.9,-175.3,119.2,-169.8,9.8,18.1,0.805,0.118,0.077,0.674,cycle,normal,cycle,gly,normal,pro,0,1,1,0,other,0
97,98,D,C,91.8,-88.6,54.9,107.2,-80.7,6.8,17.0,0.788,0.156,0.056,0.698,gly,cycle,gly,normal,pro,long,0,1,1,0,other,0
98,99,H,C,108.5,-86.8,14.9,103.9,138.1,9.1,14.8,0.701,0.256,0.043,0.7,normal,gly,normal,pro,long,long,0,0,1,0,beta,0
99,100,G,C,40.8,25.0,15.5,106.8,-105.4,8.7,16.4,0.713,0.251,0.036,0.703,cycle,normal,pro,long,long,long,0,0,1,0,other,0
100,101,M,C,73.9,-94.8,126.8,114.4,137.0,11.6,14.9,0.674,0.293,0.033,0.703,gly,pro,long,long,long,gly,0,0,1,1,alpha,0
101,102,P,C,66.8,-74.0,121.6,106.5,-129.1,10.0,16.1,0.616,0.344,0.04,0.719,normal,long,long,long,gly,very_small,0,0,1,0,alpha,0
102,103,K,C,117.6,-85.2,4.7,104.9,-162.2,7.2,15.8,0.531,0.409,0.06,0.745,pro,long,long,gly,very_small,small,1,0,1,0,beta,0
103,104,K,C,109.1,-94.6,99.5,110.1,104.8,7.2,16.6,0.526,0.399,0.075,0.761,long,long,gly,very_small,small,cycle,1,1,0,0,other,0
104,105,R,C,88.4,-79.5,69.3,106.5,174.9,13.3,14.3,0.481,0.479,0.04,0.769,long,gly,very_small,small,cycle,normal,1,1,0,0,other,0
105,106,G,H,32.9,-75.9,-65.9,107.3,70.6,9.4,19.4,0.485,0.501,0.014,0.784,long,very_small,small,cycle,normal,small,0,1,0,0,other,0
106,107,A,H,43.0,-70.4,-29.5,100.3,56.6,9.7,18.8,0.319,0.662,0.019,0.816,gly,small,cycle,normal,small,small,0,0,0,0,beta,0
107,108,L,H,29.3,-65.5,-38.6,94.5,54.0,19.4,16.2,0.21,0.764,0.026,0.842,very_small,cycle,normal,small,small,normal,1,1,0,0,beta,0
108,109,Y,H,82.7,-64.9,-38.6,93.7,55.4,13.6,17.9,0.151,0.813,0.036,0.882,small,normal,small,small,normal,long,2,2,0,0,beta,0
109,110,Q,H,97.7,-66.4,-38.5,93.1,51.5,3.7,22.4,0.109,0.831,0.06,0.89,cycle,small,small,normal,long,small,2,3,1,0,beta,0
110,111,L,H,34.8,-66.8,-40.7,93.6,50.6,12.9,18.9,0.109,0.816,0.075,0.899,normal,small,normal,long,small,long,1,2,1,0,beta,0
111,112,I,H,24.8,-65.4,-40.6,94.0,51.8,19.6,16.6,0.105,0.833,0.062,0.906,small,normal,long,small,long,long,1,1,1,0,beta,0
112,113,E,H,97.9,-66.8,-37.7,93.8,52.1,6.4,20.4,0.151,0.796,0.053,0.902,small,long,small,long,long,small,2,0,1,0,beta,0
113,114,R,H,110.1,-68.5,-37.1,93.8,50.6,5.9,20.3,0.172,0.762,0.066,0.893,normal,small,long,long,small,gly,2,0,1,0,beta,0
114,115,I,H,33.1,-69.0,-38.5,95.1,51.8,15.8,16.1,0.211,0.693,0.097,0.87,long,long,long,small,gly,small,1,0,1,0,beta,0
115,116,R,H,94.3,-67.7,-35.9,95.0,54.3,11.8,17.0,0.274,0.65,0.077,0.832,small,long,small,gly,small,gly,1,0,1,0,beta,0
116,117,R,H,130.0,-69.3,-33.3,94.2,52.6,4.3,18.6,0.339,0.602,0.059,0.799,long,small,gly,small,gly,small,1,0,2,0,beta,0
117,118,I,H,55.8,-75.9,-27.6,97.8,55.6,13.2,13.3,0.464,0.469,0.068,0.744,long,gly,small,gly,small,normal,1,0,2,0,beta,0
118,119,G,C,36.4,-33.4,-20.0,105.2,25.2,10.3,15.3,0.813,0.136,0.052,0.701,small,small,gly,small,normal,normal,1,1,2,0,other,0
119,120,S,C,74.1,-82.9,19.0,104.2,54.2,4.8,15.0,0.823,0.123,0.055,0.671,gly,gly,small,normal,normal,normal,1,1,2,0,beta,1
120,121,G,C,45.9,77.3,-7.9,104.9,-14.4,5.6,14.7,0.898,0.075,0.027,0.649,small,small,normal,normal,normal,normal,1,2,2,0,other,0
121,122,L,C,78.1,-80.6,-5.0,102.8,89.3,11.3,11.7,0.796,0.134,0.069,0.648,gly,normal,normal,normal,normal,small,0,2,2,0,beta,0
122,123,E,C,117.0,-88.5,30.2,106.0,84.7,5.6,13.5,0.73,0.149,0.121,0.659,small,normal,normal,normal,small,normal,1,2,2,0,other,0
123,124,Q,C,102.9,-89.4,109.7,110.2,116.0,6.9,12.8,0.74,0.136,0.123,0.666,normal,normal,normal,small,normal,long,1,1,2,0,alpha,0
124,125,N,C,89.6,-94.6,119.1,112.3,-160.3,7.3,14.6,0.763,0.13,0.106,0.664,normal,normal,small,normal,long,gly,1,0,2,0,alpha,0
125,126,N,C,73.5,-88.2,82.8,108.6,-178.0,10.8,12.3,0.76,0.132,0.108,0.669,normal,small,normal,long,gly,long,0,0,2,0,other,0
126,127,T,C,85.9,-79.3,-14.1,102.2,125.9,5.3,13.9,0.709,0.182,0.11,0.668,normal,normal,long,gly,long,very_small,0,0,3,0,beta,1
127,128,M,C,95.5,-82.4,4.8,104.2,79.6,8.7,11.9,0.717,0.19,0.093,0.655,small,long,gly,long,very_small,pro,0,0,3,0,beta,0
128,129,K,C,124.8,-84.9,19.2,102.8,61.8,5.8,13.4,0.758,0.162,0.08,0.634,normal,gly,long,very_small,pro,pro,0,0,3,0,beta,0
129,130,G,C,45.9,81.2,-5.3,105.8,-56.6,5.8,14.6,0.87,0.063,0.066,0.615,long,long,very_small,pro,pro,long,0,0,4,0,other,0
130,131,K,C,114.6,-98.8,131.7,116.7,130.3,6.3,15.8,0.885,0.027,0.089,0.618,gly,very_small,pro,pro,long,small,0,0,3,0,alpha,0
131,132,A,C,49.8,-83.1,140.5,116.4,-121.7,11.5,15.8,0.934,0.004,0.062,0.627,long,pro,pro,long,small,small,0,0,3,1,alpha,0
132,133,P,C,38.3,-71.5,146.3,113.0,-104.8,15.3,15.1,0.964,0.015,0.021,0.628,very_small,pro,long,small,small,normal,1,0,3,1,alpha,0
133,134,P,C,74.0,-70.7,119.0,105.4,-113.3,9.2,17.2,0.926,0.053,0.02,0.634,pro,long,small,small,normal,normal,2,1,3,0,alpha,0
134,135,K,C,115.1,-86.4,92.8,108.1,-115.2,7.6,17.5,0.827,0.084,0.089,0.644,pro,small,small,normal,normal,small,3,1,3,0,other,0
135,136,L,C,46.4,-86.8,55.4,107.0,160.2,17.2,13.1,0.876,0.068,0.056,0.657,long,small,normal,normal,small,normal,2,2,3,0,other,0
136,137,S,C,52.4,-92.8,166.8,115.7,170.3,8.1,16.8,0.831,0.128,0.042,0.666,small,normal,normal,small,normal,long,2,1,3,0,alpha,0
137,138,E,C,115.1,-72.6,-21.3,99.6,-95.5,6.8,15.3,0.608,0.378,0.013,0.659,small,normal,small,normal,long,normal,1,1,2,0,beta,0
138,139,Q,C,107.1,-82.2,-6.1,100.6,57.3,5.9,14.8,0.591,0.395,0.015,0.669,normal,small,normal,long,normal,long,1,0,2,0,beta,0
139,140,S,C,54.3,-86.6,47.8,106.8,83.2,9.8,12.7,0.615,0.362,0.023,0.676,normal,normal,long,normal,long,very_small,0,1,3,0,other,0
140,141,E,C,103.1,-88.5,69.7,107.8,114.7,8.7,14.1,0.635,0.316,0.049,0.668,small,long,normal,long,very_small,pro,0,1,4,0,other,0
141,142,K,C,110.1,-95.1,111.9,111.5,152.2,8.2,15.1,0.721,0.221,0.058,0.675,normal,normal,long,very_small,pro,long,0,1,4,0,alpha,0
142,143,N,C,85.0,-94.5,100.9,110.1,-159.7,8.9,16.9,0.785,0.141,0.075,0.697,long,long,very_small,pro,long,very_small,0,0,5,0,alpha,0
143,144,R,C,84.6,-93.3,104.2,110.7,-165.3,13.9,16.4,0.849,0.063,0.089,0.7,normal,very_small,pro,long,very_small,very_small,0,0,5,0,alpha,0
144,145,V,C,55.9,-104.6,133.8,119.5,178.9,12.4,19.0,0.808,0.048,0.144,0.713,long,pro,long,very_small,very_small,small,0,0,5,1,alpha,0
145,146,P,C,49.3,-74.7,135.9,110.9,-119.7,14.7,20.4,0.722,0.123,0.155,0.716,very_small,long,very_small,very_small,small,small,1,0,5,0,alpha,0
146,147,R,C,41.9,-105.0,126.0,115.5,-161.9,19.2,20.8,0.598,0.155,0.247,0.713,pro,very_small,very_small,small,small,long,2,1,5,0,alpha,0
147,148,A,C,23.9,-106.6,128.4,117.9,-155.2,17.5,25.3,0.508,0.166,0.326,0.713,long,very_small,small,small,long,small,2,1,4,0,alpha,0
148,149,A,C,13.4,-101.0,101.2,112.0,-163.4,21.9,22.2,0.478,0.134,0.388,0.703,very_small,small,small,long,small,normal,2,2,4,0,alpha,0
149,150,T,C,22.7,-116.4,141.8,124.8,153.4,19.1,22.7,0.528,0.061,0.411,0.712,very_small,small,long,small,normal,long,2,1,4,0,alpha,0
150,151,S,C,45.9,-89.6,-0.8,102.3,-154.2,13.6,21.8,0.839,0.025,0.136,0.726,small,long,small,normal,long,small,2,1,3,0,beta,0
151,152,R,C,100.7,-105.2,118.7,116.3,80.5,9.3,19.1,0.922,0.012,0.066,0.734,small,small,normal,long,small,cycle,1,1,3,0,alpha,0
152,153,T,C,72.2,-72.0,-19.6,97.1,-159.4,11.6,16.4,0.828,0.151,0.021,0.756,long,normal,long,small,cycle,pro,0,1,3,0,beta,0
153,154,E,C,114.8,-83.0,-6.0,98.3,63.3,5.9,19.8,0.809,0.165,0.026,0.769,small,long,small,cycle,pro,gly,0,1,3,0,beta,0
154,155,R,C,55.1,-92.4,28.2,105.2,70.6,17.8,15.7,0.779,0.146,0.075,0.774,normal,small,cycle,pro,gly,gly,0,0,3,0,other,0
155,156,I,C,49.1,-98.0,123.1,113.6,130.8,13.2,21.0,0.701,0.037,0.262,0.778,long,cycle,pro,gly,gly,very_small,0,0,3,0,alpha,0
156,157,W,C,32.8,-90.9,133.5,116.5,-130.2,22.3,16.0,0.893,0.008,0.1,0.786,small,pro,gly,gly,very_small,small,1,1,3,1,alpha,0
157,158,P,C,57.3,-70.2,133.9,108.0,-107.3,11.8,19.1,0.926,0.034,0.039,0.764,cycle,gly,gly,very_small,small,pro,1,1,3,0,alpha,0
158,159,G,C,46.5,66.1,18.3,101.9,4.5,5.9,18.8,0.934,0.025,0.041,0.743,pro,gly,very_small,small,pro,cycle,2,1,3,0,other,0
159,160,G,C,21.0,133.6,-176.6,122.7,46.5,13.3,18.6,0.744,0.01,0.247,0.746,gly,very_small,small,pro,cycle,very_small,1,1,3,0,other,0
160,161,V,E,58.4,-105.6,131.5,119.5,-101.3,11.9,23.3,0.325,0.002,0.673,0.78,gly,small,pro,cycle,very_small,small,1,1,3,0,alpha,0
161,162,I,E,6.4,-106.7,125.5,118.4,-152.3,25.1,19.0,0.25,0.0,0.749,0.824,very_small,pro,cycle,very_small,small,gly,1,1,2,1,alpha,0
162,163,P,E,28.8,-81.8,134.0,114.2,-134.2,13.7,27.1,0.263,0.0,0.737,0.852,small,cycle,very_small,small,gly,gly,2,0,3,0,alpha,0
163,164,Y,E,5.0,-130.2,143.9,132.2,-172.3,26.0,20.3,0.049,0.0,0.951,0.863,pro,very_small,small,gly,gly,normal,3,0,2,0,alpha,0
164,165,V,E,31.7,-114.6,130.8,121.5,-155.7,13.3,28.4,0.043,0.0,0.957,0.86,cycle,small,gly,gly,normal,cycle,2,0,2,0,alpha,0
165,166,I,E,7.9,-108.1,126.0,119.1,-159.2,25.0,20.1,0.294,0.003,0.703,0.825,very_small,gly,gly,normal,cycle,small,2,0,2,0,alpha,0
166,167,G,C,18.2,-115.2,167.4,125.7,-170.8,12.9,23.7,0.829,0.012,0.159,0.787,small,gly,normal,cycle,small,gly,2,0,2,0,alpha,0
167,168,G,C,39.2,-72.3,-20.0,100.1,-105.7,12.0,18.8,0.903,0.063,0.034,0.768,gly,normal,cycle,small,gly,small,2,0,2,0,beta,0
168,169,N,C,94.5,-96.2,34.9,105.3,47.6,5.5,20.8,0.934,0.051,0.015,0.759,gly,cycle,small,gly,small,normal,1,0,2,0,other,0
169,170,F,C,28.8,-95.8,128.3,116.7,155.6,22.3,11.8,0.987,0.005,0.007,0.772,normal,small,gly,small,normal,long,0,0,2,0,alpha,0
170,171,T,C,69.3,-97.5,159.9,120.7,-156.6,6.0,22.1,0.989,0.009,0.002,0.766,cycle,gly,small,normal,long,very_small,0,0,2,0,alpha,0
171,172,G,H,41.2,-46.7,-43.1,99.6,-62.2,7.3,17.9,0.13,0.87,0.0,0.764,small,small,normal,long,very_small,normal,0,0,2,0,other,0
172,173,S,H,56.8,-67.1,-37.1,94.1,50.3,6.2,20.4,0.069,0.931,0.0,0.772,gly,normal,long,very_small,normal,cycle,0,0,2,0,beta,0
173,174,Q,H,28.4,-66.6,-39.7,94.2,51.6,18.6,17.0,0.023,0.977,0.0,0.787,small,long,very_small,normal,cycle,long,0,0,2,0,beta,0
174,175,R,H,60.3,-62.3,-41.2,92.8,53.9,16.8,20.2,0.007,0.993,0.0,0.802,normal,very_small,normal,cycle,long,normal,0,0,2,0,beta,0
175,176,A,H,52.3,-64.3,-40.3,92.0,51.5,5.2,24.0,0.004,0.996,0.0,0.812,long,normal,cycle,long,normal,very_small,0,0,2,0,beta,0
176,177,M,H,34.8,-66.3,-41.5,93.5,50.1,14.2,22.1,0.002,0.998,0.0,0.832,very_small,cycle,long,normal,very_small,normal,1,0,2,0,beta,0
177,178,F,H,3.3,-65.0,-43.5,94.1,50.8,26.4,21.6,0.001,0.999,0.0,0.843,normal,long,normal,very_small,normal,long,1,0,2,0,beta,0
178,179,K,H,70.3,-62.6,-41.7,92.4,52.5,14.7,24.2,0.0,1.0,0.0,0.834,cycle,normal,very_small,normal,long,cycle,1,0,3,0,beta,0
179,180,Q,H,85.2,-65.0,-40.1,91.9,49.8,5.3,27.1,0.001,0.999,0.0,0.822,long,very_small,normal,long,cycle,cycle,0,1,3,0,beta,0
180,181,A,H,5.4,-65.6,-43.6,93.8,50.4,21.2,21.4,0.001,0.999,0.0,0.805,normal,normal,long,cycle,cycle,normal,0,1,3,0,beta,0
181,182,M,H,5.6,-64.8,-42.4,94.0,50.9,25.4,22.3,0.004,0.996,0.0,0.808,very_small,long,cycle,cycle,normal,long,1,1,3,0,beta,0
182,183,R,H,109.0,-64.2,-40.1,92.3,52.5,8.4,25.0,0.01,0.99,0.0,0.812,normal,cycle,cycle,normal,long,cycle,1,0,3,0,beta,0
183,184,H,H,54.0,-66.5,-40.5,93.0,50.0,11.1,24.3,0.014,0.986,0.0,0.819,long,cycle,normal,long,cycle,small,1,1,3,0,beta,0
184,185,W,H,5.9,-65.8,-42.9,94.2,50.7,25.1,19.9,0.013,0.987,0.0,0.832,cycle,normal,long,cycle,small,small,0,1,3,0,beta,0
185,186,E,H,38.9,-66.7,-34.0,93.1,54.3,20.0,20.5,0.033,0.967,0.0,0.85,cycle,long,cycle,small,small,very_small,0,1,3,0,beta,0
186,187,K,H,114.6,-79.8,-18.7,94.8,51.3,6.4,23.5,0.254,0.746,0.0,0.867,normal,cycle,small,small,very_small,small,0,0,4,0,beta,0
187,188,H,C,58.6,-107.4,-4.1,104.4,31.9,16.1,23.0,0.53,0.466,0.003,0.883,long,small,small,very_small,small,cycle,0,1,4,0,beta,0
188,189,T,C,3.1,-112.9,141.4,126.8,76.7,26.3,19.5,0.693,0.01,0.297,0.901,cycle,small,very_small,small,cycle,small,0,2,4,0,alpha,0
189,190,C,C,21.8,-87.4,1.9,103.1,-146.5,19.8,25.8,0.652,0.004,0.344,0.918,small,very_small,small,cycle,small,normal,0,2,4,0,beta,0
190,191,V,E,3.3,-114.7,136.3,125.4,120.7,26.5,18.9,0.119,0.0,0.881,0.907,small,small,cycle,small,normal,long,0,1,5,0,alpha,0
191,192,T,E,41.5,-108.4,125.8,118.0,-153.6,10.6,28.4,0.025,0.0,0.974,0.892,very_small,cycle,small,normal,long,small,1,1,5,0,alpha,0
192,193,F,E,9.9,-109.7,133.1,122.5,-160.4,25.1,17.8,0.02,0.0,0.98,0.869,small,small,normal,long,small,normal,1,2,5,0,alpha,0
193,194,T,E,42.6,-121.4,136.5,125.3,-169.1,10.7,24.0,0.033,0.0,0.967,0.838,cycle,normal,long,small,normal,normal,1,2,5,0,alpha,0
194,195,E,E,87.3,-72.5,135.2,112.9,-113.4,12.3,21.2,0.199,0.001,0.8,0.819,small,long,small,normal,normal,normal,0,1,5,0,alpha,0
195,196,R,C,71.7,-92.3,126.9,112.5,-146.5,16.9,13.3,0.701,0.007,0.292,0.803,normal,small,normal,normal,normal,small,0,0,6,0,alpha,0
196,197,S,C,52.1,-124.4,166.2,127.4,-168.5,7.0,18.1,0.928,0.002,0.071,0.803,long,normal,normal,normal,small,cycle,0,0,6,0,alpha,0
197,198,D,C,118.3,-79.8,-3.4,98.5,-91.3,3.1,15.9,0.972,0.014,0.014,0.811,small,normal,normal,small,cycle,small,0,0,6,0,beta,0
198,199,E,C,90.0,-98.7,139.3,119.3,96.8,9.2,15.3,0.945,0.029,0.026,0.814,normal,normal,small,cycle,small,very_small,0,0,6,0,alpha,0
199,200,E,C,97.0,-85.1,77.9,107.4,-135.1,9.8,18.2,0.894,0.031,0.075,0.845,normal,small,cycle,small,very_small,cycle,0,0,5,0,other,0
200,201,S,C,24.6,-98.0,118.1,113.2,161.7,15.7,18.7,0.801,0.028,0.172,0.87,normal,cycle,small,very_small,cycle,small,0,1,5,0,alpha,0
201,202,Y,E,37.6,-115.9,138.7,123.9,-176.1,18.0,25.1,0.407,0.007,0.586,0.9,small,small,very_small,cycle,small,cycle,0,1,5,0,alpha,0
202,203,I,E,4.5,-111.0,129.4,121.2,-151.3,25.8,23.1,0.03,0.0,0.97,0.931,cycle,very_small,cycle,small,cycle,long,0,1,4,0,alpha,0
203,204,V,E,22.5,-111.8,127.0,119.8,-161.1,15.6,28.3,0.005,0.0,0.995,0.953,small,cycle,small,cycle,long,pro,1,0,5,0,alpha,0
204,205,F,E,7.0,-111.4,126.7,120.4,-164.5,25.4,21.6,0.005,0.0,0.995,0.962,very_small,small,cycle,long,pro,small,2,0,4,0,alpha,0
205,206,T,E,32.7,-118.2,135.4,123.8,-168.8,12.7,26.3,0.025,0.0,0.975,0.956,cycle,cycle,long,pro,small,gly,2,0,4,0,alpha,0
206,207,Y,E,46.2,-103.8,129.4,118.1,-153.4,18.5,18.9,0.334,0.002,0.665,0.934,small,long,pro,small,gly,small,1,0,4,0,alpha,0
207,208,R,C,103.6,-93.6,136.9,112.6,-151.8,11.2,17.8,0.866,0.01,0.124,0.903,cycle,pro,small,gly,small,small,0,0,3,1,alpha,0
208,209,P,C,85.0,-73.2,-8.6,99.9,-18.4,7.4,18.5,0.921,0.054,0.025,0.885,long,small,gly,small,small,small,0,0,3,0,beta,0
209,210,C,C,57.3,-97.3,12.9,105.3,43.5,10.7,17.6,0.9,0.062,0.038,0.887,pro,gly,small,small,small,cycle,1,0,3,0,beta,0
210,211,G,C,14.5,113.4,-175.6,121.5,-109.8,16.5,22.4,0.796,0.048,0.156,0.887,small,small,small,small,cycle,very_small,1,0,3,0,other,0
211,212,C,C,16.0,-102.3,132.7,118.2,-90.7,22.7,23.3,0.607,0.06,0.333,0.899,gly,small,small,cycle,very_small,gly,1,0,2,0,alpha,0
212,213,C,E,13.8,-116.3,137.1,122.1,-166.8,21.6,27.2,0.435,0.071,0.494,0.91,small,small,cycle,very_small,gly,long,0,1,2,0,alpha,0
213,214,S,C,6.7,-112.9,138.9,122.5,-154.8,24.0,26.3,0.467,0.097,0.435,0.898,small,cycle,very_small,gly,long,long,0,1,2,0,alpha,0
214,215,Y,E,19.5,-109.7,128.7,118.7,-153.9,22.4,27.5,0.456,0.081,0.463,0.877,small,very_small,gly,long,long,gly,0,1,2,0,alpha,0
215,216,V,C,7.0,-107.5,122.7,116.2,-166.1,24.5,26.2,0.525,0.059,0.415,0.842,cycle,gly,long,long,gly,normal,0,0,2,0,alpha,0
216,217,G,C,7.3,120.5,-172.5,124.8,-96.2,20.7,25.5,0.616,0.038,0.345,0.797,very_small,long,long,gly,normal,gly,1,0,2,0,other,0
217,218,R,E,59.1,-108.7,135.6,121.5,-75.5,17.6,25.4,0.473,0.024,0.503,0.768,gly,long,gly,normal,gly,pro,1,0,2,0,alpha,0
218,219,R,C,84.7,-98.8,129.4,116.8,-139.0,16.0,21.5,0.56,0.018,0.423,0.737,long,gly,normal,gly,pro,normal,1,0,2,0,alpha,0
219,220,G,C,25.2,125.7,-167.7,123.4,42.2,11.9,19.4,0.836,0.017,0.148,0.711,long,normal,gly,pro,normal,very_small,0,0,2,0,other,0
220,221,N,C,99.1,-91.9,25.5,103.5,-25.4,6.8,20.4,0.928,0.012,0.06,0.699,gly,gly,pro,normal,very_small,small,0,0,2,0,other,0
221,222,G,C,20.4,143.8,-174.9,134.6,39.7,10.7,20.6,0.846,0.013,0.141,0.713,normal,pro,normal,very_small,small,small,0,0,2,1,other,0
222,223,P,C,58.6,-74.5,143.2,114.2,-36.2,13.0,23.6,0.791,0.017,0.192,0.746,gly,normal,very_small,small,small,small,0,1,2,0,alpha,0
223,224,Q,E,14.0,-123.7,142.4,128.7,-169.5,23.4,18.8,0.227,0.009,0.764,0.783,pro,very_small,small,small,small,gly,1,2,2,0,alpha,0
224,225,A,E,27.9,-102.7,129.9,118.2,-143.8,13.6,27.6,0.064,0.002,0.934,0.82,normal,small,small,small,gly,long,1,2,1,0,alpha,0
225,226,I,E,3.7,-118.9,131.9,124.4,-163.5,26.3,20.3,0.044,0.001,0.955,0.833,very_small,small,small,gly,long,normal,2,1,1,0,alpha,0
226,227,S,E,23.3,-110.7,128.6,119.8,-160.0,13.5,28.3,0.103,0.002,0.895,0.835,small,small,gly,long,normal,small,2,0,1,0,alpha,0
227,228,I,C,12.1,-93.7,15.7,105.2,-161.7,23.9,20.4,0.553,0.058,0.389,0.819,small,gly,long,normal,small,normal,2,0,1,0,beta,0
228,229,G,C,19.5,108.4,-169.2,122.6,-151.0,14.1,22.4,0.847,0.057,0.097,0.8,small,long,normal,small,normal,long,2,0,1,0,other,0
229,230,K,C,127.0,-78.4,-0.7,101.6,-37.5,5.9,20.9,0.893,0.086,0.022,0.798,gly,normal,small,normal,long,cycle,1,0,1,0,beta,0
230,231,N,C,80.0,-85.4,10.9,100.5,32.9,8.8,19.2,0.92,0.069,0.011,0.817,long,small,normal,long,cycle,gly,1,0,1,0,beta,0
231,232,C,C,17.7,-92.2,110.7,111.5,115.0,22.2,13.9,0.898,0.087,0.015,0.84,normal,normal,long,cycle,gly,small,0,0,1,0,alpha,0
232,233,D,C,70.3,-88.7,-7.9,103.3,172.8,11.2,23.4,0.564,0.43,0.005,0.844,small,long,cycle,gly,small,very_small,0,0,1,0,beta,0
233,234,K,H,71.5,-89.5,11.8,105.7,68.7,13.4,25.0,0.241,0.757,0.002,0.841,normal,cycle,gly,small,very_small,very_small,0,0,1,0,beta,0
234,235,F,H,15.5,-68.5,-36.9,96.8,71.9,23.9,24.4,0.13,0.868,0.003,0.837,long,gly,small,very_small,very_small,cycle,0,1,1,0,beta,0
235,236,G,H,7.3,-64.9,-41.5,94.8,56.5,22.1,26.1,0.113,0.886,0.001,0.828,cycle,small,very_small,very_small,cycle,normal,0,1,1,0,beta,0
236,237,I,H,17.4,-66.8,-41.2,95.1,53.0,21.8,28.2,0.085,0.906,0.009,0.846,gly,very_small,very_small,cycle,normal,small,0,1,1,0,beta,0
237,238,V,H,2.7,-66.3,-42.7,94.9,51.2,25.9,28.8,0.039,0.956,0.005,0.869,small,very_small,cycle,normal,small,gly,1,0,0,0,beta,0
238,239,V,H,1.9,-65.8,-42.8,94.7,51.5,26.7,29.2,0.024,0.973,0.002,0.886,very_small,cycle,normal,small,gly,cycle,2,1,0,0,beta,0
239,240,H,H,6.6,-65.3,-42.0,93.9,51.9,24.7,29.9,0.037,0.963,0.001,0.879,very_small,normal,small,gly,cycle,very_small,3,1,0,0,beta,0
240,241,E,H,9.2,-65.5,-42.2,93.6,51.0,22.7,30.5,0.057,0.943,0.0,0.852,cycle,small,gly,cycle,very_small,small,2,1,0,0,beta,0
241,242,L,H,0.9,-64.9,-43.9,94.0,50.4,27.5,30.1,0.025,0.975,0.0,0.816,normal,gly,cycle,very_small,small,gly,1,0,0,0,beta,0
242,243,G,H,0.7,-64.6,-43.6,94.0,51.1,27.2,29.6,0.014,0.986,0.0,0.798,small,cycle,very_small,small,gly,cycle,1,0,1,0,beta,0
243,244,H,H,7.5,-66.0,-41.0,94.1,51.3,24.1,30.0,0.023,0.977,0.0,0.798,gly,very_small,small,gly,cycle,cycle,1,0,1,0,beta,0
244,245,V,H,4.4,-69.6,-37.0,94.7,50.3,24.2,29.1,0.061,0.939,0.0,0.797,cycle,small,gly,cycle,cycle,cycle,1,1,1,0,beta,0
245,246,I,C,1.8,-86.2,-19.1,98.0,45.7,26.4,26.8,0.515,0.484,0.001,0.79,very_small,gly,cycle,cycle,cycle,normal,1,1,1,0,beta,0
246,247,G,C,5.2,87.5,6.5,100.6,-102.5,21.1,27.1,0.99,0.006,0.004,0.784,small,cycle,cycle,cycle,normal,cycle,2,1,1,0,other,0
247,248,F,C,2.5,-92.7,140.7,120.5,153.0,27.1,23.6,0.967,0.007,0.026,0.783,gly,cycle,cycle,normal,cycle,small,2,0,1,0,alpha,0
248,249,W,C,27.3,-103.5,143.2,121.5,-145.0,20.7,27.8,0.918,0.023,0.059,0.804,cycle,cycle,normal,cycle,small,long,1,1,1,0,alpha,0
249,250,H,C,20.2,-99.2,133.6,117.7,-125.7,22.2,25.6,0.874,0.081,0.045,0.815,cycle,normal,cycle,small,long,pro,0,1,1,0,alpha,0
250,251,E,H,24.7,-67.5,-29.7,96.2,-130.2,22.6,21.3,0.461,0.523,0.016,0.817,cycle,cycle,small,long,pro,normal,0,1,1,0,beta,0
251,252,H,C,57.7,-75.3,-21.5,94.7,55.1,15.9,21.3,0.513,0.472,0.014,0.798,normal,small,long,pro,normal,long,0,0,2,0,beta,0
252,253,T,C,48.6,-95.7,-4.6,99.3,48.1,12.9,22.5,0.624,0.356,0.02,0.773,cycle,long,pro,normal,long,normal,0,0,2,0,beta,0
253,254,R,C,43.9,-99.6,132.5,119.9,94.4,18.1,16.8,0.975,0.001,0.024,0.751,small,pro,normal,long,normal,normal,0,0,2,1,alpha,0
254,255,P,C,42.6,-71.9,145.2,110.6,-120.9,13.4,19.9,0.99,0.003,0.007,0.721,long,normal,long,normal,normal,cycle,0,1,2,0,alpha,0
255,256,D,C,60.0,-84.4,111.9,108.5,-121.5,10.6,21.0,0.979,0.005,0.016,0.722,pro,long,normal,normal,cycle,very_small,1,1,2,0,alpha,0
256,257,R,C,48.9,-70.7,-20.1,94.8,-151.0,20.8,13.9,0.664,0.323,0.012,0.729,normal,normal,normal,cycle,very_small,small,1,2,2,0,beta,0
257,258,D,C,85.9,-74.9,-15.0,94.3,66.6,8.3,19.3,0.551,0.441,0.008,0.737,long,normal,cycle,very_small,small,small,1,1,2,0,beta,0
258,259,N,H,81.9,-90.8,-5.0,98.7,52.4,7.6,20.9,0.471,0.515,0.014,0.757,normal,cycle,very_small,small,small,small,0,2,2,0,beta,0
259,260,H,H,30.6,-97.9,-4.0,106.0,57.4,18.4,19.6,0.437,0.491,0.072,0.798,normal,very_small,small,small,small,long,0,1,2,0,beta,0
260,261,V,E,5.1,-113.4,132.9,123.6,82.7,25.7,17.0,0.239,0.006,0.755,0.842,cycle,small,small,small,long,normal,0,1,2,0,alpha,0
261,262,T,E,35.1,-101.1,123.2,115.2,-148.6,11.4,28.3,0.112,0.003,0.885,0.869,very_small,small,small,long,normal,normal,1,1,2,0,alpha,0
262,263,I,E,4.4,-108.1,125.8,119.0,-159.8,26.2,19.4,0.131,0.004,0.865,0.874,small,small,long,normal,normal,small,1,1,2,0,alpha,0
263,264,I,E,32.3,-96.7,108.4,110.2,-151.8,14.3,24.6,0.396,0.015,0.589,0.869,small,long,normal,normal,small,normal,2,1,1,0,alpha,0
264,265,R,H,69.8,-67.4,-30.6,95.1,-163.4,17.9,17.9,0.144,0.853,0.003,0.84,small,normal,normal,small,normal,pro,2,1,1,0,beta,0
265,266,E,H,117.6,-70.3,-26.0,93.2,60.3,4.2,22.4,0.19,0.804,0.006,0.823,long,normal,small,normal,pro,gly,2,1,1,0,beta,0
266,267,N,H,33.6,-93.6,-5.6,98.9,50.9,16.2,17.6,0.256,0.737,0.007,0.793,normal,small,normal,pro,gly,normal,1,1,1,0,beta,0
267,268,I,C,5.5,-99.3,132.0,120.1,93.3,26.5,12.4,0.578,0.014,0.408,0.772,normal,normal,pro,gly,normal,normal,0,0,1,0,alpha,0
268,269,Q,C,78.8,-92.8,148.1,121.4,-143.6,7.1,23.6,0.959,0.001,0.04,0.754,small,pro,gly,normal,normal,cycle,1,0,1,1,alpha,0
269,270,P,C,75.3,-63.3,138.1,109.6,-94.2,11.3,17.7,0.97,0.025,0.005,0.731,normal,gly,normal,normal,cycle,normal,1,1,1,0,alpha,0
270,271,G,C,49.1,86.4,-3.2,97.2,22.1,3.0,19.4,0.949,0.046,0.005,0.724,pro,normal,normal,cycle,normal,cycle,2,1,1,0,other,0
271,272,Q,C,54.9,-88.2,120.2,111.7,113.9,15.2,13.6,0.84,0.119,0.041,0.744,gly,normal,cycle,normal,cycle,small,1,1,1,0,alpha,0
272,273,E,C,87.8,-91.6,133.5,113.5,-168.8,9.6,20.2,0.592,0.339,0.069,0.778,normal,cycle,normal,cycle,small,long,1,0,0,0,alpha,0
273,274,Y,C,87.7,-43.7,19.1,101.4,28.7,12.1,19.6,0.59,0.338,0.072,0.806,normal,normal,cycle,small,long,normal,0,0,0,0,other,0
274,275,N,C,24.3,-88.5,-3.3,102.3,127.5,20.8,20.9,0.609,0.305,0.086,0.819,cycle,cycle,small,long,normal,normal,0,0,0,0,beta,0
275,276,F,C,17.8,-89.1,4.0,101.8,56.9,23.1,19.9,0.618,0.21,0.172,0.819,normal,small,long,normal,normal,pro,0,0,1,0,beta,0
276,277,L,C,54.5,-95.0,132.8,117.6,126.5,12.2,23.2,0.733,0.097,0.171,0.808,cycle,long,normal,normal,pro,gly,0,0,1,0,alpha,0
277,278,K,C,71.0,-80.8,131.0,113.4,-122.7,16.8,19.6,0.735,0.033,0.232,0.797,small,normal,normal,pro,gly,normal,1,0,1,0,alpha,0
278,279,M,C,30.2,-93.6,142.5,118.9,-141.8,20.2,15.3,0.904,0.003,0.093,0.78,long,normal,pro,gly,normal,very_small,1,0,1,0,alpha,0
279,280,E,C,109.6,-89.0,141.0,117.7,-115.0,4.9,22.3,0.98,0.0,0.02,0.761,normal,pro,gly,normal,very_small,normal,1,0,1,1,alpha,0
280,281,P,C,78.8,-64.3,134.6,105.7,-98.1,11.5,15.5,0.868,0.127,0.005,0.726,normal,gly,normal,very_small,normal,small,0,0,1,0,alpha,0
281,282,G,C,54.7,67.4,-4.8,97.1,35.6,2.4,17.4,0.842,0.145,0.012,0.716,pro,normal,very_small,normal,small,small,1,0,1,0,other,0
282,283,E,C,87.8,-89.6,-1.3,105.0,79.5,8.9,18.4,0.694,0.196,0.11,0.724,gly,very_small,normal,small,small,gly,1,1,1,0,beta,0
283,284,V,C,21.2,-108.9,134.7,122.1,82.7,21.5,13.9,0.679,0.084,0.237,0.746,normal,normal,small,small,gly,normal,1,1,1,0,alpha,0
284,285,N,C,65.1,-101.9,108.8,112.0,-158.6,10.2,24.0,0.698,0.061,0.241,0.743,very_small,small,small,gly,normal,long,1,1,2,0,alpha,0
285,286,S,C,20.7,-107.2,48.8,111.5,176.9,19.4,18.6,0.669,0.081,0.25,0.724,normal,small,gly,normal,long,cycle,1,0,2,0,other,0
286,287,L,C,37.8,-53.2,7.7,98.8,-88.5,19.7,19.8,0.897,0.041,0.062,0.726,small,gly,normal,long,cycle,normal,1,0,2,0,beta,0
287,288,G,C,39.0,83.9,5.6,98.3,-96.7,9.6,20.2,0.975,0.009,0.015,0.737,small,normal,long,cycle,normal,cycle,1,0,2,0,other,0
288,289,E,C,69.1,-97.2,145.1,122.6,121.0,12.5,17.5,0.881,0.008,0.111,0.755,gly,long,cycle,normal,cycle,normal,1,0,2,0,alpha,0
289,290,R,C,120.7,-78.2,139.7,114.8,-108.3,7.4,23.9,0.819,0.013,0.168,0.775,normal,cycle,normal,cycle,normal,small,1,0,2,0,alpha,0
290,291,Y,C,25.6,-79.8,132.6,113.6,-116.2,23.4,14.9,0.843,0.012,0.145,0.821,long,normal,cycle,normal,small,small,0,0,2,0,alpha,0
291,292,D,C,41.2,-95.8,98.9,108.2,-147.7,11.5,23.0,0.93,0.007,0.064,0.853,cycle,cycle,normal,small,small,normal,0,0,2,0,other,0
292,293,F,C,40.6,-68.8,-26.9,93.7,-164.2,21.5,17.1,0.578,0.41,0.011,0.853,normal,normal,small,small,normal,cycle,0,0,3,0,beta,0
293,294,D,H,78.1,-79.7,-8.7,93.4,62.9,8.3,22.8,0.473,0.518,0.01,0.843,cycle,small,small,normal,cycle,cycle,0,0,3,0,beta,0
294,295,S,H,14.1,-94.6,93.7,111.4,80.6,21.0,23.5,0.371,0.592,0.037,0.823,normal,small,normal,cycle,cycle,very_small,0,1,4,0,other,0
295,296,I,H,4.7,-105.1,128.0,118.2,171.0,25.9,23.9,0.322,0.537,0.142,0.828,small,normal,cycle,cycle,very_small,long,0,1,4,0,alpha,0
296,297,M,H,10.0,-106.8,127.5,118.1,-161.3,23.9,27.5,0.379,0.421,0.2,0.843,small,cycle,cycle,very_small,long,normal,1,1,3,0,alpha,0
297,298,H,C,17.3,-114.0,132.6,122.0,-178.4,22.5,26.7,0.59,0.185,0.224,0.863,normal,cycle,very_small,long,normal,small,1,0,3,0,alpha,0
298,299,Y,C,21.1,-99.0,132.9,117.2,-153.9,23.2,23.4,0.645,0.161,0.194,0.86,cycle,very_small,long,normal,small,cycle,1,0,3,0,alpha,0
299,300,A,C,26.2,-78.0,142.8,113.8,-116.8,16.6,24.2,0.793,0.135,0.072,0.846,cycle,long,normal,small,cycle,small,0,0,3,0,alpha,0
300,301,R,C,98.4,-68.0,-27.5,97.5,-110.5,15.0,20.6,0.743,0.22,0.037,0.832,very_small,normal,small,cycle,small,long,1,0,3,0,beta,0
301,302,N,C,69.7,-87.2,3.7,98.7,51.7,10.9,22.2,0.725,0.233,0.042,0.825,long,small,cycle,small,long,gly,1,0,4,0,beta,0
302,303,T,C,19.8,-81.5,-0.9,106.3,103.7,19.9,20.0,0.64,0.279,0.082,0.81,normal,cycle,small,long,gly,normal,1,1,4,0,beta,0
303,304,F,C,28.0,-87.6,1.8,102.6,43.3,21.8,22.3,0.602,0.28,0.118,0.794,small,small,long,gly,normal,cycle,0,1,4,0,beta,0
304,305,S,C,14.6,-96.6,133.2,117.6,92.9,22.2,18.0,0.655,0.17,0.176,0.786,cycle,long,gly,normal,cycle,small,0,1,4,0,alpha,0
305,306,R,C,91.2,-98.8,113.7,112.2,-155.8,11.8,19.9,0.726,0.137,0.137,0.768,small,gly,normal,cycle,small,normal,0,1,4,0,alpha,0
306,307,G,C,37.0,92.5,-159.9,112.9,5.1,9.0,18.2,0.868,0.094,0.038,0.764,long,normal,cycle,small,normal,small,0,1,4,0,other,0
307,308,M,C,95.6,-77.2,11.5,102.4,-38.9,10.5,17.1,0.87,0.097,0.033,0.789,gly,cycle,small,normal,small,small,0,1,4,0,beta,0
308,309,F,C,120.7,26.4,19.6,98.3,-3.2,7.8,19.1,0.892,0.071,0.037,0.82,normal,small,normal,small,small,small,0,0,4,0,other,0
309,310,L,C,39.9,-99.9,137.9,120.5,127.2,16.9,16.1,0.845,0.028,0.126,0.855,cycle,normal,small,small,small,pro,0,0,4,0,alpha,0
310,311,D,C,58.6,-81.4,125.6,110.8,-122.3,12.2,24.8,0.855,0.021,0.124,0.867,small,small,small,small,pro,small,1,1,4,0,alpha,0
311,312,T,C,14.4,-99.5,134.2,116.1,-153.4,22.9,20.5,0.762,0.031,0.207,0.857,normal,small,small,pro,small,long,1,1,4,0,alpha,0
312,313,I,C,11.7,-101.3,126.0,117.1,-118.8,24.0,21.0,0.541,0.018,0.441,0.843,small,small,pro,small,long,normal,1,1,4,0,alpha,0
313,314,L,C,56.1,-109.7,124.6,118.2,-158.9,12.2,27.5,0.661,0.009,0.33,0.814,small,pro,small,long,normal,normal,1,0,3,1,alpha,0
314,315,P,C,17.1,-73.5,143.5,115.4,-121.8,22.1,16.7,0.87,0.003,0.127,0.788,small,small,long,normal,normal,normal,2,0,3,0,alpha,0
315,316,S,C,43.1,-88.6,139.7,116.2,-129.8,11.5,19.1,0.711,0.017,0.271,0.772,pro,long,normal,normal,normal,gly,3,0,2,0,alpha,0
316,317,R,C,119.0,-97.6,133.3,117.7,-128.7,10.2,16.4,0.673,0.016,0.311,0.753,small,normal,normal,normal,gly,small,2,0,2,0,alpha,0
317,318,D,C,55.0,-89.4,172.8,122.8,-138.3,9.2,13.5,0.901,0.009,0.09,0.749,long,normal,normal,gly,small,long,1,0,2,0,alpha,0
318,319,D,C,126.4,-65.4,-20.3,93.0,-95.9,1.8,13.0,0.957,0.035,0.009,0.745,normal,normal,gly,small,long,pro,0,0,2,0,beta,0
319,320,N,C,113.5,-87.1,-0.0,95.1,50.2,2.2,13.0,0.965,0.029,0.006,0.713,normal,gly,small,long,pro,very_small,0,0,3,0,beta,0
320,321,G,C,43.6,86.5,5.6,98.2,-102.0,6.6,14.3,0.975,0.012,0.013,0.706,normal,small,long,pro,very_small,small,0,0,3,0,other,0
321,322,I,C,66.4,-87.4,138.7,117.6,139.0,9.9,15.3,0.929,0.004,0.068,0.711,gly,long,pro,very_small,small,gly,0,1,3,0,alpha,0
322,323,R,C,110.1,-98.4,129.3,117.0,-137.1,10.2,19.2,0.922,0.003,0.075,0.74,small,pro,very_small,small,gly,normal,1,1,3,1,alpha,0
323,324,P,C,23.8,-71.6,147.8,114.8,-110.6,19.3,17.1,0.922,0.028,0.051,0.767,long,very_small,small,gly,normal,long,1,1,3,0,alpha,0
324,325,A,C,41.5,-79.9,135.9,113.3,-118.5,12.6,25.7,0.733,0.068,0.199,0.769,pro,small,gly,normal,long,small,2,0,3,0,alpha,0
325,326,I,C,10.4,-100.6,129.8,117.6,-144.1,24.6,19.1,0.645,0.079,0.276,0.76,very_small,gly,normal,long,small,long,2,0,3,0,alpha,0
326,327,G,C,10.8,116.4,-173.0,120.4,-41.8,19.7,23.2,0.76,0.054,0.186,0.76,small,normal,long,small,long,small,3,0,2,0,other,0
327,328,Q,C,45.7,-95.4,106.5,111.0,-146.9,15.9,23.3,0.682,0.086,0.232,0.76,gly,long,small,long,small,small,2,1,2,0,alpha,0
328,329,R,C,59.9,-82.9,25.2,106.6,-153.4,16.8,18.7,0.82,0.112,0.068,0.768,normal,small,long,small,small,long,1,1,2,0,other,0
329,330,T,C,66.7,-98.5,-8.1,104.6,48.3,10.2,22.5,0.838,0.092,0.07,0.768,long,long,small,small,long,gly,0,1,2,0,beta,0
330,331,R,C,87.7,-137.8,151.6,134.2,23.7,10.2,24.8,0.803,0.04,0.157,0.754,small,small,small,long,gly,normal,0,0,2,0,alpha,0
331,332,L,C,10.1,-81.0,133.9,114.3,-114.6,24.4,18.8,0.893,0.004,0.102,0.741,long,small,long,gly,normal,small,0,0,2,0,alpha,0
332,333,S,C,17.0,-73.8,153.8,118.1,-110.7,16.0,22.2,0.977,0.006,0.017,0.722,small,long,gly,normal,small,very_small,1,0,2,0,alpha,0
333,334,K,H,108.1,-62.6,-34.6,93.1,-107.7,10.5,19.7,0.079,0.921,0.0,0.723,small,gly,normal,small,very_small,normal,1,1,2,0,beta,0
334,335,G,H,27.9,-65.7,-38.8,92.8,53.6,7.5,23.7,0.049,0.95,0.0,0.723,long,normal,small,very_small,normal,very_small,1,1,2,0,beta,0
335,336,D,H,7.7,-65.7,-42.1,94.0,50.8,23.3,19.4,0.009,0.991,0.0,0.758,gly,small,very_small,normal,very_small,long,0,2,2,0,beta,0
336,337,I,H,12.7,-63.1,-42.6,93.4,52.3,22.8,22.3,0.002,0.998,0.0,0.777,normal,very_small,normal,very_small,long,long,0,1,2,0,beta,0
337,338,A,H,38.0,-64.1,-41.1,92.6,51.6,9.2,26.1,0.001,0.999,0.0,0.782,small,normal,very_small,long,long,small,1,1,2,0,beta,0
338,339,Q,H,35.4,-66.0,-41.1,93.0,49.8,13.8,24.9,0.001,0.999,0.0,0.785,very_small,very_small,long,long,small,cycle,2,1,2,0,beta,0
339,340,A,H,1.1,-64.8,-44.0,94.0,50.9,27.0,21.7,0.001,0.999,0.0,0.808,normal,long,long,small,cycle,long,2,1,2,0,beta,0
340,341,R,H,52.9,-63.9,-40.0,92.8,51.9,17.4,23.2,0.002,0.998,0.0,0.818,very_small,long,small,cycle,long,small,2,1,1,0,beta,0
341,342,K,H,98.6,-67.9,-36.3,92.5,50.8,7.1,24.5,0.011,0.989,0.0,0.821,long,small,cycle,long,small,pro,1,0,2,0,beta,0
342,343,L,H,11.1,-74.1,-32.9,95.5,49.0,21.5,20.0,0.106,0.894,0.0,0.829,long,cycle,long,small,pro,very_small,1,0,2,0,beta,0
343,344,Y,C,17.1,-101.2,5.4,102.6,40.3,22.1,17.0,0.548,0.446,0.006,0.845,small,long,small,pro,very_small,small,1,0,1,0,beta,0
344,345,R,C,140.1,60.4,39.8,95.7,-118.6,5.4,24.0,0.984,0.009,0.007,0.84,cycle,small,pro,very_small,small,gly,1,0,1,0,other,0
345,346,C,C,12.0,-89.2,130.2,116.1,170.1,23.0,10.5,0.996,0.0,0.004,0.833,long,pro,very_small,small,gly,normal,1,1,2,1,alpha,0
346,347,P,C,79.5,-68.5,-25.6,95.0,-149.2,6.9,20.3,0.962,0.036,0.001,0.794,small,very_small,small,gly,normal,small,0,2,3,0,beta,0
347,348,A,C,46.4,-72.1,-32.6,95.0,53.0,10.3,17.0,0.929,0.063,0.008,0.755,pro,small,gly,normal,small,small,1,2,3,0,beta,0
348,349,C,C,40.0,-97.0,-4.6,101.0,38.5,14.7,13.5,0.886,0.092,0.022,0.75,very_small,gly,normal,small,small,normal,2,1,3,0,beta,0
349,350,G,C,41.1,86.7,3.8,105.5,-111.6,5.7,18.4,0.923,0.034,0.043,0.735,small,normal,small,small,normal,normal,2,1,3,0,other,0
350,351,E,C,97.4,-97.0,128.9,114.1,58.4,9.3,16.8,0.864,0.025,0.111,0.736,gly,small,small,normal,normal,small,1,1,4,0,alpha,0
351,352,T,E,67.3,-116.1,141.0,124.5,-162.0,7.6,21.7,0.422,0.03,0.548,0.738,normal,small,normal,normal,small,small,0,1,5,0,alpha,0
352,353,L,E,18.4,-95.9,131.1,117.6,-142.6,22.9,14.0,0.32,0.017,0.663,0.741,small,normal,normal,small,small,gly,0,0,5,0,alpha,0
353,354,Q,E,87.5,-105.0,130.7,118.5,-151.6,7.1,22.9,0.366,0.016,0.618,0.741,small,normal,small,small,gly,normal,1,0,5,0,alpha,0
354,355,E,C,44.6,-96.1,160.4,121.3,-147.9,16.1,13.3,0.776,0.042,0.183,0.728,normal,small,small,gly,normal,small,1,0,5,0,alpha,0
355,356,S,C,86.0,-71.0,-21.2,95.7,-91.3,3.0,17.4,0.796,0.145,0.059,0.689,normal,small,gly,normal,small,small,1,0,5,0,beta,0
356,357,S,C,58.0,-95.9,-4.5,98.6,43.2,6.7,15.2,0.827,0.127,0.045,0.656,small,gly,normal,small,small,small,0,0,5,0,beta,0
357,358,G,C,33.7,86.7,6.1,100.2,-106.4,11.2,15.9,0.918,0.025,0.058,0.625,small,normal,small,small,small,pro,0,0,5,0,other,0
358,359,N,C,81.4,-101.0,140.6,121.1,127.4,6.3,20.7,0.699,0.014,0.287,0.618,gly,small,small,small,pro,gly,0,0,5,0,alpha,0
359,360,L,E,23.2,-112.8,136.7,123.7,-154.8,21.5,15.3,0.241,0.002,0.756,0.623,normal,small,small,pro,gly,cycle,0,0,5,0,alpha,0
360,361,S,E,52.2,-119.3,140.9,125.6,-165.5,7.8,25.2,0.342,0.003,0.656,0.622,small,small,pro,gly,cycle,pro,1,0,6,0,alpha,0
361,362,S,C,16.5,-83.4,136.8,116.1,-120.9,20.6,16.2,0.906,0.001,0.093,0.621,small,pro,gly,cycle,pro,normal,1,0,6,1,alpha,0
362,363,P,C,54.4,-68.9,-11.9,99.2,-118.4,12.4,18.9,0.966,0.02,0.015,0.604,small,gly,cycle,pro,normal,gly,1,0,6,0,beta,0
363,364,G,C,30.9,51.3,-7.4,101.9,13.2,12.1,18.7,0.955,0.021,0.024,0.607,pro,cycle,pro,normal,gly,cycle,1,0,6,0,other,0
364,365,F,C,44.4,-108.6,99.7,112.4,47.3,17.5,14.9,0.929,0.01,0.06,0.616,gly,pro,normal,gly,cycle,pro,1,0,6,1,other,0
365,366,P,C,61.0,-71.4,-16.1,98.0,-165.3,11.9,17.3,0.922,0.054,0.024,0.614,cycle,normal,gly,cycle,pro,small,1,0,6,0,beta,0
366,367,N,C,85.3,-90.9,6.8,99.3,45.1,7.2,16.5,0.947,0.034,0.019,0.618,pro,gly,cycle,pro,small,cycle,1,0,5,0,beta,0
367,368,G,C,43.2,83.1,6.7,102.9,-96.9,6.7,18.5,0.949,0.016,0.035,0.637,normal,cycle,pro,small,cycle,small,1,0,4,0,other,0
368,369,Y,C,48.9,-94.5,138.1,119.0,166.4,18.2,12.5,0.925,0.002,0.073,0.669,gly,pro,small,cycle,small,cycle,1,0,4,1,alpha,0
369,370,P,C,60.2,-71.5,147.8,111.0,-108.3,9.5,18.4,0.969,0.008,0.023,0.695,cycle,small,cycle,small,cycle,small,0,0,5,0,alpha,0
370,371,S,C,62.5,-77.9,104.4,106.7,-112.8,8.4,18.5,0.95,0.032,0.018,0.738,pro,cycle,small,cycle,small,small,1,0,5,0,alpha,0
371,372,Y,C,97.3,-57.3,13.0,99.6,27.5,12.7,17.5,0.89,0.071,0.039,0.766,small,small,cycle,small,small,cycle,1,0,5,0,beta,0
372,373,T,C,54.7,-85.9,-22.9,104.3,104.0,10.8,19.6,0.821,0.062,0.117,0.809,cycle,cycle,small,small,cycle,long,1,0,4,0,beta,0
373,374,H,C,73.4,-111.0,74.3,112.4,43.2,9.9,22.7,0.614,0.049,0.337,0.854,small,small,small,cycle,long,very_small,0,0,4,0,other,0
374,375,C,E,7.8,-115.7,137.7,125.5,174.3,24.4,17.7,0.358,0.003,0.639,0.873,cycle,small,cycle,long,very_small,small,0,0,4,0,alpha,0
375,376,I,E,39.8,-115.1,129.7,121.2,-162.9,11.4,27.4,0.062,0.0,0.938,0.869,small,cycle,long,very_small,small,very_small,0,0,4,0,alpha,0
376,377,W,E,11.6,-113.1,134.1,123.7,-162.9,24.6,20.1,0.012,0.0,0.988,0.866,small,long,very_small,small,very_small,small,1,0,4,0,alpha,0
377,378,R,E,56.1,-107.0,125.3,117.6,-157.0,12.7,27.9,0.003,0.0,0.997,0.844,cycle,very_small,small,very_small,small,pro,1,0,4,0,alpha,0
378,379,V,E,3.9,-114.7,127.9,121.8,-165.8,26.1,19.1,0.006,0.0,0.994,0.813,long,small,very_small,small,pro,gly,1,1,4,0,alpha,0
379,380,S,E,33.7,-118.1,135.4,124.2,-164.8,9.1,28.2,0.025,0.0,0.975,0.778,very_small,very_small,small,pro,gly,normal,1,1,5,0,alpha,0
380,381,V,E,7.8,-124.7,140.8,128.9,-173.4,24.6,16.5,0.451,0.0,0.549,0.742,small,small,pro,gly,normal,long,1,1,5,0,alpha,0
381,382,T,C,50.3,-84.2,153.8,121.7,-130.4,7.1,24.8,0.974,0.0,0.026,0.711,very_small,pro,gly,normal,long,very_small,2,0,4,1,alpha,0
382,383,P,C,71.1,-60.9,138.0,109.8,-84.7,11.9,18.1,0.996,0.001,0.004,0.667,small,gly,normal,long,very_small,very_small,1,1,4,0,alpha,0
383,384,G,C,51.7,87.5,-3.5,93.7,23.9,2.1,20.1,0.996,0.001,0.003,0.631,pro,normal,long,very_small,very_small,normal,2,1,3,0,other,0
384,385,E,C,68.9,-84.0,145.1,120.1,122.3,11.0,15.3,0.937,0.0,0.063,0.627,gly,long,very_small,very_small,normal,small,1,1,3,0,alpha,0
385,386,K,E,95.9,-95.2,129.3,116.3,-133.2,9.4,23.1,0.233,0.001,0.767,0.624,normal,very_small,very_small,normal,small,None,1,0,3,0,alpha,0
386,387,V,E,6.1,-110.1,129.3,120.8,-155.9,25.2,16.1,0.046,0.0,0.954,0.624,long,very_small,normal,small,None,None,0,0,3,0,alpha,0
387,388,V,E,50.4,-119.5,134.3,124.1,-164.6,8.0,26.8,0.033,0.0,0.967,0.593,very_small,normal,small,None,None,None,1,0,3,0,alpha,0
388,389,D,E,18.5,-103.7,130.1,119.3,-152.9,22.0,16.5,0.103,0.0,0.897,0.56,very_small,small,None,None,None,None,2,0,3,0,alpha,0
389,390,T,C,70.0,-130.7,150.5,130.2,-176.4,4.8,21.5,0.62,0.001,0.38,0.526,normal,None,None,None,None,None,2,0,3,0,alpha,0
